author,text,date,likes,polarity,rating,emotion,aspect
ONINA7978,paaaaaakk.. Jepang negara maju... Indonesia negara maju munduur🙄🙄🙄,-,0,Negatif,1,Sarkas,Jepang:KomentarTidakLogis
sunset in the morning,"berapa UMR di Jepang, pak ?",-,0,Negatif,2,Sarkas,Aspek:BedaHarga
me_cha,dongo banget nih dpr lulusan apa si anjjj,-,0,Negatif,2,Sarkas,DPR:Blunder
fauzan zulhan,sdh mulai eror menteri pertanian😅,-,0,Negatif,2,Sarkas,Mentan:Blunder
SEBLAK CIHUY BAWEAN🔥🍜✨,COBAK GAJINYA SAMAIN KAYAK JEPANG ANYING,-,0,Negatif,5,Sarkas,Gaji:Kecil
tuti titi,Menteri Prabowo gk ada yg pinter ..heran,-,0,Negatif,2,Sarkas,Mentan:Blunder
Mr.Feyza Rosad,mentri² makin kesini makin pada error ya,-,0,Negatif,1,Sarkas,Mentri²:Makin Kesalahan
bank is,Cara berfikirnya mulai kacau,-,0,Negatif,1,Marah,Mentan:Blunder
R for Ranger,"tapi di Jepang, kalau Pejabat ngerasa gk becus kerjanya langsung mengundurkan diri",-,0,Negatif,2,Sarkas,Mentan:Blunder
siksa kubur,"Tokyo, Jepang harga beras 100/kg umr 117.800/jam",-,0,Negatif,1,Marah,Beras:Mahal
Arjuna Bojong farm STORE,100rb /kg.. gajinya paling kecil 30jt rata2,-,0,Negatif,1,Marah,Gaji:Kecil
yonatannandaradri,negara maju kok d bandingkan Indonesia😂,-,0,Negatif,2,Sarkas,Aspek:Bandingkan
sinagabonar378,"pakk UMR jepang 20jt, UMR indo 4jt😂",-,0,Negatif,5,Marah,UMR Indo:BedaDenganJepang
Kesatria Kegelapan,Prabowo bisa bisanya pilih Mentri model gini wo,-,0,Negatif,2,Sarkas,Mentan:Blunder
Mrs. Wang😊,dia ngomong sadar nggak sih???😏,-,0,Negatif,2,Sarkas,Mentan:Blunder
FARMER GEN Z🌾🌶,"maksud pak amran itu, pembeli beras kalau ada kenaikan harga sedikit jangan pada koar koar, karena petani juga butuh mkan, apalagi harga obat "" an, dan pupuk yang menunjang pertumbuhan padi itu relatif mahal, kalau beras mahal para buyyer / konsumen harus bisa menoleransi😁",-,0,Positif,4,Senang,Pembeli:BisaMenoleransi
jangkung,Membandingkan dengan Jepang? Gimana klo kita bandingkan gaji jepang dengan indo🤔,-,0,Negatif,2,Sarkas,Membandingkan:Beda
fitriashop001,jepang UMR nya 50 jt pak😌,-,0,Positif,5,Senang,Jepang:BisaDibandingkan
Hamba Allah,🇯🇵=kerja serius gaji serius 🇮🇩=kerja serius gaji bercanda 😅😂🤣,-,0,Negatif,1,Sarkas,Jepang:BedaGaji
𝘚𝘶𝘢𝘮𝘪Nya_𝘒𝘦𝘪𝘴𝘺𝘢🤴,sy ank petani. beras gk usah 100 ribu perkilo. cuku 15 ribu kg itu dah cukup asal pupuk gratis.,-,0,Positif,4,Senang,Beras:Rajin
🌹❤️MENCARIMU🌻🌻🌧️,pak? di rumahku gak da beras karena gak da duit untuk beli🥺.,-,0,Negatif,5,Sedih,Beras:Mahal
Erik Febrian,𝗚𝘄 𝘆𝗮𝗻𝗴 𝗵𝗮𝗯𝗶𝘀 𝗪𝗗 𝟮𝟯𝗷𝘂𝘁𝗮 𝗯𝗶𝗹𝗲𝗸𝗸😎🙈😍,-,0,Negatif,5,Marah,Mentan:Blunder
Novita sari,Emngg anjj smuaa ko pemerintah skrg😂,-,0,Negatif,2,Sarkas,Pemerintah:Blunder
ZZZZZZZ,petani harus di sejarahtera kan kalo petani gak di sejarahtera kan pada malas untuk bertani dan dampak nya pertahanan pangan kita akan melemah. mentan amran orang baik sehat selalu pak 👑,-,0,Positif,5,Senang,Petani:Sejahtera
nietha_58,"gaji 3jt, beras 1 sak 350rb 😂,",-,0,Negatif,2,Sarkas,Gaji:BedaDenganHargaBeras
dima azhari,dijepang lapangan krj mmbeludak,-,0,Negatif,2,Sarkas,Jepang:BelumPaham
Mama Jasmine🤍🌸✨,Minimal gajinya sama kek Jepang,-,0,Negatif,2,Sarkas,Gaji:BedaDenganJepang
munawaroh syed,pak jepang ekonomi nya bagus rakyat nya sejahtera lahhh Indonesia apa kabar pak ini bapak lagi ngelindur kah,-,0,Negatif,1,Marah,Mentan:Ngelindur
BOSS AMSTRONG,buat aja 100 rb per kg pak mentri,-,0,Negatif,2,Marah,Mentan:Blunder
arefkal,"Jepang gaji nya gede anj, malah di banding"" kan sama Jepang, kejauhan",-,0,Negatif,1,Sarkas,Jepang:Kecil
user43527080585241,mentri pak prabowo kacau semua,-,0,Negatif,1,Sarkas,Mentri:Kacau
Reina Vidia,logika macam apa ini..orang2 kayak gini di kasih jabatan makin ancur negara ini..eh udah ding 🥺🤔,-,0,Negatif,5,Sarkas,Mentan:Blunder
TIGA SATU MUSIC,"iya jepang masyarakatnya makmur, pemerintahnya ga ada yg korup, beda sama kita pak",-,0,Negatif,2,Sarkas,Jepang:Berbeda
Wak Ade,Ini mau meyusahkan rakyat kecil,-,0,Negatif,1,Marah,Mentan:Mahal
IRA💙👓🧡,Bandingin harga beras Indonesia sama Jepang🙄 Bandingin UMR nya juga donk🤨,-,0,Negatif,1,Sarkas,Bandingin:Beda
🌴🌺🌺🍉,gajih UMR indo 3juta/bulan.jepang 30juta/bulan.,-,0,Negatif,5,Marah,UMR Indo:Mahal
pejakadesa,jepang mau tukeran dpr ga?kalau mau ambil aja bapak itu kita yang bayar gpp,-,0,Negatif,1,Marah,Mentan:Blunder
Roziq Official,di samakan sama jepang 😅,-,0,Negatif,2,Sarkas,Jepang:Beda
Aeyza,"Pendapatan jepang juga menyejahterakan rakyat bosssss, lah indonesia pendapatan kdg sehari 20rb",-,0,Negatif,1,Marah,Pendapatan:Kecil
ShindyTika,gimana gimana ? indo disamakn dg jepang helloowww ???,-,0,Negatif,2,Sarkas,Mentan:Blunder
💞i am Li Li (李黎)🍒,"makin eror ih amit"" malah ngebandingin sma jepang ya beda jauh atuh",-,0,Negatif,1,Marah,Mentan:Blunder
D,dongok banget😏,-,0,Negatif,2,Sarkas,Beras:Mahal
単純な人🇮🇩🇯🇵,tapi gaji disini 1JUTA/HARI😅😅😅,-,0,Positif,5,Senang,Gaji:Kecil
slametnuraini,kami sebagai petani setuju dengan sampean pak.....karna slma ini kami petani di pandang rendah sama para pejabat,-,0,Negatif,5,Marah,Mentan:Blunder
claudy_4’,Perntaan macam apa itu,-,0,Negatif,1,Marah,Mentan:Blunder
don't worry 👑,Disno biar kata beras 1kg 100rb kan disana mana ada gaji sebulan 3jt doang maennya puluhan JT gajinya lahh coba di Konoha ada yg di bawah 2jt aja harus serba bisa waduhhh ngeri kali 🤪😁😁🔥,-,0,Negatif,1,Marah,Beras:Mahal
risalsalama92,pendapatan perkapita indonesia dgn jepang jauh bedah kaya langit dan bumi.,-,0,Negatif,1,Sarkas,Pendapatan perkapita Indonesia:Kecil
KSR GENK,kok di banding kan Jepang. apa g mikir gaji Indonesia sama Jepang itu gmana,-,0,Negatif,2,Sarkas,Gaji:Kecil
yeriii,beras Jepang vs bulog,-,0,Negatif,1,Marah,Beras:Mahal
Budhie,"jgn perbandingan dg jepang pak ,",-,0,Negatif,2,Sarkas,Perbandingan:Beda
wa_one Fashoin,Jepang gajih perbulan brpa coy,-,0,Negatif,2,Sarkas,Jepang:Gajih
capricorn🍂,KOK BISA YAA DIA BANDINGKAN HARGA SAMA DIJEPANG 😭 COBA BUAT UMR INDONESIA KAYAK JEPANG PAK TERUS HARGA INDONESIA,-,0,Negatif,2,Marah,Beras:Mahal
kukcuu,Langsung dipatahkan argumennya sama bu titiek😭,-,0,Negatif,2,Sarkas,Argumen:Mengkhawatirkan
Jenny Li,Jepang gaji paling kecil 20 juta sebulan Amran 🤷‍♀️Mentri Gemoy blunder semua 🤦‍♀️,-,0,Negatif,5,Sarkas,"Gaji:Kecil,Mentan:Blunder"
️,"Pecatt dia, sekelas pejabat pemikiran nya begini, di forum lagi",-,0,Negatif,1,Sarkas,Pemikiran:Mentan:Blunder
durian frozen fresh,Jepang UMR nya brapa pak,-,0,Negatif,5,Sarkas,Jepang:Curious
user3861095888657,lama2 semua menteri pak probowo omonganya seenaknya,-,0,Negatif,2,Sarkas,Mentan:Omonganya
Dilaa_,Ini INDO ANJIRR BUKANN JEPANGG,-,0,Negatif,2,Sarkas,Jepang:Beda
MMS,Jepang gajih buruh nya besar jangan di banding bandingkan sama indonesia pak kalo buat para pejabat 300 ribu per 1 kg nya mampu peli,-,0,Negatif,2,Sarkas,Jepang:BedaDenganIndonesia
Ponyoo™,"jepang negara maju incom perkapitanya juga sangat jomplang dengan indo,ni mentri gak riset dlu klo ngomong? 100rbu sekilo itu beras premium++",-,0,Negatif,2,Sarkas,Mentan:Blunder
rasmi na,"ada benernya juga sih ,di indo beras masih ada yang 10k per kilo , dibanding jepang 100k 10× lebih mahal , umr jepang 20 jt di indo 4 jt , cuma beda 5× lipat , jadi sama aja pengeluarannya di jepang lebih besar dari indo , kalau ngeliat kurs mah emang ga ada habisnya😂😂 , misal umr di indo naik otomatis semua harga bakal naik juga nanti ,susah sdm indo klo mikir maunya umr kaya jepang tapi harga barang sama kaya di indo 😂",-,0,Positif,4,Senang,UMR Indonesia:Kecil; Harga Beras:Mahal
ZhahiraKhumairah,"pak,klo gaji di indo setara sama jepang perbulan nya! saya rasa rakyat juga no complain klo beras juga 1kg 100rebu",-,0,Positif,5,Senang,Gaji:Sama
alyaa,"kepala keluarga gajinya 3jtan yang ditanggung anak, istri , diri sndiri, skiranya makan 2 kali sehari abis juga 1kg beras. 1kg =100.000 x 30 hari = 3jt juga gaji satu bulan abis utk beras doang kah pak?",-,0,Negatif,1,Marah,Beras:Mahal
cuicilan,"Mentri nya Pak Prabowo ngomong nya, Asal keluar aja, Gimana ini pak 🤣🤣🤣",-,0,Negatif,5,Sarkas,Mentan:Blunder
aji saputra,"Umr jepang emang ada yang 2,3 per bulan",-,0,Negatif,2,Sarkas,UMR:Kecil
🌷🐋,dari presentasi harga per kilo di banding umr rata2 aja lebih tinggi harga di Indonesia kocak,-,0,Negatif,2,Sarkas,Presentasi:HargaMahal
BA Lt.Pro,gajibjepang 20jt pak,-,0,Negatif,2,Sarkas,Gaji:Beda
dny_azzura,mkst nya bpk ini klo beras naik ekonomi petani bisa tambh dan para pemuda penggangguran bisa beralih jd petani,-,0,Positif,4,Senang,Beras:BisaTambah
mei27 🇯🇵🇮🇩,"Bapak menteri umr Jepang 26 juta kita Indonesia umr 2,6 juta 100:1 kok ada lucunya bapak ini loh😭😭🤣😂😂",-,0,Negatif,1,Marah,Mentan:Blunder
BangMeq🌞,100rb sekilo mata uang mereka brp....osnon,-,0,Negatif,2,Sarkas,Jepang:BedaDenganIndonesia
Francisw,JEPANG 120.000 RIBU / JAM woooyyy…… indo hitungannya bulanan cuma min 3jt klo di hitung kerja perjam cuma 3.800 RUPIAH. Ini aja ada yg gaji 1.5 jt….. KOCAK KOCAR DPR. DAHLAAAAAHHHH CAPEK GW SAMA DPR. Suruh sekolah SD lagi kali yah… apa sekolah atittute dulu gih,-,0,Negatif,5,Marah,DPR:Kocak
HF 25,bukannya salah satu syarat menjadi mentri itu harus berakal ya ??,-,0,Negatif,5,Sarkas,Mentan:Blunder
👑👑 👑 Yen GK,beda beras jepang sama beras Bulog coba bandingkan dgn Vietnam,-,0,Negatif,2,Sarkas,Beras:Beda
LEMON tea,"eeee pak pak , gini aja dah , naekin UMK , UMP , UMR kita sampai 50 jt perbulan , terus kalian mau naekin 100.000 beras 1kg , kita ladenin .",-,0,Negatif,5,Marah,Beras:Mahal
Bunga Melati,Sekarang ini mentri pertanian dah eror,-,0,Negatif,1,Marah,Mentan:Blunder
Arrun61928♍,Jepang beras 1kg 100k tpi gajinya juga lebih gede di Jepang njir,-,0,Negatif,2,Sarkas,Gaji:Besar
.,dijepang lowongan kerja banyak diindo ?,-,0,Negatif,2,Sarkas,Jepang:Beda
Dias Bundanya Azka,Jepang jgn dibandingkan dengan indonesia,-,0,Negatif,5,Marah,Jepang:BedaDenganIndonesia
AndikaaOnlyy,"HEEH, JANGAN MENTANG² LU MENTERI, GAJI GEDE, UANG BANYAK. SEENAKNYA NAIKIN HARGA BERAS. DILUARAN SANA MASIH BANYAK ORANG SUSAH, GIMANA? 🙏",-,0,Positif,5,Senang,Gaji:Banyak
puty,Bandingin sm jepang kocak,-,0,Negatif,2,Sarkas,Bandingin sm jepang:Kocak
Qy 💤,jepang gajinya berapa bapakkkkk,-,0,Negatif,2,Sarkas,Gaji:Kecil
AmandaNdaa,gpp sih sebener nya klo di bandingin sma jepang...cmn ya naikin jg umr indo samain dgn umr jepang...enak bnr congornya di banding2in sma negara maju😭,-,0,Negatif,2,Sarkas,Beras:Mahal
natsélra,"halah beras di oplos aja minta mahal cuih, bener sih untuk kesejahteraan petani, tpi kan pupuk bnyk di oplos, jadi minta buat ap 100k/kg",-,0,Negatif,2,Sarkas,Beras:Mahal
Hahahhahah297273,"kok bisa menteri ngomong gni, coba banyak in ilmu pengetahuan international nya, pdhl sering ada anggaran ke luar negri itu bljr apa..",-,0,Negatif,1,Sarkas,Mentan:Blunder
SoraXneo,Harga 📈 Umr 📉,-,0,Negatif,1,Marah,Mentan:Blunder
حياة الفطرة,tpi di jepang gajih mereka dan umr mereka gede lah Indonesia. 🗿🤣🤣🤣,-,0,Negatif,5,Sarkas,UMR Indonesia:Kecil
santri_rapuh,jepang gaji gede suasu,-,0,Negatif,2,Sarkas,Gaji:Kecil
YULIA CITRA,jepang kok di sama kan indonesia,-,0,Negatif,2,Marah,Jepang:Beda
R,"UMR di JEPANG berapa pak, dan kebijakan"" di jepang untuk rakyatnya itu dilihat juga pak menteri yg terhormat, jangan pandang naik nya mulu 😑",-,0,Negatif,2,Sarkas,Mentan:Blunder
Fitria ᡣ𐭩,"emang dpr tunjangan beras aja katanya 12jt🥺 walaupun beli 10 kilo masih sisa banyak, ya jelas ringan ga sih🥺",-,0,Negatif,2,Sarkas,Beras:Mahal
minoz,pak gaji di jepang besar pak lah kan di indo gaji ajh kebanyakan di potong pajak😭,-,0,Negatif,2,Sarkas,Gaji:Kecil
Abdulloh,gaji Indonesia disamakan kaya di Jepang ajh gpp😂,-,0,Negatif,2,Sarkas,Gaji:Kecil
wong banter ID,UMR jepang berapa boyyy jauh sama UMR Indonesia,-,0,Negatif,2,Marah,UMR:JepangTidakUMRIndonesia
Wdtaa✨,"Jepang UMR 20jt, disini UMR 2jt😏",-,0,Negatif,2,Sarkas,UMR:Beda
rendiuplex,ratoto gaji indo piro gaji jepang piro😂,-,0,Negatif,2,Sarkas,Gaji:Kecil
~🫧🌊💧~,yaelah ngapain Indonesia dan Jepang di samain,-,0,Negatif,1,Marah,Mentan:Blunder
razka,"paaaakkkk makanya klw beras pengen 100 rb perkilo,, gaji buruh juga naekin yang sesuai,,, jangan segala2 naek,,, tapi gaji buruh ngk naek2 , gmn ngk makin kismin,,,,, lucuuuuuuu🤣🤣🤣🤣🤣",-,0,Positif,5,Senang,Beras:Mahal
HAM★,"income percapita jepang 602.899.034,21 Rupiah income percapita Indonesia 78.620.000 Rupiah bedah jauh anying😑",-,0,Negatif,5,Marah,UMR Indonesia:BedaDenganJepang
naraaaa,"paaakkkk,jangan di samakan dgn jepang SDM jauh,pendapatan dan gaji apalg,jepang negara maju KLO indo negara dilarang maju",-,0,Negatif,1,Marah,"SDM:jauh,Beras:Mahal,Gaji:Kecil,Jepang:Maju,Indo:Dilarang"
🦋✨,"negara' jepang beras 100rb/kg, gaji juga ga kaya di Indonesia pakk maaf. kalo mau perbandingan harga, bapak juga bandingan gaji masyarakat Indonesia dan Jepang 😅",-,0,Positif,5,Senang,Beras:Murah
Reyzeen,HERAN OTQK NYA DIMANA,-,0,Negatif,5,Marah,Mentan:Blunder
jakabima12,suruh aja dia ke jepang,-,0,Negatif,2,Sarkas,Mentan:Blunder
90,Umr ny samain ky jepang jg pak,-,0,Negatif,1,Marah,Mentan:Blunder
beritautama.co.id,Indonesia dibandingkan dgn Jepang? Bapak2 itu siapa sih? Kayaknya pinter,-,0,Negatif,2,Sarkas,Bapak2:Mentan
Saliriesa Manoban,bpak jepang UMR nya besar indo UMR nya cuma ckup buat seblak 😑,-,0,Negatif,1,Marah,UMR:Beda
Rennz,Beras di jepang 100k dengan umr 20/30jt.lah indo sukur” gk nganggur aja udah bersyukur,-,0,Negatif,2,Sarkas,Beras:Mengeluh
Bhree,indonesia di bandingkan sama jepang 😂😂😂 kita menang lawan jepang itu cuman dalam sisi negatif pak,-,0,Negatif,2,Sarkas,Mentan:Blunder
💕💋💋,"UMR jepang gede pak , UMR Indonesia cuma sepucuk jari nya .. astagfirullah bapakkk ,, 😭😭😭",-,0,Negatif,5,Sedih,UMR Indonesia:BedaDenganJepang
Eca🐒,Wajrlah gaji sehari d jpang tu sejuta bo*ooh,-,0,Negatif,2,Sarkas,Gaji:Kecil
gadhira,apa gaji di Indonesia sama di Jepang sama pak? 😂,-,0,Negatif,2,Sarkas,Gaji:Kecil
ANGGA ORIN NAZA💎,gara gara gorong2,-,0,Negatif,2,Marah,Beras:Mahal
griyaashoope,lo sama in jepang sm Indonesia beda jauh pak...,-,0,Negatif,2,Marah,Beras:Mahal
Hannn❄️,"sudah kubilang memperkaya diri sndiri , pemikiran nya buat sndiri",-,0,Negatif,5,Sarkas,Pemikiran:Mengganggu
Dheaaa,Pak jangan dibandingkan sama jepang. Bandingkan tuh gajinya diindonesia sama dijepanh kalau mau disamain samain gajinya,-,0,Negatif,2,Sarkas,Bandingkan:MentanBlunder
diongarage,"Pendapatan perkapita uda beda, kesadaran diri pejabat nya jg ga ada,",-,0,Negatif,1,Sarkas,Pendapatan perkapita:Kecil
Tian Jojon,kebanyakan menikmati pajak jadi ngga tau pendapatan warganya,-,0,Negatif,2,Sarkas,Pajak:Mahal
Anietaku🦋,Makin sengsaralah kami rakyat kelas kebawah😭,-,0,Negatif,2,Sedih,Beras:Mahal
Baiq Ratnasari,Indonesia di bandingkan ma jepang 🤣🤣🤣 lawak negara ni 😜😜,-,0,Positif,5,Senang,Lawak Negara Ni:Bahagia
papagg88 retro,"Waduuh kok membandingkan dng jepang lah jauh beda la saya pernah dijepang waktu itu gaji buruh tani 10 rb yen per hari sementara harga beras 300 yen jadi intinya pendapatan buruh terendah dibuat mampu beli bahan pokok lah ini membandingkan nilai uang yg berbeda, sekelas Mentri kok begini😁😁😁",-,0,Positif,5,Senang,Jepang:Realita
Mas Ren,aduh udh mulai merembet ke menteri pertanian 😭🙏,-,0,Negatif,2,Marah,Mentan:Blunder
fenre berusaha tersenyum,jepang gajinya buruh 30 juta perbulan lha kita cuma 4 juta perbulan kok gak kamu sebut pak Amran? 🤣🤣🤣 pejabat nya wowo gak ada yg cerdas,-,0,Negatif,1,Marah,Mentan:Blunder
Naaaa,PAK SAMAIN ATUH UMR DIINDONESIA SAMA DIJEPANG SOKK GAJIHNYA SAMAIN,-,0,Negatif,5,Marah,UMR:BedaDenganJepang
haee.nad,ciahhh dibandingkan sama jepang 😭😭😂,-,0,Negatif,2,Sarkas,Jepang:Beda
mood cewe38,entah gimana cara brfikirnya😭,-,0,Negatif,2,Sarkas,Beras:Mahal
MISTER ALBI22,Gaji di Indonesia yg besar cuman anggota DPR dan uang beras mereka di tanggung negara alias uang rakyat.sedangkan rakyat dapat apa,-,0,Negatif,5,Marah,"Gaji:Besar,Mentan:Blunder"
Pangeran Wortel🧑‍🍳🥕,"Jepang pendapatan UMR nya 1000yen paling rendah atau 100rban perjam klo dikali 8 jam x 20 hari kerja = 16- 20jt an, beras di jpng 227rb/kg jadi perbandingannya 0.014. Di Indonesia rata rata 4jt/bln bersrti 70rb/5kg : 4jt = 0.017, rasio masih rendah jpg.",-,0,Negatif,2,Sarkas,Beras:Mahal
Haura Tangerang11,gpp 100rb/kg asal UMR nya 30jt/bulan,-,0,Negatif,2,Sarkas,UMR:Beda
aquarius _85,kenapa sih menteri pak prabowo pd gitu semua 😭😭😭,-,0,Negatif,2,Sarkas,Mentan:Blunder
hellowyak,JANGAN SAMAIN KEK JEPANG PAK COBA UMR SAMAIN DULU SAMA JEPANG! ALLAHUAKBAR😭,-,0,Negatif,1,Marah,Mentan:Blunder
Elisha_Nabiha,Susah aku mau berkata kata lagi 🥴😩,-,0,Negatif,1,Sarkas,Mentan:Blunder
cynthia,kok bisa orang dongo jd DPR,-,0,Negatif,5,Sarkas,Mentan:Blunder
Amelia🦋,"Coba keluar negeri pak, liat kehidupan di luar negeri itu gimana . Baru bisa disamakan dengan negara Indonesia",-,0,Positif,5,Senang,Aspek:Netral
Siti Abie,bisa bisanya dia jadi menteri,-,0,Negatif,2,Sarkas,Mentan:Blunder
Yang Mulia,"ya klo di jepang sesuai dengan pendapatan atau umr di sana tinggi,,mentri nya titipan semua ni anjj,gk ada yg bner",-,0,Negatif,1,Marah,Mentan:Blunder
sm,"jepang gaji 50 JT, indo gaji 1,5 belum kena pajak🗿",-,0,Negatif,2,Marah,Gaji:Kecil
Fitri Zuliyani,"is kalo aku disitu ku bilang "" Mending bapak pulang aja pak "" 😐",-,0,Negatif,5,Sarkas,Mentan:Blunder
crushginkzzzz,anjir di bandingkannya sama jepang🤣🤣🤣🤣🤣🤣,-,0,Negatif,5,Sarkas,Bandings:Beda
rafaaqilaaaa,soalnya di jepang ga ada DPR njir,-,0,Negatif,5,Sarkas,Jepang:NotTheSame
Fake,"Jepang harga nya mahal karena gaji nya mahal, ternyata yang tinggi jabatan bukan kepintaran",-,0,Negatif,2,Sarkas,Jepang:BedaGaji
BR Tani,"kalau petani aja kalah. negara pasti kalah. lihat lah perekonomian d bawah. petani murah, perekonomian segala bidang pasti sepi. coba survey jadi sales. pasti paham",-,0,Negatif,5,Sarkas,Pemerintahan:Blunder
elenaa10,pas ke gini Indonesia di banding sama jepang.,-,0,Negatif,1,Marah,Mentan:Blunder
zaynra,Ya mikirr pak pingin banget bandingin ama jepang,-,0,Negatif,2,Sarkas,Banding:Kritis
ガーニ • ヌール・イクラム,buset indonesia majapahit di bandingkan negara maju,-,0,Negatif,1,Marah,Mentan:Blunder
Jo,samakan UMR nya sama jepang pak. baru kami gk protes 😂😂,-,0,Negatif,2,Marah,UMR:Beda
Mira99,Ya iyaalaah gaji situ 100jt…umr jateng 2jtan pak boss,-,0,Negatif,1,Marah,Gaji:Kecil
☆Dny☆,jepang: “emang kita selevelll”,-,0,Negatif,5,Sarkas,Jepang:EmangKitaSelevel
puki,"ya kalok gaji kami di samakan sama gaji DPR yang sehari 3 juta , ya mau naik berapa pun mau 1 kilo 100k kami ga bakal bringsik pak. makin hari kok lama lama Indonesia ini makin bobrok aja pemerintahannya, sekolahanya aja yang tinggi tapi otaknya dangkal",-,0,Negatif,1,Marah,Pemerintahan:Bebas
Yohanes,Sudahlah masalah beras naik jangan di masalahkan. semakin mahal harga beras semakin bagus kuwalitas nya.,-,0,Positif,5,Senang,Beras:Bagus
WAN +60138361342,harga naik bukan di Indonesia sajah di negara maju pun naik juga di mlasiya Thun 2022 2023 hrga beras 10 kg 24rm sekarang 2025 harga beras 10kg 50rm jdi bukan di Indonesia sjh yg naik,-,0,Negatif,1,Marah,Harga:BerasMahal
titikduabintang,gajinya aja beda tolol,-,0,Negatif,2,Sarkas,Gajinya:Kecil
OntangAnting,pak dijepang rata rata UMR 20 jta/bln kalo indonesia UMR rata rata 19 jta/ bln jangankan harga beras 100rb/kg. 150rb/kg rakyat indonesia bakalan bayar. yg jadi pertanyaanku kenapa bapak tinggl diindonesia kenapa gk milih tinggal diindonesia..? kenapa malah pilih jadi anggota aparatur negara indonesia kenapa gk milih jadi anggota aparatur negara jepang saja..?,-,0,Negatif,5,Marah,Mentan:Blunder
Kim yn,stresss,-,0,Negatif,2,Stresss,Beras:Mahal
Piaacuu🍌,"rakyat bayar pajak untuk kalian,tapi mau naikin harga beras,sdangkan msih bnyk rakyt yg blm bisa beli beras krna harus bayar pajak biar kalian ada uang!",-,0,Negatif,2,Marah,Harga:Beras:Mahal
sesil,jepang 100rb/kg tapi gajinya tinggi pak🙂 masa mau dibandingin sama indo yg umr tertingginya aja masih blm 2 digit,-,0,Negatif,2,Marah,Jepang:BedaUMR
Flo Saragihh,ngomong yang penting ❎ yang penting ngomong✅,-,0,Negatif,1,Marah,Mentan:Blunder
Ali,itu kan kalo pake rupiah kocak emang lu beli beras di jepang pake uang rupiah 🗿😹,-,0,Positif,5,Senang,Jepang:Logik
🍭,ya tolong pak samakan gajinya fasilitas dll spt jepang jangan cm liatnya dr harga berasnya aja kaleeeer🙄,-,0,Negatif,2,Sarkas,Gaji:Kecil
milaadkhoerul,"Bu Titiek : ""OON !""",-,0,Negatif,2,Sarkas,Mentan:Blunder
D V Anggara,"beda bapaaaaakkk,. jepang indo itu pendapatan juga beda bapaaaakkk",-,0,Negatif,1,Marah,Jepang:BedaPendapatan
Maulana Azka,singkat padat ibuk ngomonh langsung betul buk😂,-,0,Negatif,5,Sarkas,Mentan:Blunder
🕸M joko🕸,cuma gitu doang minta gaji umr sehari,-,0,Negatif,2,Sarkas,Gaji:Kecil
🌙,"BRO PIKIR RUPIAH SAMA YEN SAMA, TRUS PIKIR GAJI NYA SAMAAAA JAUHHHH",-,0,Negatif,1,Sarkas,Mentan:Blunder
clarisadmy,"heh anjjjj, kalo mau gitu samain UMR nya sama JEPANG!!!!",-,0,Negatif,2,Sarkas,UMR:Beda
Ziezielie,Jepang pajak besar tapi fasilitas Ok pak hadeh,-,0,Positif,4,Senang,Jepang:FasilitasOk
QueenAleenaWicaksono,kebanyakan titipan pakdeh...rusak semua lini 😭,-,0,Negatif,2,Sarkas,Titipan:Pakdeh
azkaalwi1207,gajih nya samain dulu sm di jepang pa. yg katanya terhormat,-,0,Negatif,1,Sarkas,Mentan:Blunder
nurulazizah,naikin umr duluuuuu pakkk,-,0,Negatif,2,Marah,UMR:Besar
aris.tambunan,Menteri nya tidak kompeten kah? kenapa dia membandingkan dengan salah satu negara Maju yg pendapatan gaji perbulan org Jepang itu 20x kali lipat dari gaji perbulan org Indonesia yg cuma 2 - 5 juta per bulan.,-,0,Negatif,1,Marah,Mentan:Blunder
bro,ini apa ya pemerintah sekarang pajak ga menyesuaikan hasil pendapatan rakyat,-,0,Negatif,1,Marah,Pajak:Blunder
🌻,gajine padakne jepang yo pak yo,-,0,Negatif,2,Sarkas,Mentan:Blunder
rini,gaji di jepang lulusan sma aja 20 juta,-,0,Negatif,2,Sarkas,Gaji:Besar
Yescream,100rb/kg. yg ada nanti bakalan beralih ke singkong dan umbi2an.,-,0,Negatif,2,Sarkas,Beras:Mahal
neecha an neesha,Rumangsaku kog dewan2 yg terhormat ora ono seng bener ngene🤣🤣🤣,-,0,Positif,5,Senang,Dewan2:Bener
Mamah Nabhan,lah gaji dijepng aj jauh pak... di Indonesia jajanan pasar dijual 10 rebu aj dimaki😫😫😫,-,0,Negatif,2,Marah,Gaji:Kecil
@the must,laaaa yang ini baru mentrii jos... DPR yaa yang bluk dari petanii magetan,-,0,Negatif,1,Sarkas,Mentan:Blunder
Wisnu E. Islan,"lah mereka ngomong bgitu karna tunjangan beras mereka 12jt, itu pun dari pajak rakyat yg bayarin mereka. Seenaknya ngomong tanpa survey ke rakyatnya",-,0,Negatif,1,Marah,Mentan:Blunder
butuh kulup,pak.kenapa bisa naik saya tanya.,-,0,Negatif,1,Marah,Mentan:Blunder
Nursaman Ti,kamu mikir gak UMR kita brpa Bos mau di samain dgn Jepang. kocak Loh,-,0,Negatif,2,Sarkas,UMR:Malah
insole_,Dengan kesadaran penuh enteng bgt dia ngomong begitu,-,0,Negatif,2,Sarkas,Mentan:Blunder
pedagang singkong kusus kripik,rakyat indonesia gaji 3jt kok mau beras 100ribu .gimana pejabat indonesia ini bikin kebijakan selalu mencekik rakyat,-,0,Negatif,2,Marah,Mentan:Blunder
𝒀𝒂𝒏𝒕𝒐_𝟥𝟤𝟪,gini aamaaat punya menteri aduhhhhhh,-,0,Negatif,2,Marah,Mentan:Blunder
budiii,"mikir gaji indo 1.2 jt harga mau disamain sama Jepang, gaji 30 jt.",-,0,Negatif,1,Marah,Gaji:Kecil
o,maju terus p mentri demi petani indonesia,-,0,Positif,5,Senang,P Mentri:Dukung
GoesdeSuryaningrat,Mentri kok begini semua,-,0,Negatif,2,Sarkas,Mentan:Blunder
𝗠Ꮍʌꃅ𝗠Äᗫ ✨,tapi jepang lebih damai 😂😂😂😂,-,0,Positif,5,Senang,Jepang:Diam
aksarajiwa,iya pak sushi g d buat pakek beras Bulog pak inget juga itu,-,0,Positif,5,Senang,Beras:BisaDibeli
zahiii,y gaji umr mereka gede pak pak,-,0,Negatif,2,Sarkas,Gaji:Kecil
Kumis Tipis 🅱️ T T H,Biasakan melihat jangan langsung membandingkan🔥🔥,-,0,Negatif,2,Sarkas,Beras:Mahal
Novena Tan,"PAK YG GAJI NYA TINGGI KAN DPR, KAMI RAKYAT KECIL KADANG SEHARI NEMU MAKAN, SEHARI LAGI GAK NEMU MAKAN, TOLONG JANGAN DISAMAKAN. WAJAR BANYAK YG MENJERIT KETIKA HARGA BERAS NAIK PAKKKK!!!!",-,0,Negatif,1,Marah,Harga:BerasMahal
Ⓒⓗⓘⓞ,planga plongo bubarin aja negara ini,-,0,Negatif,2,Sarkas,Mentan:Blunder
winniethepoohhh,"masa dibandingkan dengan jepang negara maju, kita aja masuk negara termiskin",-,0,Negatif,5,Marah,Mentan:Blunder
Zian Will,negara maju mau di samain Ama negara yang berkembangnya mundur 😭,-,0,Negatif,5,Marah,Mentan:Blunder
່upiii,negara kyk gini mau di bandingin ama negara yang maju,-,0,Negatif,5,Marah,Mentan:Blunder
Gyozamilk,UMR 5jt harus disandingkan jepang? buset🗿,-,0,Negatif,1,Marah,UMR:Mahal
Sena_`,gayamu reng,-,0,Negatif,2,Sarkas,Beras:Mahal
awa𐙚,"disamain sm jepang, yg jalanannya bagus, warganya sejahtera wkowko",-,0,Negatif,2,Marah,Mentan:Blunder
the chan🇹🇼,JEPANGGGGGG GAJIII UMR NYA GK MAIN MAIN JGA PAKKK,-,0,Negatif,5,Sarkas,Jepang:Blunder
Ahmad Syahrul794,malah di samain sama negara maju😂😂,-,0,Negatif,2,Sarkas,Aspek:Beras:Mahal
arhieshan❣️,coba bapaknya tau rasanya gak punya gaji ..biar tau rasanya gak punya uang dan harus makan 😄,-,0,Negatif,2,Sarkas,Gaji:Kecil
Rizki Aldian,Dia serius gak si ngmng gitu?😭 Emg gak mikir pendapatan di indo itu berapa😭😭,-,0,Negatif,1,Sedih,Pendapatan:Kecil
Bundanya Zirra,"Disamain sama jepang 😭 jepang aja cari kerja gak pake syarat kaya disini harus syarat umur max 25 tahun, harus tinggi cantik, dan harus menguasai ilmu santet kebal 😭😂🤣",-,0,Negatif,1,Sarkas,Jepang:KomentarTidakLogis
zizya💫,kacauuuuuuuuuu😭,-,0,Negatif,1,Sarkas,Mentan:Blunder
Agus Plat BE,kalo ekonomi nya setara sama lo baru gx ribut😵😵,-,0,Positif,5,Senang,Eonomi:Bisa
𐙚,matikan aja semua mic mereka itu suruh diam,-,0,Negatif,1,Marah,Mentan:Blunder
gabuts,yaelah kocak🤣di bandingkan sama jepang..kalo kita bandingkan gaji kita sama jepang gmna tanggapannya pak?,-,0,Negatif,5,Sarkas,Mentan:Blunder
ocaaa🌷,di samakan sama negara majuu😭,-,0,Negatif,2,Sarkas,Aspek:Beras:Mahal
Jul,bandingkan kinerja bpk dgn org2 Jepang gmn pak?,-,0,Negatif,2,Sarkas,Bpk:Blunder
SARIBU (Sarapan10ribu),"jepanggg pakkk, gaji UMR nya pun ga sama sama jepangg 🥺 harus di samain dulu gaji nya baru deh nyamain harga beras nya",-,0,Negatif,1,Marah,Gaji:Beda
Amang Mardi,karena UMR jepang tinggi jadi sebanding...sedangkan di indo UMR 3 jt dan masih banyak pendapatan upah di bawah 3 jt,-,0,Negatif,2,Marah,UMR:Beda
f,gajinya beda anj,-,0,Negatif,2,Sarkas,Gaji:Bedah
TUMBEN,"apa kita kerumah bapak ini aja ya, minta beliin beras?",-,0,Negatif,2,Marah,Mentan:Blunder
finkan,"aq heran,para mnteri pak jokowi,kok dongo2 ya..😳😳😳",-,0,Negatif,1,Marah,Mentan:Blunder
chelsea,YA UMR NYA AJA BRP ANJJJ,-,0,Negatif,1,Marah,UMR:Beda
EvanoMahardika,coba liat UMR jepang brpa lol😏,-,0,Negatif,2,Sarkas,UMR:Kecil
rvldysy.,KALO MAU MURAH NANAM GE SENDIRI,-,0,Negatif,2,Sarkas,Mentan:Blunder
dharaa,yeuh si gobIok,-,0,Negatif,2,Sarkas,Beras:Mahal
Linda Marlina,jepang gaji nya besar bapak... beda dgn indonesia...,-,0,Negatif,2,Sarkas,Gaji:Besar
zii,"cetek bgt pemikirannya, se mata kaki aja ngga nyampe itu",-,0,Negatif,1,Sarkas,Pemikirannya:Mentan
arek lanang,,-,0,Negatif,2,Marah,Harga:Beras:Mahal
kyy tik tok,dia setan bukan manusia,-,0,Negatif,1,Marah,Mentan:Blunder
🅿🅰🅽🅰🅳🅾🅻🅻💕94,ganti ganti..skip aja mentri ky gini nyusahin kita yang gpunya sawah tiap hari beli beras ke pasar,-,0,Negatif,2,Marah,Mentan:Blunder
💫💥 Arsiss 💥💫,jangan di bandingkan dengan jepang pk di jepang gaji nya juga besar kalo di sini gaji nya besar juga ga apa 100 ribu per kilo,-,0,Positif,5,Senang,Aspek:Sentimen
Inayah,umr sesuaikan jepang pak biar harg 200rb pun kita mampu beli,-,0,Negatif,5,Sarkas,UMR Indonesia:Malah
mamake R,sampean Ki mikir ora pak...pendapatane rakyatmu kr jepang Ki ibarat bumi dan langitt owalahhhh....piyee too ki mentrii.slh plg kyknya,-,0,Negatif,5,Sarkas,Mentan:Blunder
has,Lebih pintar yg mengatakan tdk bs dibandingkan inkam perkapita di Jepang dgn Indonesia Bapak.,-,0,Negatif,2,Sarkas,Mentan:Blunder
️,"kalau ngomong ituu yaaa pakkk, minimall mengerti dulu deh apa yang di omongin, baru data",-,0,Negatif,5,Sarkas,Mentan:Minimall Mengerti
LOL.,kok dibandingkan dengan jepang yang 4 musim kan lawak?,-,0,Negatif,2,Sarkas,Jepang:Lawak
CIIHHUYYY,pasti masuknya jalur sogok🤣🤣,-,0,Negatif,2,Sarkas,Mentan:Sogok
Rendi Cacing,nyamain negara maju dengan indo🗿,-,0,Negatif,5,Sarkas,Mentan:Blunder
sutar ex,mentri sekarang banyak yg nglantur omongan ny,-,0,Negatif,1,Sarkas,Mentan:BanyakOngonNy
Putra jR_15,coba klw cari perbandingan itu yg ideal pak. gaji di jepang perbulan stara DPR..😁😁,-,0,Positif,5,Senang,Gaji:Kecil
LA🦋🦋,ya umr Jepang brapa anj🗿,-,0,Negatif,5,Sarkas,UMR Jepang:Kegiatan
Wahidin,"intinya gini semua pejabat jngn ada yg korupsi, teros para pejabat"" semua gajiNya di samain sma kuli bangunan pasti semua rakyat sejahtera indonesia",-,0,Negatif,1,Marah,Mentan:Blunder
pipvwxyzzz,Umr nya harus setara jepang juga pak,-,0,Negatif,2,Marah,UMR:Malah
ipeh property syariah,Gaji di jepang brapa pak …..? Bertanya dengan nada letih lemah lesu,-,0,Negatif,2,Sarkas,Gaji:Beda
😊,umr jepang brp pakkkkk?,-,0,Negatif,1,Sarkas,UMR Jepang:Kaget
H3171,"mungkin kl rakyat dpt jatah uang beras 12 jt sebulan, kita tdk akan ribut🤣🤣🤣",-,0,Positif,5,Senang,Jatah:Beras
THE🅾️,Dengan PD nya membandingkan sama jepang.. mikir gak sih,-,0,Negatif,2,Sarkas,PD:Mikir Gak Sih
Dillces,Emang pejabat di jepang selevel sama pejabat kek klean?🤨,-,0,Negatif,1,Sarkas,Pejabat:Blunder
lindaalergaa,"ke jauh' an pak ,, jepang di samain Indonesia 😅 orang jepang makan nasi dikit pak😅",-,0,Positif,5,Senang,Jepang:Keren
Suparman Suparman,cocok jadi Mentri jepang pindah aja pak,-,0,Negatif,2,Sarkas,Mentan:Blunder
Royjen,"yappingnya bertele², ujng²nya. ""betul bu""🤦",-,0,Negatif,2,Sarkas,Mentan:Bertele²
muntholib,"orang KLO mau ngomong di pikir dulu luar negri sama indonesia lain dari segi keuangan SDH jauh berbeda para menteri di luar negri rakyatnya terjamin di indonesia gaji swasta berapa, di jepang gaji berapa??",-,0,Negatif,2,Sarkas,Gaji:Kecil
Neng Zoya,bandingin nya sama zimbabwe pak,-,0,Positif,5,Senang,Banding:Logis
FΛƬΉIЯ DЯ89,jepang hukuman para koruptor apasih,-,0,Negatif,2,Sarkas,Jepang:Komentar
Afika09 Shop,UMR e ae bedo su 🤣😂,-,0,Positif,5,Senang,UMR:Bedo
KEGIATAN Silat Kemb@R,pak boleh kan kami menangisi omongan nya pak😭😭😭😭😭😭😭😭😭😭😭😭😭,-,0,Negatif,1,Marah,Mentan:Blunder
erfandi,pertahankan ketua..petani ingin sejahtera....,-,0,Negatif,2,Marah,Mentan:Blunder
maxxyblack,otaknya mulai eror anjay,-,0,Negatif,2,Sarkas,Mentan:Blunder
pomadenyadiks,Ini kok pinter amat ya 🙂,-,0,Negatif,2,Sarkas,Beras:Mahal
sinchan,"kuli neng indonesia sebulan 3 jt, sedangkan kuli neng jepang sebulan 25 jt,,,",-,0,Negatif,1,Marah,UMR Indonesia:BedaDenganJepang
Penjelajah Pedalaman,woi bedakanlh ekonomi di Jepang dengan Indo🤣🤣..ko begni sih😭,-,0,Negatif,5,Sarkas,Economie:JepangTidakAppleToApple
Ariawan,jepang beras 100 ribu perkilo umr berapa pakkkk di jepang,-,0,Negatif,1,Marah,Mentan:Blunder
Azis,"jangan di samain sama jepang, ekonomi di jepang sudah maju dan stabil",-,0,Positif,4,Senang,Aspek:Jepang:Stabil
Z,Jangan disamakan kehidupan sama penghasilan org indonesia sama org jepang wooiii…😳,-,0,Negatif,2,Marah,Beras:Mahal
kacink wonk723,di jepang rakyat'y makmur di sini yg makmur cuma anggota DPR,-,0,Negatif,1,Sarkas,Jepang:BedaDenganIndonesia
buket money,jepang gaji tinggi .. indonesia gaji kecil,-,0,Negatif,2,Marah,Gaji:Kecil
Bang Z,"oh gaji mereka dibandingkan bandingkan dengan Jepang, sementara gaji rakyatnya engga🗿",-,0,Negatif,2,Sarkas,Gaji:Beda
Jemmy,"giliran harga barang, pajak ,dibandingin. ayolah bandingin kinerja pejabat jepang sama pejabat kita🙏",-,0,Positif,5,Senang,Pajak:DapatDibandingin
Ranger,gaji disana brp wahai orang kaya,-,0,Negatif,5,Sarkas,Gaji:Kecil
DII,pejabat kocak,-,0,Negatif,1,Marah,Mentan:Blunder
🐰,bapak ini hanyak ingin petani padinya tidak susah dan makmur seperti jepang... boleh beras murah diindo... tapi pupuknya modalnya tolong diimbangi dengan nasib petani...apalagi petani padi diindo ini banyak yh hidup susah gara2 pupuk mahal harga beras murah...kalau mau petani padi indo juga bisa makmur minimal pupuk harganya turunkan,-,0,Negatif,2,Sarkas,Pupuk:Beban
fifi sang2219,"Mau ikutan Jepang, cara kerjamu gk ikutan,",-,0,Negatif,2,Sarkas,Mentan:Blunder
MOLO SI 🫡👷🏾‍♂️,Beras naik gaji umr di naikin bukan gaji dpr pak kocak 😂😂,-,0,Negatif,2,Sarkas,Beras:Mahal
Dhiela🌸,Umr jepang berapa ..umr indonesia piro pakkkk..sekolah tinggi2 ga isonitung2an ckckkxkx,-,0,Negatif,1,Marah,UMR Indonesia:Mahal
Dhiela🌸,Samean iki sekolah opo ora to pak,-,0,Negatif,2,Sarkas,Mentan:Blunder
Nibras_,malah bandingin ama negara yang udah jauh di atas indo😂😂,-,0,Negatif,2,Sarkas,Banding:Mahal
ZaoJatunBabiAnjingg,ada yang tau apa kepanjangan D3 versi kocak?,-,0,Negatif,1,Sarkas,Beras:Mahal
aulia_°☆♡,gak salah nih negaraa nyungsep dibandingin sama negara maju,-,0,Negatif,2,Sarkas,Mentan:Blunder
𝗞𝗢𝗡𝗧𝗥𝗔 𝗡𝗔𝗥𝗔𝗦𝗜,"BEDA KAN NEGARA MAJU, SAMA NEGARA TIDAK ADA KEMAJUAN😃",-,0,Negatif,5,Marah,Beras:Mahal
pik,jgn samakan jepang umr brpa kocak,-,0,Negatif,2,Sarkas,Jepang:Beda
Toping Seblak,hallo pak jepang umr nya tinggi. wajar kalo harga disana tinggi 😂,-,0,Positif,5,Senang,Aspek:Beras:Mahal
Ajahra Rian,"pak klo d indo gaji bulanan rakyatnya di atas 15jt sih bpk blh ngomong kek gitu kocak😂😂😂 kalau khusus buat anggota DPR gpp harganya segitu, coz buat beli beras per bulan kan 12jt😂😂😂",-,0,Negatif,1,Sarkas,Gaji:Kecil
_nab.ila2807,"Pak jgn samain negara kita sama jepang disana mah kita kerja gajinya gede,negara maju,apa"" bnyk yang instan lh disini jelaslah bnyk yg menggerutu orng disini rakyatnya pada susah yg sejahtera pemerintahnya",-,0,Negatif,1,Marah,Pemerintah:Blunder
srie,heiiii bapak tau ga rakyat u tuh ya bukan pekerja pns dan pnya gaji bulanan... yg mulung sama buruh harian surh beli beras 100 rbu sekilo pendapatan harian 100 y pa....,-,0,Negatif,1,Marah,Beras:Mahal
bob,"kok modelan gini bisa jdi mentri si, gabisa mikir apa bandingin sama Jepang, negara korup gini dibandingin sama singapur aja kalah",-,0,Negatif,1,Sarkas,Mentan:Blunder
boboho_oo,woy pakk.. kalau gaji saya 50 juta sebulan.. jangan kan 100 RB 1 juta sekilo aJa saya beli pak menteli😁,-,0,Positif,5,Senang,Gaji:Banyak
Sibungsu,Anggota dpt otaknya pada dimana ya????????😭,-,0,Negatif,1,Sarkas,Mentan:Blunder
Erwin Tamba,Jepang Rp 100.000 per kg jangan di samakan pak di Jepang pendapatan berapa,-,0,Negatif,2,Sarkas,Jepang:BedaGaji
MamArash,gaji dijepang juga gada yg 3jt,-,0,Negatif,2,Sarkas,Gaji:Kecil
D E A A,belajar ekonomi ngga sii💔,-,0,Negatif,2,Sarkas,Belajar Ekonomi:Kritik
mamawulan,semakin kesini semakin kita tau ternyata yang duduk di kursi bagus itu kebanyakan asbun ya🤭,-,0,Negatif,5,Sarkas,Mentan:Blunder
Usul Tengen,kalau mau samain cari negara lain seperti prindavan gtu,-,0,Negatif,2,Sarkas,Aspek:BedaHarga
Khusus produk Viral,di Jepang penganguran di kasih gaji pak di kita penganguran di tagih pajak 😂,-,0,Negatif,1,Marah,Mentan:Blunder
dewidarawati1207,PAK BISA DIAM!!!,-,0,Negatif,2,Marah,Mentan:Blunder
sayangmu🦋,jepang warganya banyak tunjangan kalau indonesia pejabatnya yang banyak tunjangan😁😁 kok ada ya pejabat ngmong GK dipikir dulu,-,0,Negatif,2,Sarkas,Gaji:Kecil
AnIdiotSandwich,menteri dark sistem punya,-,0,Negatif,2,Sarkas,Mentan:Dark Sistem
lina,"umr 20jt lu samain sama umr yg 2,2jt?",-,0,Negatif,2,Sarkas,UMR:Beda
iraaaa,"jepang 100 ribu per kg, beras nya terjamin,lah indo beras ada yang oploss,gaji nya ga seberapa",-,0,Negatif,1,Marah,Beras:Mahal
Wanz_.,"harga beras di negara maju di bandikan dng harga beras di Indonesia, dari perbedaan gajih masyarakat di jepang dengan Indonesia aja beda jauh 😹😹",-,0,Negatif,5,Sarkas,Beras:Mahal
aprilevaaa,ini bapa siapa sih ?,-,0,Negatif,2,Sarkas,Bapa:Siapa
ikiiww,gajinya samain a*njj minta naik gaji aja keberatan gb*log,-,0,Negatif,1,Sarkas,Gaji:Kecil
Hiu Laut,"Mata uangnya beda GoBlokk!!, guwonlok toLol",-,0,Negatif,1,Sarkas,Mata Uang:Beda
shooya,ga ngotak disamain sama jepang😭 on ol,-,0,Negatif,2,Sarkas,Jepang:Beda
ARD,buat aj rkyt Indonesia gaji ya sama kyk jepang.,-,0,Negatif,2,Sarkas,Gaji:BedaDenganJepang
Kafein,jepang umrnya brp,-,0,Negatif,1,Marah,Jepang:BedaUMR
rizki,ngepil ketok e cah iki😤,-,0,Negatif,1,Sarkas,Mentan:Blunder
orang aring,ya beda penghasilan kocak. terus nih ye Jepang nikmatin pasilitas yang memadai....,-,0,Negatif,2,Sarkas,Jepang:BerbedaPenghasilan
satya🫧,lebih enak dijepang tmbg diido njir,-,0,Negatif,2,Sarkas,Mentan:Blunder
padilll,ini mentri apasi?d0ng0 banget,-,0,Negatif,5,Sarkas,Mentri:Blunder
v,"UMR aja beda pak🙂, gimana bisa anda sama² kan dgn jepang",-,0,Positif,5,Senang,UMR:Beda
🦋,"Jepang UMR nya 25-30jt, indo 1-3jt, stupid bgt",-,0,Negatif,1,Marah,UMR:Beda
Lintang🍃,"Tapi Jepang masyarakat nya sejahtera,gaji umrnya menyesuaikan indo gaji UMR 2jt kalo beras 100/kg gimana? Lu gaji 100jt enak",-,0,Positif,5,Senang,Gaji:Kecil
vira🧚🏻‍♀️,ya lo mikir ajaaaaaaaa!!!!!,-,0,Negatif,2,Sarkas,Beras:Mahal
zzzz,"kenapa sibuk banget buat naikin harga beras di indo?, kenapa ga di potong aja gaji para dpr yg 100jt per-bulan itu?",-,0,Negatif,1,Marah,Harga:BerasMahal
puspowati_imaningtyas,nggak ush naikkan harga beras pak kalau mau mensejahterakan petani.. kalau pupuk subsidi aja msh jd polemik harga gabah dibawah pasaran 😌 yg harusnya d kurangi tuh tunjangan beras DPR yg nggak masuk akal 🥺,-,0,Negatif,2,Marah,Harga:BerasMahal
abcdefghijklmnopqRiilll,bandingannya Jepang🤣 jepang tuh udh 2050🤣,-,0,Positif,5,Senang,Bandingan:Witty
abstrak,"sumpah liat nya kok greget ya😭😭smpe hp ku, ku maki²😭",-,0,Negatif,1,Sarkas,Mentan:Blunder
𝙆𝙚𝙨𝙨𝙚𝙥_𝙚𝙨𝙨𝙞𝙣𝙖𝙢 ✨,"wkwkkk,lawak",-,0,Negatif,2,Sarkas,Beras:Mahal
Agstnaa_,ya beras aja masi di oplos kocak ko masi dibedain sama di jepang,-,0,Negatif,2,Sarkas,Beras:Mahal
Malanyasiputih,"Pak Amran negara Jepang memanusiakan warga nya , lah negara konoha malah memeras warga nya pake nama pajak 😭",-,0,Negatif,1,Marah,Mentan:Blunder
ratuayufh,salah satu menteri yg bener² memikirkan nasib kesejahteraan petaninya bukan mementingkan kepentingan pribadi..🥰 hanya naik sedikit ya gaess bukan banyak...berbagi rezeki itu indah untuk masyarakat tidak mampu nnt bisa ada jalur subsidi dari pemerintah,-,0,Positif,5,Senang,Aspek:Mentan:Dukung
Yenita Widya,Umr nya tolonggg samain dengan jepang ya pakkk☺️🥰,-,0,Negatif,2,Marah,Mentan:Inkonsisten
Dhanz Gaming,Pantes negara ini gitu2 aja isinya org tolol semua,-,0,Negatif,2,Sarkas,Mentan:Blunder
ahmad aris,yang jadikan dia Mentri siapa sih,-,0,Negatif,2,Sarkas,Mentan:Blunder
zoooo,ni DPR bukanya ngewakilin rakyat malah nyusahin rakyat,-,0,Negatif,1,Marah,DPR:Blunder
zammm,dongo dipelihara😹,-,0,Negatif,2,Sarkas,Mentan:Blunder
tarr,make ini orang,-,0,Negatif,2,Marah,Beras:Mahal
🧸,go blog banget dia mikirnya gaji kita sama kayak yang kerja di jepang kali ya,-,0,Negatif,5,Sarkas,Gaji:Kecil
wafasabilanurfala2,cobain lu jadi rakyat,-,0,Negatif,2,Marah,Mentan:Blunder
a,,-,0,Negatif,2,Marah,Harga:Beras:Mahal
user3171025431760,lihat sikon di indonesia sma jepang pak,-,0,Negatif,2,Sarkas,Aspek:Jepang:Beda
𝐈𝐤𝐡𝐚𝐚𝐚,jangan samain kaya dijepang dijepang nyejahterain rakyat dikonoha nyengsarain rakyat TAU TIDAKKKK AARRGGGGGGGGHHHHHHH,-,0,Negatif,1,Marah,Mentan:Blunder
Blacan Gemoy,silet. gaji jepang piro kene piro kocak😅,-,0,Positif,5,Senang,Gaji:Kocak
🧷🌧️,inalillahi,-,0,Negatif,2,Marah,Beras:Mahal
s,YO BAYARAN E WONG JEPANG PIRO,-,0,Negatif,5,Sarkas,Beras:Mahal
Egmlr28,"otak dpr pada dongo ya,coba samainn berpendapatanya di indo sma di jepang kan beda pak udh kaya langit dan bumi😳",-,0,Negatif,5,Sarkas,Aspek:Sentimen
YB,lol,-,0,Negatif,2,Sarkas,Beras:Mahal
Manda _Boy,DPR PEKOK,-,0,Negatif,1,Marah,Mentan:Blunder
abcdfghijkl✨,knp angota DPR skrng kbnyakan tdk punya pikiran pikiranya hanya uang cicilan dan foya2,-,0,Negatif,1,Sarkas,DPR:Blunder
nob,jepang gajih nya besar dan lapangan kerja nya ga sulit ga perlu menguasi 5 elemen dunia😂,-,0,Negatif,5,Sarkas,Jepang:Gajih
yhosiyhosandi,Umr Jepang sama umr indo beda jauh lah pak. Edd,-,0,Negatif,2,Marah,Mentan:BedaJauh
hannn,ya jangan di liat dari beras doang lah.yang lain juga liat pak,-,0,Positif,5,Senang,Aspek:Netral
It's bemelia,"beras naek beras naek, dia gatau bnyk wrga indo gaji dibawah umr bhkn dibawah 2jt aja ada ribut naek” kmrn aja beras dioplos gmn sihh",-,0,Negatif,1,Marah,Beras:Mahal
່-,ngbrol jeng keresek w pak ah lier ☹️,-,0,Negatif,1,Sarkas,Mentan:Blunder
teh ettaa thea,si bapak pikirannya tertinggal d jepang bagian mana yeuhhhh 🤣💃💃,-,0,Negatif,2,Sarkas,Mentan:Blunder
Azka Salsa,jngan samakan sama jepang BPK yg terhormat,-,0,Negatif,1,Marah,Mentan:Blunder
toko sumber lumintu,gaji sehari 100 buat beli beras Aja terus saku anak ikut siapa? dewan DPR?,-,0,Negatif,1,Marah,Gaji:Kecil
Rudiansyah,UMR jepang berapa pak🤣🤣🤣,-,0,Positif,5,Senang,UMR Jepang:Wahyu
mayatabuti,beras jepang harga naik kualitas naik juga beda kita beras naik tapi oplosan 😂,-,0,Negatif,2,Sarkas,Beras:Mengeluh
Dean Lubis,"AI juga ini? atau gimana. apalah? masakan menteri gak tahu potensi negara nya sendiri? Nanti naik lagi bantuan beras DPR, mau berapa lagi nanti diatas 12 juta? Beban kali pun kalian",-,0,Negatif,1,Marah,Mentan:Blunder
Yanie♑,"astaga pak umr aja masih 3,5 Jt , 😌😌 pakek hidup seminggu pun gak cukup",-,0,Negatif,5,Marah,UMR:Besar
Fajar Ajis,"giliran hal kayak gini aja bandingin sama jepang. kenapa gak sekalian bandingin moral pejabatnya, saat mereka salah, mereka siap mundur dari jabatannya.",-,0,Negatif,2,Sarkas,Mentan:Blunder
Aditya65,Jangan dibandingin dgn jepang negara maju..pak e 200rb per kg...jepang gak masalah... lucu bapak ini,-,0,Negatif,5,Sarkas,Beras:Mahal
Zafanuci,gajinya?,-,0,Negatif,2,Sarkas,Gajinya:Kecil
mickey gemini,aneh😂😂,-,0,Negatif,2,Sarkas,Beras:Mahal
Thea 76,gajiny mrk berapa paaakkkk biadab bngtttt gilaaaa swkilo 60 rb byaadaabbb,-,0,Negatif,1,Sarkas,Gaji:Beda
Callmengengeu🍒,Geleng tamiya ya ngeng 🏎️,-,0,Negatif,2,Sarkas,Beras:Mahal
jaya still GTAW,"masak dibandingkan dgn jepang aneh,,,😁",-,0,Negatif,2,Sarkas,Bandingkan:Duh
Hanya sopir (D3Lt4 8.8),"jepang rakyat nya di sejahterakan di perhatikan,",-,0,Negatif,2,Sarkas,Jepang:TidakAppleToApple
Mom_urv,pejabat bodohh,-,0,Negatif,1,Sarkas,Pejabat:Bodohh
cempoko,leeee jepang negara maju ...rakyatnya kbnyakan makmurr leeee,-,0,Negatif,5,Sarkas,Jepang:Kecil
amiami,"jgn compare ke jepang la, umr nya aja jauh beda peak. klo mau bandingin pinomat sama thailand itu pun varietas padi nya beda jg gk bisa jg di compare sama beras indo",-,0,Negatif,2,Sarkas,Jepang:Beda
Yang Maha Enjoy,cuh,-,0,Negatif,1,Sarkas,Beras:Mahal
musik 90an,gaji aj d sini 5jt pak sana dah 15-20jt,-,0,Negatif,2,Sarkas,Gaji:Kecil
storyz,sekarang jepang korup aja di hukum kok indo kaga,-,0,Negatif,1,Marah,Jepang:Korup
Reny Aren,"Pak Jepang negara maju, gaji UMR nya puluhan juta , lahhh kita 3 juta apa 5 juta buat hidup 1 bulan 🤭🤭 bapak mah aahhh ngabodorrr",-,0,Negatif,1,Marah,Gaji:Kecil
meowgantengm,"Boleh aja sih mau nyamain beras 1 kg 100, kecuali UMR di indo 50 jg😂",-,0,Positif,5,Senang,Beras:Murah
elektronik ruget,bandingkan sama negara penduduk yg banyak jangan jepang.,-,0,Negatif,2,Sarkas,Jepang:Beda
❤️selalu bahagia❤️,bandingin SM Jepang 😂 SDM nya aj jauh 😭,-,0,Negatif,2,Sarkas,SM Jepang:Beda
阿爾多·塞蒂亞萬,petani juga pengen kaya,-,0,Negatif,2,Sarkas,Beras:Mahal
Roman,srimulyani juga pernah membandingkan jepang sama indonesia masalah hutang jepang sangub bayar hutang biar mereka hutang,-,0,Negatif,2,Sarkas,Jepang:Beda
Masterwidan✅,"bandingkan hukum dengan jepang bagi yang korupsi di apain kalau di jepang.., 😂😂",-,0,Positif,5,Senang,Jepang:Keren
Skyspy_121,"Klu sudah banyak ngomong, kerjaan pasti gk benar..",-,0,Negatif,2,Sarkas,Klu:Mentan:Blunder
Bankzai,jepang pendapatan perkapita nya tinggi ..malahan yg TDK kerja dpt tun jangan,-,0,Negatif,2,Sarkas,Jepang:Kecil
nztea,lol,-,0,Negatif,2,Sarkas,Beras:Mahal
Mas_R,"Menteri tol..ok... di bandingkan sama NEGARA lain.... Kalau uang Indonesia gak di korupsi, Indonesia per kepala minimal 10juta tanpa kerja....",-,0,Negatif,1,Marah,Mentan:Blunder
Love_Acha Kitchen,ko bisa dia di jadikan pejabat😂,-,0,Negatif,2,Sarkas,Mentan:Blunder
delima,jangan bandingkan dgn luar pikirin aja dalam negeri kita,-,0,Negatif,2,Marah,Beras:Mahal
gondrong,Kalo membandingkan tu jangan jepang donk ! perbandengkan dengan Timor Leste 🤦🤕,-,0,Positif,5,Senang,Aspek:Netral
luluk1910,umr e ae bedo pak....,-,0,Negatif,2,Marah,Beras:Mahal
tens 1173,KWT tolong di bubarkan ga bermanfaat.. aslinya,-,0,Negatif,2,Sarkas,KWT:Beda
Abdul Zayyan Zahir,Copot ae mentan pekkok,-,0,Negatif,5,Sarkas,Mentan:Blunder
memei,chochotee 😭,-,0,Negatif,2,Sarkas,Beras:Mahal
washoes.surabaya,Pak gpp beras 100rb. Tapi bapak berani gak harakiri kalo gak becus jadi mentri?,-,0,Negatif,5,Sarkas,Mentan:Blunder
裡奧瓦爾多,"ini pasti Yang masuk ipk 2,5 di kampus nya",-,0,Negatif,5,Sarkas,Mentan:Blunder
Nabila Rizki Amalia 06,Iyah sok pak gajih di Indonesia sama dengan jepang😂😂,-,0,Negatif,2,Sarkas,Pak Gajih:Beda
Paragrafs,jepang upahnya sudah 20jutaan,-,0,Negatif,2,Sarkas,Gaji:Berkurang
Awariant's,kasian para petani harga beras murah bgt mana GK laku,-,0,Negatif,2,Sarkas,Beras:Mahal
RaziffRaimy,aku ingat di malaysia ja ada menteri bodoh mcm ni..,-,0,Negatif,1,Sarkas,Mentan:Bodoh
SAKIT Y TUH DI SINIH,haduhhhhhh🤭🤭🤭,-,0,Negatif,1,Sarkas,Mentan:Blunder
Mr.Nobu,Klo umr sm gamasalah,-,0,Negatif,1,Marah,Mentan:Blunder
Aprianto Ariel,pak mentri pertanian yg terhomat.andaikan bapak sdh buka kembali hotelnya di makassar spy bisa kerja kembali disitu..🙏saya 7 tahun kerja disitu sampai covid..,-,0,Positif,5,Senang,Pak Mentri Pertanian:Terhomat
Dede Hendrawan,sudah gila dibandingkan dengan Jepang jauh pak pak.,-,0,Negatif,2,Sarkas,Jepang:Blunder
anak kodok,pak menteri ini sepertinya ga pernah terjun langsung ke masyarakat liat pendapatan atau penghasilan mereka. masa ky gini jadi menteri,-,0,Negatif,2,Sarkas,Mentan:Blunder
HARTO tambah MO,Serendah itukah wawasan bapak 🗿,-,0,Negatif,1,Sarkas,Wawasan:Miskin
EKL.🖤💙,sya dukung bpknya,-,0,Positif,5,Senang,Bpknya:Dukung
Zfnklf💤,koei reti ra umr jogja piro😂😂😂😂😂😂😂 kok arep kok padake ro jepang,-,0,Negatif,1,Sarkas,Beras:Mahal
IG:fahminnst,ngeselin bet anj mukanya,-,0,Negatif,2,Sarkas,Beras:Mahal
anin251,pak menteri uda mnm obat blm... bicara nya uda mulai ngaco soalnya,-,0,Negatif,1,Sarkas,Mentan:Ngaco
cacing cawu,setuju income perkapita nya berapa boosss,-,0,Negatif,2,Sarkas,Income:Besar
Muhammad yunus183,semoga harga beras kembali normal,-,0,Positif,5,Senang,Harga Beras:Kembali Normal
deni,"pak harga beras normal aja di Indonesia masih banyak rakyat miskin yang tidak mampu beli beras,apa lgi di naikan sedikit sedangkan di Jepang mana ada rakyat miskin.🤦🤦🤦 lihat lah keadaan rakyat mu dlu baru ngomong.👃👃👃",-,0,Negatif,1,Marah,Mentan:Blunder
Sang kangkung,mentri gedek omong ini,-,0,Negatif,1,Sarkas,Mentan:Blunder
putra Yansah 212,omongan menpan nya terlalu tinggi... tapi di Lampung hasil nya..0...,-,0,Negatif,1,Sarkas,Omongan:Malah
RILL.ID,percaya sama saya mentri ini cuma garang di depan camera..,-,0,Negatif,2,Sarkas,Mentan:Garang
Mass Andy,mentri omon omon,-,0,Negatif,2,Sarkas,Mentan:Omon
kaka setiawan,japang gajinya 20jt wajar lah kita gaji 2juta beras harganya mahal bgt,-,0,Negatif,1,Marah,Gaji:Kecil
Lukman Padilah,kalau jepang rakyatnya makmur nilay mata uang nya juga tinggi,-,0,Positif,4,Senang,Jepang:Makmur
Aliya Store,Sok atuh akur keun gaji na jeung di jepang SlA teh,-,0,Negatif,2,Sarkas,Mentan:Blunder
🦋🦋,pak gpp banget semua naik. asal gaji juga naik,-,0,Positif,4,Senang,Gaji:Naik
Nanang C.H,tolong pk presiden pk mentri petani di perhatikan harga padi minimal 7500 biar petani sejahtera,-,0,Negatif,2,Marah,Harga:BerasMahal
Nanang C.H,tolong pk mentri padi 7500 minimal biar petani sejahtera,-,0,Negatif,2,Marah,Mentan:BedaHarga
Degrafix,itu karna rupiah anjlok makanya serasa mahal,-,0,Negatif,2,Marah,Rupiah:Anjlok
Topan Alamsyah,pake otak kah ngomong nya,-,0,Negatif,1,Sarkas,Mentan:Blunder
Azzaa 🦖,Aduhh pola pikirnyaaaaa 😐 Cape banget liat pejabat jaman skrg.!!! KOK BISAA JADI MENTERI SIH PAKK.??? 😬😑 Negara MAJU di bandingin sama Negara Maju Mundur 😑,-,0,Negatif,1,Marah,Mentan:Blunder
SanBe,Jepang 100 ribu. Ekonomi rakyat jepang jangan di samakan dengan INDONESIA pak. Buruh kasar aja baji 100.000/ 80.000 kok beras di samakan dg Jepang. Realistis lah berfikir,-,0,Negatif,5,Marah,Beras:Mahal
Kucing Hitam🇮🇩,benar yg d bilang Bu Titik,-,0,Negatif,1,Marah,Mentan:Blunder
wendahani,"hebat pak Mentri,, mensejatarakan petani",-,0,Positif,5,Senang,Pak Mentri:Hebat
haikalatamy,"kok ada lah menteri tolol kayak gini, mimpin negara ini",-,0,Negatif,1,Marah,Mentan:Blunder
Ⓜ️ Sadewa,jepang hrga beras segitu krn lahan dan petani padi di jepang sedikit dan juga mungkin kualitas berasnya beda.. jepang bisa saja murah klo mau beli beras dr kita😁😁😁,-,0,Positif,4,Senang,Jepang:Beda
arieeessss♈,bapak kalo digaji 3-6 JT juga ribut paakk paaakk...😌,-,0,Positif,5,Senang,Gaji:Banyak
Eko R. Santika,Mentri kok tolol..heran lah kok bisa JD Mentri 🤦🤦,-,0,Negatif,1,Sarkas,Mentan:Blunder
ikawinarti17,"JEPANG PENGHASILANNYA TINGGI PAK🙏🙏🙏,",-,0,Negatif,5,Sarkas,Jepang:PenghasilannyaTinggiPak
👊🤣 pendekar apem😅🫰,menteri tak guna😭😭😭,-,0,Negatif,1,Sarkas,Mentan:Blunder
emje,Mentri gemblung,-,0,Negatif,1,Sarkas,Mentan:Gemblung
ciwa💋,pendapatan orang jepang juga jangan di samain dengan pendapatan orang indo,-,0,Negatif,2,Sarkas,Pendapatan:Kecil
ARDI🌡️,dongo bnget bandingkan negara maju SM berkembang,-,0,Negatif,2,Sarkas,Bandingkan negara maju:Blunder
ariecellular,"sudah mulai konslet bapak ini,",-,0,Negatif,2,Sarkas,Mentan:Blunder
Darmono,"beras mahal, listrik murah., masa iya orang lapar harus di setrum 😂😂",-,0,Negatif,5,Marah,Beras:Mahal
ig; imam.dj,Jepang harga beras lebih mahal pasti awet lihat aja klo org jepang makan secuil🤏🏻 lauknya yg banyak beda dengan org indonesia nasinya mucung lauk nya dikit itu bedanya😂,-,0,Negatif,1,Sarkas,Beras:Mahal
Rita - my Hobby,"WOiii jgn amakan harga ama jepang woii,, gaji ajah beda , kocak nih org",-,0,Negatif,1,Marah,Harga:BerasMahal
scorpiogirl 🦂♏,demo yu,-,0,Negatif,2,Sarkas,Beras:Mahal
fiaaaaaahh🐣,anyiiiiing,-,0,Negatif,2,Marah,Beras:Mahal
MH,ngemeng doank lo ... nyata nya dilapangan ... beras mahal ... preeet ngomong doank lo pak,-,0,Negatif,1,Marah,Beras:Mahal
naning,enak KLO bapak dpt gaji dan tunjangan buesarrr anak istrinya pun dr makan sampai rumah mewah di tanggung negara,-,0,Negatif,1,Sarkas,Gaji:Kecil
aisyahnur,hadeeeh bapaaakk kok di samain Jepang sih ????? 😇😇😇,-,0,Negatif,5,Sarkas,Mentan:Blunder
masrul,yg banyak cuma gobloknya🤣,-,0,Negatif,5,Sarkas,Mentan:Blunder
Aldikatsuki,betul bu btl 🤣🤣,-,0,Negatif,5,Sarkas,Beras:Mahal
Four D shop,"yahhh elu ada tunjangan beras, jadi naik dkit gak ngaruh",-,0,Positif,5,Senang,Tunjangan:Beras
V,ya pikir juga UMR jepang keless .kocak,-,0,Negatif,5,Sarkas,UMR Jepang:Keless
All,temen gua kerja di jempang gajih 60jt lah di indo. gua cuma 2jt jir🙄 wajar 100k per liter juga. gajih nya beda jauh tah.,-,0,Negatif,1,Marah,Gaji:BedaJauh
Adinda Oktaviantii,umr jepang sama indo beda jauhh pak,-,0,Negatif,1,Marah,UMR:Bedasalah
🌹,"tunjangan beras DPR aja 12 jt perbulan ege, disamain sama rakyat kecil mikir wooyy anjj",-,0,Negatif,1,Marah,Mentan:Blunder
Dellaa,guoblokkk tenan,-,0,Negatif,1,Sarkas,Beras:Mahal
"You Know, I Know","beda mata uang dan beda gajii woyyy astagaa, pen kuajak ribut rasanya",-,0,Negatif,1,Sarkas,Beda Mata Uang:Beda Gaji
"with love, da",giliran kaya gini disamainnya sm jepang anj,-,0,Negatif,1,Sarkas,Mentan:Blunder
JhonyChen,beras jepang sama beras lokal beda kualitas anjirr... pernah makan sushi gk? pulen mantul bro😂 lagipula gaji jepang sama gaji indo beda jauh. wajar lah rakyat Indo koar koar😂,-,0,Positif,5,Senang,Beras:BerbedaKualitas
shann_______,bilangin ke gw klo mereka it cm asbun😔,-,0,Negatif,1,Marah,Mentan:Blunder
zenitsu,🤣 gaji sini 20 pak indo brapa?,-,0,Positif,5,Senang,Gaji:Besar
juju,jujur di sini ada yg percaya indonesia emas 2045? kalo gw mau 2145 jg ga percaya😂,-,0,Negatif,1,Sarkas,Mentan:Blunder
Siaoce 07💋,samain gaji kayak di jepang pakkkk,-,0,Negatif,2,Sarkas,Gaji:Kecil
Vanemuine,"kmrin ngitung tunjangan perumahan dah dungu, ditambah ini Coggg BLOGGKKk!!🤣",-,0,Positif,5,Senang,Coggg BLOGGKKk!!:Sarkas
baby_khanza3,"kebanyakan makan kecubung , jepang beras 100rb gaji pekerja nya berapa pak per bulan nya ?",-,0,Negatif,5,Sarkas,Jepang:BedaGaji
faddd,betul dibilang pak mentan biar petani sejahtera beras naik dikira pengeluaran sawah sedikit giliran beras naik udah ribut sana sini coba yg lain diem bae² beli skincare Ampe ratusan barang² lain masih mampu giliran beras yg sekilo 15 ribu gak mampu maunya murah terus tanpa lihat kerja keras petani,-,0,Negatif,1,Sarkas,Beras:Mahal
uci toktok,UMR jepang puluhan juta rupiah😂,-,0,Negatif,5,Sarkas,UMR Jepang:Mahal
yls,pak ih minimal mikir,-,0,Negatif,2,Sarkas,Mentan:Blunder
RRDIT,"beda nilai uang,beda UMR ya anj",-,0,Negatif,2,Sarkas,UMR:Beda
zzz🫥,espresi dan mimik mukanya seakan mengatakan dia hebat.tapi slahnya dia bandingkan surga dan neraka😁,-,0,Negatif,1,Sarkas,Mentan:Blunder
sultan. Muhamadin,UMR jepang berapa 23 JT pak menteri,-,0,Negatif,2,Marah,UMR:Mahal
🀄️,Udah turun suu harganya,-,0,Positif,5,Senang,Harga:Bersahabat
sabilars,SUMPAH TOLOL BGT GREGETT😭,-,0,Negatif,1,Sarkas,Mentan:Blunder
Iyank,"di jepang UMR nya berapa pak?? di indo UMR masih ada di bawah 3 juta beras udah 12rb/L bensin udah 10 RB/L gmna masyarakat ga menjerit,bapak enak Kouta aja masih pake uang negara lah kita2,mikir Napa pak dikit pejabat itu di gajih oleh masyarakat,",-,0,Negatif,1,Marah,Mentan:Blunder
Haykal_,belegugg anying dpr teh,-,0,Negatif,2,Sarkas,Beras:Mahal
NiceGuySanz,"riset kalo mao ngomongin jepang, jepang harga naik ge produksi berasnya dikit karena lahan yg terbatas. lah indonesia luas jier",-,0,Negatif,2,Sarkas,Jepang:Beda
booried,DPR D nya dongo,-,0,Negatif,2,Sarkas,DPR D:KomentarTidakBerpengaruh
wawan,yaelah kalau lu naikin semua gaji tidak mencukupi biaya hidup okelah jepang 100rb tapi gaji mereka tinggi lah kita?gaji tidak seberapa lu omong gitu krna gaji lu nga ngoyak kebayangkan tunjangan lengah dikit naik gaji,-,0,Negatif,2,Sarkas,Gaji:Kecil
abudss,jelas ribut gaji aja kecil,-,0,Negatif,2,Sarkas,Gaji:AjaKecil
SU HU,gajih negara jepang besar 😃,-,0,Positif,5,Senang,Jepang:Gajih
Yudst.,"UMR Jepang bervariasi di setiap prefektur, namun untuk tahun 2024-2025 kisaran umumnya berkisar antara ¥1.000 hingga ¥1.100 per jam atau sekitar Rp17-18 juta per bulan untuk bekerja 40 jam seminggu, dengan angka tertinggi di Tokyo dan Kanagawa. Gaji pokok ini belum termasuk tunjangan dan bonus, serta dipengaruhi oleh potongan pajak dan asuransi, sehingga pendapatan bersihnya akan lebih rendah.",-,0,Negatif,1,Marah,Beras:Mahal
bisadiemgak,jepang pada becus pakkkkk,-,0,Negatif,2,Sarkas,Jepang:Bejibun
Juarsyi,"Gimana ga ribut pak, nyari kerja susah, pemasukan juga susah, luh mah enak perhari di gaji 3 juta perhari lah kita kita yang kerja 3 juta nunggu sebulan, 2 bulan , 3 bulan ... udh eror parah ini negri ini",-,0,Negatif,5,Marah,Gaji:Kecil
✰ⅈʍƒ𝑖𝔫𝚎✰,peak DPR nyamain Indonesia sam ajepang beda kelas infokan tgl brp demo kita bubarkan dpr,-,0,Negatif,1,Marah,DPR:Blunder
Miku,pajak Jepang di pake buat rakyat lagi bukan masuk semua ke pejabat mereka,-,0,Negatif,2,Marah,Pajak Jepang:Netral
🍓,"tandurono dewe pakkk, cek ngerti rasane ngerumat sawah",-,0,Negatif,5,Sarkas,Mentan:Blunder
Uchiha kaori,dng00000,-,0,Negatif,2,Marah,Harga:Beras:Mahal
Zaqipabuaran1,jangan samain sama jepang.jepang negara maju penghasilan warganya juga beda jauh kita nyari 100rb aja harus jadi budak dulu,-,0,Negatif,1,Marah,Mentan:Beda
Zaqipabuaran1,. ╱╱▏┈┈╱╱╱╱▏╱╱▏ ▇╱▏┈┈▇▇▇╱▏▇╱▏ ▇╱▏▁┈▇╱▇╱▏▇╱▏▁ ▇╱╱╱▏▇╱▇╱▏▇╱╱╱ ▇▇▇╱┈▇▇▇╱┈▇▇▇╱,-,0,Negatif,5,Marah,Harga:BedaDenganJepang
JokerFace1990,Otak udang fix no debat,-,0,Negatif,1,Sarkas,Mentan:Blunder
all.ee,"jepang gajinya brpa mas,,, fasilitas terpenuhi aturan jelas, Konoha gj cuk",-,0,Negatif,1,Sarkas,Gaji:Kecil
Al 'n Jill Snack Dessert,Serius sekelas Mentri pola pikirnya Kya gini???😅,-,0,Negatif,5,Sarkas,Mentan:Blunder
IrfanSupyan,Matak hutang negara gede Jang ngagajih DPR NU perbulan 100jt anu mayaran hutang negara rakyat dinu hasil pajak rakyat,-,0,Negatif,1,Marah,Mentan:Blunder
💫💅🏻🌸🎖💎,umr jepang 40jt umr indo 4jt bosok bubar aja lah gue aja yg jd dpr,-,0,Negatif,1,Marah,UMR Indonesia:Besar
xv,serius ini cara berpikir mentri?,-,0,Negatif,5,Sarkas,Mentan:Blunder
D,"enak banget kalo ngomong ya, eh lupa ternyata yg ngomong gajinya 3jt/hari. sedangkan yg membayar pajak masih banyak yg dibawah 100/hari, kerja sehari cuman dapat beras 1kg doang miris ya liat wakil kita sekarang 😁",-,0,Negatif,2,Sarkas,"Gaji:Kecil,Mentan:Blunder"
inisial_n,gajih kecil apa apa mahal stresss,-,0,Negatif,2,Sarkas,Gaji:Besar
Mas Umar,Jepan pemerintahnya bener.. pendapatan sana juga beda kocak,-,0,Positif,4,Senang,PemerintahJepang:Bener
QueenA,Lu mw bandingin Jepang lo negara maju Indonesia ada di tengah saja untung,-,0,Negatif,2,Sarkas,Bandingan:Blunder
⁀➴༯ ⃝ʷᵃᵏ☞དᴮᴬʏᴏų⁷⁷ཌやめる,DPR ( DEWAN PERWAKILAN RAKYAT) ❌ DPR ( DEWAN PERWAKILAN RAMPOK) ✅,-,0,Negatif,5,Marah,Mentan:Blunder
alum,DPR isinya bapak bapak Facebook anjj,-,0,Negatif,2,Sarkas,DPR:BapakBapakFacebookAnjj
Kades'e Jumog,dlogokkk omongane Ra ngutekkk UMR jepang Piro gok,-,0,Negatif,1,Sarkas,UMR Jepang:Piro gok
h.n,nais ibu ibu di akhir video 🔥,-,0,Negatif,2,Sarkas,Beras:Mahal
sasya,"FASILITAS UMUM, INFRASTRUKTUR DAN UMR NYA SAMAIN KAYA JEPANG DONG BAPAK😇😇😇",-,0,Negatif,5,Sarkas,FASILITAS UMUM:Mahal
Nagi,lu mah enak dapat tunjangan beras,-,0,Positif,5,Senang,Tunjangan:Beras
I C A,yg jdi dpr dimohon yg otak nya waras napa etdah,-,0,Negatif,2,Sarkas,Mentan:Blunder
Hendi,"Bandingkan semua pak jgn cuma beras aja, pendidikan, kesehatan, pekerjaan, DLL",-,0,Negatif,2,Sarkas,"Bandingkan semua pak jgn cuma beras aja, Pendidikan:Kesalahan"
RH.,jepang emang negara agraris? Lucu sekali anda,-,0,Positif,5,Senang,Jepang:Lucu
LetNan xRayy,"wkwk malu bgt tuh dibantah depan muka ,tapi kek nya orang orang ginimah udah tebel muka juga si kaga punya malu😹",-,0,Negatif,5,Sarkas,Mentan:Blunder
SATO🇫🇮,jepang bagian mana pak 🤣🤣🤣🤣🤣,-,0,Positif,5,Senang,Jepang:Lucu
Editing,"kalau gitu aja dah langsung disangkut paut in sama negeri orang, coba hukuman koruptor sangkut paut in juga dong sama negara China",-,0,Negatif,1,Sarkas,Mentan:Blunder
ANDY PROBO,"mungkin bapak ini suka liat film jepang gess,,jd yg diinget jepang mulu🤣",-,0,Positif,5,Senang,Beras:Murah
neng iraa,langsung aja pak jadi kapan UMR di Indonesia SMA dengan di jepang.,-,0,Negatif,1,Marah,Mentan:Blunder
Dolleboy,ingin ku berkata kasar🔥,-,0,Negatif,1,Sarkas,Mentan:Blunder
plafon kepanjen malang,"kalo anda membandingkan harga beras dengan jepang, gmn kalo hukum korupsi juga di samakan dengan jepang..?",-,0,Negatif,2,Sarkas,Beras:Mahal
PRIMUSSETYO,saya heran sih kenapa sih mentri2 prabowo kok dungu2 ya,-,0,Negatif,2,Sarkas,Mentan:Dungu
Suhu,"siapa sih yg angkat Mentri ini, pendapatnya kek anak TK.",-,0,Negatif,1,Sarkas,Mentan:Blunder
maaiii,lahh kocak 😭,-,0,Negatif,2,Sarkas,Beras:Mahal
Atiihhh,Dpr stess bubar kan,-,0,Negatif,2,Sarkas,Dpr stess bubar kan:Mentan
Iyan Sopian,gini nih kalo lulusan sma jdi mentri 😂,-,0,Negatif,2,Sarkas,Mentan:Blunder
Vhyrda Putri Shary,BEDAA WEEE BEEDAAA....Indonesia sama jepang🙄🙄🙄😳,-,0,Negatif,1,Marah,Mentan:Blunder
Pipit Örawi,di jepang makanan pokoknya apa pak?,-,0,Positif,5,Senang,Jepang:Keren
Mas Ucil jr.,"apa apa naik, barang mahal pembeli menurun.bayar pajak pake apa ,daun.makin lama krisi ekonomi .",-,0,Negatif,1,Sarkas,Pajak:Mahal
Udar Rheyzko,"Jepang gaji 23 jutaan perbulan.... Indonesia 3,5 jt per bulan wajarlah ribut kek mana bapak ini?",-,0,Negatif,5,Marah,Mentan:Blunder
Putri,untungg yg jawab mak gua jadi gak menye menye 😭😭,-,0,Negatif,1,Sarkas,Mentan:Blunder
negoro,naikkan gaji kami bro setara gaji di jepang,-,0,Positif,5,Senang,Gaji:Setara
Raaa,"@DPR RI bandingin sama jepang UMR aja kalah jauh, hadeh knpa tambah parah gini ya",-,0,Negatif,2,Marah,Beras:Mahal
Salju 🇮🇩,Terus-terus aja bodohin masyarakat pak..🥺,-,0,Negatif,2,Sarkas,Mentan:Bodohin
Je,Jepang lu tau ga brpa gaji pekerjanya???disini gaji masih 2jt aja segala mahal,-,0,Negatif,1,Marah,Gaji:Kecil
Syaifullah Sylla,goblok tukar mata uang kita GK ada harga,-,0,Negatif,2,Sarkas,Tukar Mata Uang:Mentan Blunder
Mas R,"hadeehhhh udh toIoI go block lg kenapa sih pemerintah, DPR dan aparat hukum indonesia isinya kebanyakan org2 kayak gini huuuffftttt",-,0,Negatif,1,Marah,Pemerintah:Blunder
putri Leo,"kok dibandingkan dengan Jepang, lah wong para koruptornya semakin meningkat...",-,0,Negatif,1,Sarkas,Koruptornya:Mengganggu
heyourn,"MENTERI BEG* DIPAKE!!! MALAH DIBANDINGIN SAMA JEPANG, JEPANG MAH NEGARA YG UDAH MAJU SEGALA""NYA",-,0,Negatif,1,Marah,Mentan:BedaHarga
budakbungsu345,beras beli? untung gua masih punya sawah😅,-,0,Positif,5,Senang,Beras:Untung
Ayas 29,"palak nye, liat gji jepang brp , sdgnkn umr kt indonesia 2.5 jt - 3 jt, kecuali gji indonesia n rakyat 50 jt",-,0,Negatif,1,Marah,Mentan:Blunder
🅰🆀🆄🅰🆁🅸🆄🆂♒ ☑️,menteri ne kebanyakan soak kabeh,-,0,Negatif,1,Sarkas,Mentan:Blunder
Mama Keenan,Aneeeh2 ya isinya pemerintahan ini 😭,-,0,Negatif,1,Sarkas,Pemerintahan ini:Blunder
Yustika Sw🌸,"Samakan dulu gajinya, baru buat perbandingan pak Amran😒",-,0,Negatif,2,Sarkas,Gaji:Kecil
smr9741,pejabat skrg kok hobinya buat mslh sm rakyat. mereka diangkat fungsinya buat apa sih?,-,0,Negatif,2,Marah,Mentan:Blunder
dbz,bedakan umr tong,-,0,Negatif,2,Marah,Mentan:Blunder
ar_dul21,ngene broo rego larang sesuai pendapatan rakyat apa nggak broo pikirenn ora perlu larang sek pnting rakyate makmur brooo,-,0,Negatif,1,Sarkas,Pendapatan Rakyat:Kecil
seema,tapi pejabat di jepang gak oon kayak disini,-,0,Negatif,2,Sarkas,Pejabat:Blunder
Rizkafauzia,"Gak usah bandingin sama JEPANG pak, disana aja ibu hamil dapet TUNJANGAN",-,0,Positif,5,Senang,Jepang:Tunjangan
manusia langka,jepang gak ada korupsi Indonesia pejabat nya korupsi udah jauh beda jepang sama Indonesia,-,0,Negatif,1,Marah,Mentan:Korupsi
aloy_z,Jepang di sama in pinter kali pak 🤣,-,0,Positif,5,Senang,Jepang:Pinter
@chachaiiaa,atu...tong d saruakeun junk jepang🥱🥱,-,0,Negatif,1,Marah,Mentan:Blunder
🕊️,"Konoha kok di bandingke jepang Yo bumi langit to pak, kerja di Konoha sehari 100k gajinya itu aja masih kotor 😅😅",-,0,Negatif,2,Sarkas,Beras:Mahal
setya698,"saya minta maaf saya akan mengevaluasi kembali karna kemarin kami kesulitan di bagian ini dan itu agar lebih baik kami memiliki rencana seperti ini BLA BLA dan ini tabel perbulan nya semoga membaik sesuai rencana, kok mereka gak kaya gitu yaa malah ngeles ini itu cape liat orang gak kompeten di taro di pemerintahan",-,0,Negatif,1,Sarkas,Mentan:Blunder
ubay 😎,"presiden nya pun bilang kalau harga cabe naik,kita harus nanam cabe di depan rumah, yah gini lah menteri nya 🤦",-,0,Negatif,2,Sarkas,Mentan:Blunder
Gidion,jepang UMR nya berapa? 😂,-,0,Positif,5,Senang,Jepang:Witty
liviadevinadermawan,pejabat konoha emang ruar binasaa,-,0,Negatif,2,Sarkas,Mentan:Blunder
D O M M 777,gajih na saruakeun Jeung di jepang kunyukk atuh,-,0,Negatif,5,Sarkas,Mentan:Blunder
atin,PA MINIMAL KLO MAU DI BANDINGKAN DENGAN JEPANG PASTIKAN RAKYATNYA SETARA DENGAN RAKYAT JEPANG KOCAKKKK,-,0,Negatif,2,Sarkas,PA:Blunder
HiiBiru,pak? malu.,-,0,Negatif,2,Sarkas,Mentan:Blunder
maz guntet,jepang ku ada kulalitasnya,-,0,Positif,5,Senang,Jepang:Kualitas
KELASMISTERI.id | by. SAGAN,disamakan nya sama Jepang bah,-,0,Negatif,2,Sarkas,Beras:Mahal
SEKARPADI,woy aku belanja mahal belum sempat aku pasarkan udah disidak disuruh nurunin harga rugi ku siapa yg nanggung mran amran,-,0,Negatif,1,Marah,Mentan:BedaHarga
D,"di Jepang kalau Org di Pemerintahan berbuat salah, mereka nunduk dan mundur dari jabatan. Kalau sini ????",-,0,Negatif,2,Sarkas,Mentan:Blunder
Chen xi🪷,"iya kan, tunjangan beras DPR 12jt perbulan.. gila . .. beras apaan",-,0,Negatif,1,Sarkas,Beras:Mahal
jual-jual apa ini,kenapa ngak bandingkan sama Singapura negara yg tidak punya sawa???,-,0,Negatif,2,Sarkas,Bandingkan:Mentan
aldi,harga beras naik tapi knpa petani tetep dapet harga murah,-,0,Negatif,2,Marah,Beras:Mahal
RT19,"Jepang pejabatnya peduli rakyat, lah anggota dewan yang di negara ini malah joget"" nyepelein rakyat 🤨",-,0,Negatif,2,Sarkas,Mentan:Blunder
gadis msh,yg tolol itu bukan kita rakyat jelata tapi anggota DPR jelas jelas lebih tolol😭😭😭,-,0,Negatif,1,Marah,Mentan:Blunder
apotekerchanna,"ini dpr ya? pantes dongo, disamain sama jepang ya beda lah dari sistem pendapatan per orang nya",-,0,Negatif,2,Sarkas,Mentan:Blunder
Lili 💐,loh loh dipadakne Karo jepang,-,0,Negatif,2,Sarkas,Jepang:Beda
ozannursery Bibit durian,"jepang beras 1kg 100rb, UMR nya 40jt/bln. kalau harga yen di hitung pakai rupiah sampai 100rb per kg berarti nilai tukar rupiahnya dengan yen yang jelek. beli makan disana kalau pakai rupiah ya mahal semua orang nilai mata uang rupiahnya rendah ke yen jepang.",-,0,Negatif,5,Sarkas,Nilai Tukar Rupiah:Jelek
Alfiatrrhmnyh,KAREPMU PAKK KAREPMU WONG KOK PINTERE SEK MENGKONO,-,0,Negatif,5,Sarkas,Mentan:Blunder
phf,memang anjj,-,0,Negatif,2,Marah,Beras:Mahal
YAKOEB,"klo mau mensejahterakn petani harga jual padi harusnya tinggi, dan harga pupuk nya harus murah, lah ini harga beras pengen mahal, keuntungan nya bukan buat petani dong",-,0,Negatif,2,Marah,Harga Beras:Mahal
de mace,harga mlu yg dibandingin coba kinerja pemerintahnya yg dibandingin,-,0,Negatif,1,Sarkas,Mentan:Blunder
Anisya Zahra,"jepang kota yg pemerintahnya mensejahtrakan rakyatnya,jdi biar mo mahal it harga bahan2 yaaa ga ad masalah,Lah indo,rakyatnya di bikin miskin trus bahan pokok malah di buat mahal pula,yaaaa gimana yaaaa",-,0,Negatif,1,Marah,Pemerintahan:Mengkhianati Rakyat
nonaai,"tapi dijepang juga gada orang seperti kamu pak,makanya sejahtera",-,0,Positif,5,Senang,Jepang:Sejahtera
Apin.rowrrr,Jangan di samakan negara maju dengan negara yang banyak dramanya dong,-,0,Negatif,2,Sarkas,Aspek:Jepang:TidakAppleToApple
IM🤍🤍,woiiiiiiiii mikiiiiiiiirrrr,-,0,Netral,3,Netral,
Kak Hendra,"coba bandingin income dulu, baru harga",-,0,Positif,4,Senang,Income:Besar
N14R,"Lieur daaa aing ma, pemerintah ayenama Garelo jeung Gblok",-,0,Negatif,2,Sarkas,Pemerintah:Blunder
Harnita Harahap,"panas x hatiku pak, tamatan apa sih pak, masak tak bisa di bedakan gaji indo n jepang",-,0,Negatif,2,Sarkas,Gaji:Kecil
poongky,jepang gaji buruh berapa blok😂,-,0,Positif,5,Senang,Gaji:Banyak
RidoTradepreneur,itu mentri siapa yang lantik si gblk bener. ngambil keputusan gak pake dasar dulu,-,0,Negatif,1,Marah,Mentan:Blunder
Neng Geulishh,yaudah yg harga naiknya itu ditalangi pake gaji dpr bisa gak ya🤣😏😏,-,0,Negatif,2,Sarkas,Gaji:Kecil
Mas E,cangkemnya harus dikasih akal...,-,0,Negatif,5,Marah,Mentan:Blunder
UltramilkCoklat,"Muak banget muka ketua nya dengerin ocehan kosong bawahannya,",-,0,Negatif,1,Marah,Mentan:Blunder
Junee,@jid tuke @W E R A @made! ne pejabat ngelah otak ape sg sih?? indo bandinge jk jepang?? JEPANG????,-,0,Negatif,1,Marah,Mentan:Blunder
diahh,pak beda negara pak. beda nilai mata uangnya pak...,-,0,Negatif,2,Sarkas,Aspek:BedanyaHarga
lidyatalanila14,"jangan samakan dengan Jepang pak. Kalau gaji 2 juta sebulan berarti dapat 20 kg beras Cukup itu ???? itu baru biaya beras ya trus biaya lain2 , siapa yg mau ngasih ???? 😳🙈 apa bapak mau bantu biayain hidup masyarakat Indonesia????",-,0,Negatif,1,Marah,Beras:Mahal
snf97,daya beli masyarakat indo jangan dibandingin sama negara maju sedangkan indo negara berkembang yang pendapatan masyarakatnya masih rendah. bahkan ada yang rela puasa gak makan karena gak bisa beli beras.. Ya kalii luh mah ngomong doang gajiluh kan gede tunjangan juga gede .. 🥱,-,0,Negatif,5,Marah,Beras:Mahal
SAPA Coffee,kenapa menteri TOLOL di INDONESIA kaya masih bisa menjabat????,-,0,Negatif,1,Marah,Mentan:Blunder
achuuni89,"jepang negara makmur konoha negara mundur terus, lo bandingin ama jepang pak2 dasar anggota dpr bisa menjabat hanya modal nyogok bukan modal pinter",-,0,Negatif,1,Sarkas,Jepang:Kritik
Scorpio_91,mata uang Rp di sama in Ama mata uang jepang 🤣🤣🤣🤣,-,0,Positif,5,Senang,Mata Uang:Keren
pemberontak jalan lurus,Indonesia dibandingkan dengan kepang. menteri kurang minum kopi😁,-,0,Positif,5,Senang,Mentan:Kurang Minum Kopi
kianoo072,Hidup petani🔥🔥,-,0,Positif,5,Senang,Petani:Hidup
camelia shop,"buang dulu para koruptor baru rakyatbindonesia bisa beli beras kaya di jepang👍biar rakyat indo gk ribut perkara naik seribu😅,, nyadar gk si bicara apa,",-,0,Negatif,2,Sarkas,Mentan:Blunder
Andre YD,wooy Jepang lu lawan pejabatnya gak ada yang korupsi,-,0,Negatif,2,Sarkas,Jepang:Korupsi
camelia shop,"gimana mo bli beras sm ky harga di Jepang, rakyat Indonesia bnyk yg miskin gmn mo beli, dan tragisnya miskinnya karna koruptor, dan Jepang gk ada koruptor😂",-,0,Negatif,1,Marah,Mentan:Blunder
deasy79,"UMR aja berapa mint hrga beras disamain jepang, pengangguran aja msih bnyak,dan dia TDK tau kl beli pupuk aja dibatasi",-,0,Negatif,1,Marah,UMR:BedaDenganJepang
Nonatimur♡,"pak UMR Jepang sama kita aja udah kalah pak, diem kata gua mah😊",-,0,Positif,5,Senang,UMR Jepang:Mahal
Zaidan Mkiftalal,"lebih baik copot aja Mentri kayak gini ngak becus,,,beras naik terus",-,0,Negatif,5,Marah,Mentan:Blunder
patma,jepang gaji tinggi,-,0,Positif,5,Senang,Gaji:Kecil
auraq18,beras naik sedikit ribut katanya...🙄🙄🙄,-,0,Negatif,2,Sarkas,Beras:Mahal
Escobar,pertumbuhan ekonomi kita dengan jepang itu sangat beda jauh.. dari segi korupnya pun jauh bagaikan bumi dan langit 🙏,-,0,Negatif,1,Marah,Jepang:Beda
tuku snack01,"Pak kalau jadi menteri yang ngotak, bandingin negara yang penghasilan buruh kasarnya bisa 5-6x dari UMR Jakarta, belum lagi masih banyak orang kerja dibawah UMR.. kalau bandingin itu Apple to Apple 😜",-,0,Negatif,2,Sarkas,Mentan:Ngotak
Dewy Fairy,"Beliau itu kan di Kementan, jdi mungkin ingin mensejahterakan petani, ad pun urusan naik UMR, dll, itu nunggu kebijakan pemerintah yg lain kan?",-,0,Positif,4,Senang,Aspek:Mentan:Kesadaran
Win Kusniadi,"beras harus naik, kasihan petani.. konsepnya harus berbagi",-,0,Positif,4,Senang,Beras:HarusNaik
sribudi,"koruptor baru penjara aja dah banding padahal di korut nguap aja pas rapat dah di ,,,,,🤔🤔😁",-,0,Negatif,2,Sarkas,Mentan:Blunder
pinky💅🌷(JUNMIN gf),pengen KENTUT deh dengernya,-,0,Negatif,2,Sarkas,Mentan:Blunder
◤𝐑𝖎z̴𝓴𝐲_𝐊𝐲𝐥𝐞 ★ 𒆜💢,30 jt sebulan BB. 🤬,-,0,Negatif,5,Marah,Beras:Mahal
Mirzanie_🫦,gajine Jepang piro pak🤣🤣 lucu ah,-,0,Positif,5,Senang,Gajine:Lucu
Rini Ab,kalo mau samain sama jepang minimal upah kerja dinaikin dong persis jepang🤣jangan cuma gaji DPR😜,-,0,Negatif,2,Sarkas,Gaji:Kecil
yeniyeni,pak pak gaji 3 jute diteken sana sini coba para Mentri ngolah duit 3 juta buat sebulan makan bisa gak,-,0,Negatif,2,Marah,Gaji:Kecil
ceriwis,disamain am jepang woyyyy pak jepang gajinya brp 20jtaan woyyyy,-,0,Negatif,1,Sarkas,Jepang:Kecil
Dian,mentri Saket...dibandingkan kok sama jepang.. jepang UMK nya 20juta per bulan pak..,-,0,Negatif,2,Marah,Mentan:BedaUMR
IVANK 🇮🇩 🇳🇿,PEJABAT MAKIN KE SINI SEMANGKIN SANGAT KEBELINGER 😇😇😇😇,-,0,Negatif,1,Sarkas,Pejabat:MakinKeSiniSemangkinSangatKebelinger
LaNusi,preeet,-,0,Negatif,2,Marah,Beras:Mahal
Rajagombal,boleh aja beras 100 ribu per kilo tapi berani gak gaji karyawan 1 juta perbhari,-,0,Negatif,2,Sarkas,Gaji:Beda
MamanyaSahrulAzmi,"bisa2 di samakan dgn jepang, jelas2 UMR beda jauh😂",-,0,Negatif,2,Sarkas,UMR:Mengkhawatirkan
Cherry🍒,"lah bandingin sama jepang, kinerja lu sebagus pejabat jepang gak pak🤣",-,0,Negatif,2,Sarkas,Bandingan:Kritik
mister og,intinya gimana caranya bisa cuan terus😎,-,0,Negatif,1,Sarkas,Beras:Mahal
PutriSC39,di saruakeun jeng negara majuu KOCAK !!!,-,0,Negatif,2,Sarkas,Mentan:Blunder
Aan Habib,tolol dan bodoh kita 18.000/kg x 100/yen #beraskita180.000/kg #PECATmentan.,-,0,Negatif,5,Marah,Mentan:Bodoh
lupis,mentri ne gwendeng cok jepang negara maju UMR lebih majuuu,-,0,Negatif,1,Marah,Mentan:Blunder
helloworld,"coba para petani padi muncul, apakah petani sejahtera?",-,0,Negatif,2,Sarkas,Beras:Mahal
yayah uliyah,situlull😩😩 jepang UMR nya brapa duiddd tulul jepang negara maju rakyatnya juga makmurr😩 disamain sama UMR indonesia yanh sebulan cuma 5jt😩😩,-,0,Negatif,1,Marah,Mentan:Blunder
Ruska putra✅,curiga sma ijazah mentrinya,-,0,Negatif,1,Sarkas,Mentan:Blunder
RoNny Jitan ♈️,di Jepang ada kah korupsi trliunan kah?,-,0,Negatif,5,Sarkas,Korupsi:Netral
kanan,Jepang UMRnya berapaa pak???????????,-,0,Negatif,1,Sarkas,Jepang:Kaget
Rey,"Pak presiden,tolong seleksi dulu kalau dijadikan menteri dia berakal atau tidak🙏",-,0,Negatif,1,Marah,Mentan:Blunder
andreakk2q2,bapak blunder,-,0,Negatif,2,Sarkas,Mentan:Blunder
Hablunblun,membandingkan 2 hal yang berbeda itu cacat logika 🤐,-,0,Negatif,5,Sarkas,Membandingkan:Blunder
Ammar⛎,Makin kocak aja niih negeri dongeng konoha lawaaaakkkk🙄🙄🙄,-,0,Negatif,1,Sarkas,Mentan:Sarkas
diya.anggara,matane umr e kene jajan e anak jepang umur 7 th 🗿@RizkiHirzuna,-,0,Negatif,1,Marah,Mentan:Blunder
Indrawan,pak Mentri jangan membandingkan dengan jepang.kita negara miskin.,-,0,Negatif,2,Marah,Pak Mentri:Blunder
Wildan Asyraf,kadang kok tidak mikir yaaa kita beda dgn negara jepang.. beda segalanya,-,0,Negatif,2,Sarkas,Jepang:Beda
Ade Chan Public Gold,"yg dibandingin kinerja pejabatnya aja pak sama jepang, jgn harga beras, terlalu tolol. Pejabat di Jepang, ketauan tolol, ketauan gagal, korupsi, auto mundur!",-,0,Negatif,1,Marah,Pejabat:Ketololan
Ms. Novi,"Tolol bgt... Yg perlu dinaikin cara berpikir, logika & isi otak sibapak ini.😳",-,0,Negatif,5,Marah,Mentan:Blunder
Dian Dian,"ya bapak enak duduk duduk di ruang AC GK ngeluarin keringet dpt gaji ratusan juta,rakyat yg kerjanya banting tulang peras keringet sehari cuma dapet 30rbu kadang GK dapet duit ya jelas lah ribut.cobak bapak ganti posisi jadi rakyat biasa",-,0,Negatif,5,Marah,Gaji:Kecil
halosiapanamakamu,"lo samain sama jepang. kondisi kenyataan rakyat Pak. lo ngomongin indonesia, bangsa lo sendiri. gaji lo aja untuk naikin kesejahteraan rakyat.",-,0,Negatif,5,Marah,Mentan:Blunder
@arzhaka304,kalo di bandingkan dengan jepang gaji kita berapa pak.. cobak sini tolong anda saya gaji 100rb perhari.. kalo anda ngomong enak bandingkan dulu gaji anda dengan kita yg 100rb,-,0,Negatif,5,Sarkas,Gaji:Kecil
yyyyy,ih sumpah rakyat jelata lebih pinter dari pada bapak pejabat dipier ini ihhh,-,0,Negatif,1,Marah,Mentan:Blunder
RaniaArlin,Gil3 3m4ng,-,0,Negatif,1,Sarkas,Mentan:Blunder
Kibutsuji Muzan,bedain jgk tuhh one for all merah putih sama kimetsu no yaibaaa anj 🗿🗿,-,0,Negatif,2,Sarkas,Aspek:Netizen
Nadhira,🤔🤔 pakkkkk negara jepang kan negara maju 🤦🤦🤦 lain sama+62 semangkin lama semakin mundur,-,0,Negatif,1,Marah,Jepang:Beda
🐣,kepadaa 👀 🙄,-,0,Negatif,1,Marah,Mentan:Blunder
Dark Chocolate🍫❤‍🔥,Beli beras 50kg.. harganya 850.000,-,0,Negatif,2,Kecewa,Harga:BerasMahal
tikakartikasari0414,pak di Indonesia masih ada yg meninggal dunia karena cacingan. 😭,-,0,Negatif,1,Sedih,Pak di Indonesia:Kecewa
Polo Prayit,sana km TNGL di jepang,-,0,Negatif,2,Sarkas,Jepang:Beda
mami apang butik,"jepang negara makmur konoha negeri yg ngeri,masa disamakan 😂😂😂",-,0,Positif,5,Senang,Jepang:Keren
suthi,Jepang negara maju sedang indonesia negara maju korupsi 🙂‍↔️,-,0,Negatif,1,Sarkas,"Jepang:Maju, Indonesia:Korupsi"
Ilmira,lier kitu..di bandingkeun jeung jepang sagala,-,0,Negatif,1,Marah,Beras:Mahal
Floria br.Sormin,kok bisa sih segobl0k itu jadi pemimpin😭 plisss cem mana Konoha maju ... gw aja ketawa dongkol dia ngomong😏,-,0,Negatif,5,Sarkas,Mentan:Blunder
Hidayat,kok d bandingkn sama jepang..lucu,-,0,Positif,5,Lucu,Bandingkan:Senang
RAJU MAJHOTRA,"suka""kalian aja..kalau mau perbandingkan,dgn negara yg hampir sam income capita nya.,jgan dgn negara yg lbih tinggi capitanya di bandingkan",-,0,Negatif,2,Marah,Perbandingan:Beda
istiqomah6605,"giliran untuk rakyat, rakyat di suruh mencontoh. giliran cara kerjanya gak mau nyontoh🤣",-,0,Positif,5,Senang,Rakyat:Dukung
Emilia | OOTD Vibes,gaji gak naik² kebutuhan sehari-hari makin naik🫠,-,0,Negatif,2,Sarkas,Gaji:BedaDenganKebutuhan
private☑️,"Mentri tapi pemikirannya bandingin indo dengan jepang, jepang itu upah umpnya tinggi... berpuluh - puluh kali lipat gajinya dengan pekerja di Indonesia yang hanya 4jt/bln",-,0,Negatif,1,Marah,Mentan:Blunder
UD.ARTA JAYA MPA,yg bikin maju mundur rakyatnya juga.. jepang bisa maju karena rakyatnya bisa di atur,-,0,Negatif,2,Sarkas,Mentan:Blunder
Nijar,BANDINGKAN JUGA HUKUMAN PARA KORUPTORNYA PAK!!!,-,0,Negatif,5,Marah,Mentan:Blunder
MamahDianMsnNsn,rakyat mau bubarkan dpr di bilang tolol. tapi kyk gini cara berfikir kalian gaji kita cumak 3jt sebulan di bandingkan sama Jepang. TKW Jepang aja sebulan 20juta 10juta wajar lah. 3juta bayangin di situ token di situ beras dll,-,0,Negatif,1,Marah,Gaji:Kecil
– Firmannn.,disana sehari gaji bisa 500k kalo di rupiahin,-,0,Negatif,2,Sarkas,Gaji:Kecil
verawyi 🇮🇩🇰🇷,patokan di UMR pak... jangn disamain,-,0,Negatif,2,Marah,UMR:Beda
Yohanes putra,rada error pola pikir ny UMK indo 3jt jepang 30jt😂🥺,-,0,Negatif,5,Sarkas,UMK indo:Mahal
Ca On Bkt,Amran Bicara Kau ketinggian..saya tdk punya teman..saya tidak punya saudara..dll. jangan bandingkan cicak dan buaya...jelas beda jauh..,-,0,Negatif,1,Marah,Beras:Mahal
Carroot23,Beras naik harga padi segitu gitu doang,-,0,Negatif,2,Sarkas,Beras:Mahal
Teratai ❤️❤️,di jepang gaji asn berapa..ukr berapa om 😅😅,-,0,Positif,5,Senang,Gaji:Kecil
23 November,"pejabat sekarang tol'' ya, dari mata uang aja indonesia jauh rendah dari jepang😑",-,0,Negatif,1,Sarkas,Pejabat:Mengkhianati
FAY 🌙,"pak koruptor di luar negri hukumanya ngeri"" pak",-,0,Negatif,1,Marah,Pak Koruptor di Luar Negri:Blunder
Sport7,"saya senang kalau beras naik,karena saya seorang petani",-,0,Positif,5,Senang,Beras:Dukung
¥€¢£,beliau memperjuangkan petani tidak apa2 beras naik yg penting di kawal dengan ketat,-,0,Positif,4,Senang,Petani:Dukung
omlucu,Ini yg kasih kursi siapa?,-,0,Negatif,5,Sarkas,Mentan:Blunder
Nailis Saadah,woiiii gaji jepang berapa kang,-,0,Negatif,2,Sarkas,Gaji:Kecil
m🤍,harga beras 12 aja org k banyakan kelaparan,-,0,Negatif,2,Sarkas,Harga:BerasMahal
Sisbi Smart,jepang aja nikah.dan punya anak aja di kasih uang pak,-,0,Negatif,1,Sarkas,Jepang:Blunder
Mb nana🇮🇩,Indonesia banyak yang miskin pak. Jepang maju gubernur nya juga mikirin rakyat nya biar gak miskin,-,0,Positif,5,Senang,Jepang:Dukungan
Ian,heran deh kenapa bodo bodo sih 😂,-,0,Negatif,2,Sarkas,Beras:BedaHarga
TS REAL,"agak lain ini Mentri yaa,,,,ahhh nga tau mau ngomong apa lgi.",-,0,Negatif,2,Sarkas,Mentan:Blunder
Jijin Pisir,"ya iyalah ribut.. orang kita beli sendiri.. nah pejabat ada tunjangan beras.. nggak heran lah kalau santai Bae.. tunjangannya aja bisa buat lain""",-,0,Negatif,2,Sarkas,Beras:Mahal
saye suku laut ⚓,"ada beras di kasih sama gaza 10.000 ton akhirnya harga beras naik, rakyat makin menjerit coba bantu dulu rakyat di dalam negeri kalo sudah sejahtera baru tolongin masyarakat luar negeri 🙏",-,0,Positif,5,Senang,Beras:BantuRakyat
s_hafsoh,pendapatannya berapa pak paerkapitanya,-,0,Negatif,1,Marah,Mentan:Blunder
Moonfitstore,"Di jepang ekonominya beda sm di indo, pendapatan rata2 di jepang n di indo jg beda 😌, klu beras mau dijual 100rb per kilo di indo, di benerin dlu pendapatan masyarakatnya... ni menteri klu ngomong asbun g di nalar dlu 😌",-,0,Negatif,5,Marah,Mentan:Blunder
van 🍉,"gaji bapak lebih besar daripada umr jepang, pantes dia ngomong gitu",-,0,Negatif,2,Sarkas,Gaji:Besar
.....,"gajih urg ge 3 juta ,ddtu mah belasan ..kaget",-,0,Negatif,1,Kaget,Beras:Mahal
siza,"di jepang yg mau nikah di kasih duit sama pemerintah nya dan yg mau punya anak juga di kasih duit lgi sama pemerintah nya ,, nah kalo mau sama kyak jepang ini dulu lah di lakuin🤣🤣",-,0,Positif,5,Senang,Jepang:Keren
Teo Zakeru,"apapun yg memberatkan rakyat dibandingin dgn negara besar, tapi kalau menyangkut kemakmuran rakyat bisanya cuma bandingin dgn timor leste 🤣🤣🤣",-,0,Positif,5,Senang,Aspek:Sentimen
jainul Simanjuntak anak kualuh,ini lah ciri2 org yg tidak berpikir..,-,0,Negatif,1,Sarkas,Mentan:Blunder
cherry91,menteri pak Prabowo gak ada yg waras,-,0,Negatif,1,Sarkas,Mentan:Blunder
My Cutes,"kalau gaji rata² kita kya dpr, gpp deh pak beras naek, 100k/kg pun tak masalah.",-,0,Positif,5,Senang,Gaji:Banyak
Cancer ♋️,Main main ke jepang pak. Dan tanyakan gaji pelayan toko disana biar bapak paham,-,0,Positif,5,Senang,Jepang:Menarik
Ya Humairah,pejabat pikirannya udah pada gelo,-,0,Negatif,1,Sarkas,Pikirannya:MentanBlunder
✨mauliza😻,yaudah setiap petani padi olah sendri aja gak usah jual ke agen buat pabrik sndri giling sendri kita simpan sendri kapok ntar dia gak ad lgi Pdi dri kita,-,0,Negatif,5,Marah,Mentan:Blunder
Aminah,adedhhh,-,0,Negatif,2,Marah,Beras:Mahal
Zoro_88,haha ini katamya mentri yg paten itu,-,0,Negatif,2,Sarkas,Mentan:Blunder
@libra,jepang negara yg gimana bos,-,0,Negatif,5,Sarkas,Jepang:NegaraYangGimanaBos
Fauzi,naikan juga gaji UMR indonesia klo kau naikan harga beras,-,0,Negatif,2,Sarkas,Gaji:Beda
unknown,Rejekiku hari ini wd 28Jt,-,0,Negatif,2,Marah,Beras:Mahal
mcd.88,jangan samakan negara kita dgn jepang pak....,-,0,Negatif,2,Marah,Mentan:Blunder
putri BUNGSU ☘️,"harga beras harus seimbang dgn harga gabah, agar konsumen beras dan petani sama2 untung, karena Skrang modal tani juga GK main2 mahalnya",-,0,Negatif,2,Sarkas,Harga:BerasMahal
roamingGirl,"kalo pendapatanmu ,ya jlas gak ribut pak ..",-,0,Negatif,2,Sarkas,Pendapatan:BisaDipahami
Bandung Online,anjay.... jepang pulak,-,0,Negatif,2,Sarkas,Jepang:Anjay
umi sholihah,konsep e piye kok disamakan jepang.. yaallah..,-,0,Negatif,1,Sarkas,Konsep e piye:Blunder
nnaa.,semua otak mentrinya koplak semua efek kebanyakan menghayal,-,0,Negatif,1,Sarkas,Mentan:Blunder
tiomargana2,"menteri""nya aneh"" 5th kedepan",-,0,Negatif,5,Sarkas,Mentan:Aneh
lajoorting,"kamu bicara Krn tidak paham kehidupan rakyat jelata bos, menurut mu apakah mencari uang sama mudahnya di Indonesia dgn jepang???",-,0,Negatif,2,Marah,Mentan:BedaHarga
Bianco,Jepang income perkapita nya brp tolollll,-,0,Negatif,1,Sarkas,Jepang:Kecil
Posting Posting,"Anak suharto kok dikasi panggung sih?? Gak kapok kapok ya,,,??",-,0,Negatif,1,Sarkas,Mentan:Blunder
Hanafi M,😅😅😅,-,0,Negatif,2,Sarkas,Beras:Mahal
AP,di Jepang lapangan kerja terbuka.. gajind jjepngb15 juta bersih.. lah indo... 😂😂😂 kocak,-,0,Positif,5,Senang,Jepang:Kocak
fanina141,😁,-,0,Negatif,2,Marah,Harga:Beras:Mahal
uny_나이,😁,-,0,Negatif,2,Marah,Harga:Beras:Mahal
uny_나이,😄,-,0,Negatif,2,Marah,Beras:Mahal
🌹,🤣🤣🤣,-,0,Negatif,5,Sarkas,Mentan:Blunder
SE7EN,🤣🤣🤣,-,0,Negatif,2,Sarkas,Beras:Mahal
ekakurniawan38105,☺,-,0,Negatif,1,Marah,Beras:Mahal
ekakurniawan38105,🥰,-,0,Negatif,1,Marah,Beras:Mahal
Ndraa,🔥,-,0,Negatif,1,Marah,Mentan:Blunder
!|h@M,😂,-,0,Negatif,2,Sarkas,Beras:Mahal
.,"lah jepang gede coy ekonominya,disini umr paling gede berapa?5,6 juga udah gede banget disini",-,0,Negatif,2,Sarkas,UMR:Malah
Unii 🖤🤍♥️,"bangun woi bangunnn Jepang negara maju, pengeluaran dengan pemasukan seimbang. Indonesia??? ahh sudahlah 🤣 kalau mau narik perbandingan minimal ngaca dulu pak 🤣",-,0,Negatif,1,Sarkas,Mentan:Blunder
yoya,tolol banget cok🤣,-,0,Negatif,5,Sarkas,Beras:Mahal
@'her7099,😂🤣,-,0,Negatif,2,Sarkas,Beras:Mahal
ChrllHnnm_,🥰🥰🥰,-,0,Negatif,2,Marah,Beras:Mahal
mayy,💗💗💗,-,0,Negatif,2,Marah,Beras:Mahal
I Komang,🥰,-,0,Negatif,2,Marah,Beras:Mahal
Ghina Ramadhan,😳,-,0,Negatif,1,Marah,Mentan:Blunder
hadi yatullah,"samakan aja pak harga beras dengan di Jepang,,, supaya petani kita biar makmur",-,0,Negatif,2,Sarkas,Harga:BerasMahal
￶98%,😁,-,0,Negatif,1,Marah,Beras:Mahal
madarijul ulum Al Munawwarah,🥰,-,0,Negatif,1,Marah,Beras:Mahal
Riff,🗿,-,0,Negatif,1,Marah,Mentan:Blunder
sam sodin,di daerah saya desa slemanan udanawu blitar pupuk masih langka....dan beli nya sangat ribet,-,0,Negatif,2,Sedih,Pupuk:Langka
manusia ajaib,🔥,-,0,Negatif,1,Marah,Mentan:Blunder
Hani'ah Haya,🥰🥰🥰,-,0,Negatif,1,Marah,Mentan:Blunder
RIZCS Trump,"Blookk gobloookk jepang negar maju, indo negara mundur. Stupid question!",-,0,Negatif,1,Sarkas,Jepang:Blunder
IYA DONG,🗿,-,0,Negatif,1,Marah,Mentan:Blunder
Cafecefa,😂,-,0,Negatif,2,Sarkas,Beras:Mahal
Htm jaya,woiiiiii UMR indinesia brapa. beda sana jepang..jauuuh,-,0,Negatif,1,Marah,Mentan:Blunder
Iteung,😢,-,0,Negatif,2,Marah,Beras:Mahal
souvenir Semarang Demak,😭,-,0,Negatif,2,Marah,Beras:Mahal
souvenir Semarang Demak,💜,-,0,Negatif,1,Marah,Mentan:Blunder
Evnsta,🔥,-,0,Negatif,1,Marah,Mentan:Blunder
nnaaa,🗿,-,0,Negatif,1,Marah,Mentan:Blunder
PLCSOLUTIONINDO,😂😂😂,-,0,Negatif,2,Sarkas,Beras:Mahal
Rifqi Dani,😁,-,0,Negatif,2,Marah,Harga:Beras:Mahal
🍋,😁,-,0,Negatif,1,Marah,Beras:Mahal
Vaundy,"jepang upah 20jt sebulan, harga beras cuma 1000yen,",-,0,Positif,5,Senang,Jepang:BerasMurah
d@n,😁,-,0,Negatif,1,Marah,Beras:Mahal
Danny,😁,-,0,Negatif,2,Marah,Beras:Mahal
Danny,😂,-,0,Negatif,2,Sarkas,Beras:Mahal
p,🥰,-,0,Negatif,1,Marah,Beras:Mahal
slebewww,😂,-,0,Negatif,2,Sarkas,Beras:Mahal
C-MOOON,"yang kayak gini aja patokannya luar negri, giliran soal bayaran guru jangan samain sama luar negri🥴",-,0,Negatif,2,Sarkas,Patokan:Beda
💪💪,😁,-,0,Negatif,1,Marah,Beras:Mahal
Pribadi Sugianto,@pribadi.sugianto loe lebih cocok jadi mentro,-,0,Negatif,2,Sarkas,Mentan:Blunder
IBenG.XV,negara maju di samain negara ambles gmna to pak pak..,-,0,Negatif,5,Sarkas,Pemerintahan:Blunder
03.bi,😁,-,0,Negatif,2,Marah,Beras:Mahal
Eleutheria,🌸,-,0,Negatif,1,Marah,Mentan:Blunder
🇰 🇴 🇵 🇮𝙃ⁱᵗᵃᵐ 𝙈ᵃⁿⁱˢ𝙚💦,pk Jepang negara Dan Rakyatnya maju😏 lah Indonesia Negara maju Rakyat jdi babu di Jepang dan kalian anggota DPR cuma bisa narik ulur ekonomi kami,-,0,Negatif,1,Marah,Mentan:Blunder
DZAHINHF_1345🌻,dongdong o,-,0,Negatif,2,Marah,Beras:Mahal
markettiktok11,"jgn di smain sma jepang, dia neagara maju,,indo mah masih berkembang",-,0,Negatif,2,Sarkas,Jepang:Beda
Eti Nurbaeti,segini aja udah banyak yng kelaperan,-,0,Negatif,2,Sarkas,Beras:Mahal
Nanang C.H,👍🏻,-,0,Negatif,1,Marah,Mentan:Blunder
panjiakbar,usut @kpk_ri,-,0,Negatif,1,Marah,Mentan:Blunder
dalidalianto,Jepang gaji karyawan beda jauh bosku sopir aja gajinya 60 jt per bln. sedangkan di negara kita cuma bisa buat makan 15 hari gaji 1 bln,-,0,Negatif,5,Marah,Gaji:Kecil
hermi,😳,-,0,Negatif,2,Marah,Harga:Beras:Mahal
hermi,😁,-,0,Negatif,1,Marah,Beras:Mahal
Ms. Parvesho,"Helloo mending mundur pak jadi rakyat biasa aja kalau SDM hanya segini, jepang negara maju pak rakyatnya juga sejahtera, lah Indonesia negara mundur pejabat2nya yg sejahtera pak awoh Ampung dah",-,0,Negatif,1,Marah,Mentan:Blunder
arieeessss♈,@rizalmuk 😳,-,0,Negatif,1,Marah,Mentan:Blunder
iklas,pret,-,0,Negatif,1,Marah,Mentan:Blunder
badrun,😁,-,0,Negatif,1,Marah,Beras:Mahal
Eko Isuzu,"pemerintah segera buat gudang baru dan segera mengambil alih pemasaran beras kepada rakyat, beras dr petani segera di beli negara gabahnya kemudian diproduksi sendiri oleh negara gabah tersebut menjadi beras kemudian di simpan dlm gudang beras yg dimiliki negara, kemudian melalui kelurahan atau pasar kabupaten atau pasar kota, adalah contoh pasar yang melibatkan pemerintah sebagai pengelola dan penyedia fasilitas. ditunjukkan penjualan beras ke rakyat, jdi tdk melibatkan swasta dlm penjualan beras, sehingga hrga beras dpt di kuasai dan di intervensi negara , begitu pun dengan telur dan daging sapi, konsepnya hrs sama sprt yg saya utarakan, tekan beras per 5 kg jadi 40 RB di beli oleh rakyat",-,0,Positif,5,Senang,Pemerintahan:Inovatif
Ainun makeup weeding,Lah kok di samain sama jepang pak bapk udah mnm obat pak😂,-,0,Negatif,2,Sarkas,Mentan:Blunder
tofunk,sesuai kan lah sama pendapatan telor,-,0,Negatif,2,Sarkas,Pendapatan:Beda
Alif Al Badar,apa gak ada rupanya program pemerintah untuk mensejahterakan petani karet?😭,-,0,Negatif,2,Sedih,Program Pemerintah:Kurang Efektif
munirakemhay,🥰🥰🥰,-,0,Negatif,1,Marah,Mentan:Blunder
Bunda Rebhita,gaji jrpang perbulan piro pak..ilmu matematikamu gae nen ...sekolah mat oleh piro iku biyen..kok iso jad pejabat😂😂,-,0,Negatif,1,Sarkas,Gaji:Kecil
ari,😂,-,0,Negatif,2,Sarkas,Beras:Mahal
akbar1234,belum tau dia di jajak warga kayak di nipal,-,0,Negatif,2,Sarkas,Mentan:Blunder
Whike86,musim apa. ini pak. ga takut pak,-,0,Negatif,2,Sarkas,Pak:Beda
BHAKTI MANDIRI COMPUTER,gak perlu retorika ini itu yg di inginkan rakyat adalah harga kebutuhan pokok khususnya beras MURAH ...,-,0,Negatif,1,Marah,Harga:BerasMahal
Kesatria120R,otak nya di mana ni orang,-,0,Negatif,5,Sarkas,Otak nya di mana ni orang:Mentan
Yoo San,"kenapa anda g minggt saja ke jepang,dr pada d indoesia ,menghaibisiuang rakyat,SMG mendelik JK mkn uang rkyat",-,0,Negatif,5,Marah,Mentan:Blunder
fahmi bisauqin,mentri pertanian otaknya eror,-,0,Negatif,1,Sarkas,Mentan:OtaknyaEror
kencana,ogdj ini mah,-,0,Negatif,2,Sarkas,Beras:Mahal
SNN,UMR nya beda Bapak 😭🙏,-,0,Negatif,2,Sarkas,UMR:Beda
Rasma,mantap pak,-,0,Netral,3,Netral,Pak:Mantap
Dea Putri,Itu yg ngomong nama nya siapa,-,0,Negatif,2,Sarkas,Mentan:Blunder
Norhayati,pak kata nya swasembada beras tp kok lebih mahal harganya di banding pas impor beras,-,0,Negatif,2,Marah,Beras:Mahal
Ravelvv,gaji juga samain 50jt juga pantes rakyat menderita dpr nya aja gini,-,0,Negatif,1,Marah,Gaji:Kecil
dany sejahtera31,liat indonesia pk.... kalau sjahtra harga barang pantas mahal.... tapi ini...udah umr rendah.kerja susah....lgi harga barang tinggi....pikir dulu pk,-,0,Negatif,2,Marah,Harga:Beras:Mahal
darving,ini cocok banget sama syaroni 😂,-,0,Negatif,2,Sarkas,Beras:Mahal
Boujee shop,salah pilih lagi nih,-,0,Negatif,1,Sarkas,Pembandingan Harga:Beda
tyaz,"di jepang korupsi minim , UMR tinggi. disini gmn",-,0,Negatif,1,Marah,Mentan:Blunder
mirahana,Harga beras naik terus😭,-,0,Negatif,2,Sedih,Harga beras:Mahal
SHAKA,MENTRI G*BLOK,-,0,Negatif,1,Sarkas,Mentan:Blunder
MX _kWi202,kasihan petani obat obatan tanaman gak murah klaw mau murah bahan pangan murahkan obat obatan pertanian lah DONGGO,-,0,Negatif,2,Sarkas,Beras:Mahal
𝓒𝓲𝓽𝓻𝓪 𝓟𝓻𝓮𝓼𝓽𝓲𝓼𝓮,jepang 100rb/kg tp harian pendapatan disana bisa 1jt lebih..di indo 15rb pendapatan harian mayoritas 50-100 ..kan JEMB*D!🗿,-,0,Negatif,1,Marah,Mentan:Blunder
Uncu beruh,bravo pak mentri pertanian,-,0,Positif,5,Senang,Mentan:Support
Indr@$1000,pea,-,0,Negatif,2,Marah,Harga:Beras:Mahal
mass ronyy,🥰,-,0,Negatif,1,Marah,Beras:Mahal
POOR Rp,jepang negara maju pak... indonesia hanya hidup korupsi mana mau bersaing dgn jepang,-,0,Negatif,1,Marah,Jepang:Kegagalan
dinazulfa,iya lah jepang beda jauh sama Indonesia bro,-,0,Negatif,2,Sarkas,Jepang:Beda
TOKO ALFIYAN,gilaaaa beras dah naik parahhhh,-,0,Negatif,1,Marah,Beras:Mahal
Anne,ya sana lu ke Jepang aja pak.. pak,-,0,Positif,5,Senang,Jepang:DapatDijajal
teguh agustian ☑️,gajih Jepang berapa pak bos qu gajih saya di Indonesia berapa,-,0,Negatif,2,Sarkas,Gaji:Beda
Ahmad Rizqi Al majid,disamain dengan jepan negara majuuuu,-,0,Negatif,1,Sarkas,Jepang:Blunder
april,lu gajinya kegedean,-,0,Negatif,2,Sarkas,Gaji:Kecil
yanthiechemunguds,Kejadian yg menimpa anggota dpr dia tdk jadikn pelajaran punys mulut asal nyablak wae,-,0,Negatif,1,Sarkas,Mentan:Blunder
ernasuryadihalawa70,Maluuuu🤭😂😂,-,0,Positif,5,Senang,Maluuuu:Bahagia
user6872082351133,sekaran harga minyak kita di pasar tradisional Rp18000 apa mentri lakukan.hanya bikin vedio untuk social media.,-,0,Negatif,1,Marah,Mentan:Blunder
Orang Kaya,😁,-,0,Negatif,2,Marah,Beras:Mahal
Orang Kaya,😂,-,0,Negatif,2,Sarkas,Beras:Mahal
~Abi~,"rakyat indonesia disamakan dgn penghasilan rakyat Jepang 😅😆 , ini perkataan pejabat atau anak baru ngomong",-,0,Negatif,1,Sarkas,Mentan:Blunder
udin,"bapak tidak mikirin nasib bawah orang miskin, jepang Negara maju bapak",-,0,Negatif,5,Marah,Mentan:Blunder
ramadoank,"indonesia jngn di samakan sama jepang,ekonomi di sana baik2 saja,penghasilan rakyatnya lebih dari cukup,sedangkan sebagian rakyat indo pendapatan sehari cuman cukup buat kebutuhan sehari kadang kala gak cukup,kalau kehidupan rakyat kita terjamin mau harga beras 50 rbu 1 kg,bensin 25rb 1 liter,minyak goreng 100 rbu 1 liter jga mungkin gak akan ngeluh.",-,0,Positif,5,Senang,Harga Beras:Wajar
Wulan Rahmadhani Uti A,"hlaa bapak gajinyaa puluhan jutaa e , 😭",-,0,Negatif,1,Sedih,Gaji:Kecil
kutisari10,ngomong ta k3mu😳,-,0,Negatif,1,Marah,Mentan:Blunder
RAMADHAN,KITA HARUS DEMO LAGI UTK TURUNKAN ZULHAS KRN HARGA BERAS NAIK LAGI,-,0,Negatif,1,Marah,Mentan:Blunder
antysyam,Kita bersyukur bahwa menteri pertanian terus berupaya agar harga gabah terjaga dan konsumen tdk terbebani . Masyaallah pak menteri sehatki,-,0,Positif,5,Senang,Mentan:Setuju
"adabosqyue,☝️",aduh itu cocotnya pengen saya ruwet² ☺️😻,-,0,Negatif,1,Marah,Mentan:Blunder
Ahmad Kirom,bgmn bisa dibandingkan Jepang ? bgmn analisa nya ?,-,0,Negatif,2,Sarkas,Analisis:Beda
kangcule622,"siapa sih milih dia jd mentri pertanian, coba pilih mentri yg pintar bukan mentri yang katuju mamintari masyarakat",-,0,Negatif,2,Sarkas,Mentan:Katuju
🥰GREAT MOM F.S.P🥰,kalian semua salah paham tentang apa yg di katakan puang Amran..pak Amran itu orang jujur...,-,0,Negatif,5,Sarkas,Mentan:Blunder
ayunirmdty,Pengen banget gua kata DONGO depan congornya,-,0,Negatif,2,Sarkas,Mentan:Blunder
Defizainaputri,ditempat kami beras harganya 12 rb perkilo pak😌,-,0,Positif,5,Senang,Beras:Murah
Ba'iL KaTuq,minta di grudug ini Mentri dancoooq,-,0,Negatif,2,Marah,Mentan:Blunder
Bunga Melati,"Mentri Indonesia ni tak mikirkan rakyat nya ,mentri di jepang mikirkan rakyat nya .lah mentri Indonesia mikir kluarga nya sendiri mana rakyat gak ribut leeeeek.",-,0,Negatif,1,Marah,Mentan:Blunder
BUNGSU 🐜,apakah indo layak di samakan dengan jepang ?,-,0,Negatif,2,Marah,Indonesia:BedaDenganJepang
sekarjuminten,wong pinter cangkeme asal jeplak ora mikir ke wong cilik ampun²😞😞,-,0,Negatif,1,Sarkas,Mentan:Blunder
H3*$37,"maaf....pak Mentri mensejahterakan petani bole Mala bagus tapi tdk seperti itu, ngapunten harusnya bapak buat banyak banyak pengairan supaya petani bisa panen 3-4 kali dalam 1 tahun jadi kehidupan petani juga sejahtera konsumen juga semoga bermanfaat",-,0,Positif,5,Senang,Pengairan:Bahagia
H3*$37,"maaf ya pak maaf....sy mau tanya jepang UMR nya berapa sedangkan Indonesia berapa, ya Allah pak BOK Yo sekali kali turun kemasyarakat biar tahu pendapatan masyarakat kecil seperti kita😳",-,0,Positif,5,Senang,UMR:Perbandingan
Tasya1315,lambenu pak.,-,0,Negatif,2,Sarkas,Mentan:Blunder
Pincuu,anjiirrr perbulan nya aja jepang 15jt perbulan kita mahh ada yang masih 2-3jt perbulan woiyy melekk lah pakkkk😭😭😭,-,0,Negatif,1,Marah,Harga:BerasMahal
chacha imoetz,@RSJ-77 tengok nih dengarin baik2 dan emang mentan Mau Menyamakan beras indonesia dan beras jepang lho skrng beras 5 kg harganya 80 rebu Ngotak dikit,-,0,Negatif,2,Marah,Beras:Mahal
alfretdo Siahaan,yaa ampun sekelas Mentri cara kalkulasi kyak begini,-,0,Negatif,2,Sarkas,Cara Kalkulasi:Mentan Blunder
OpHe08,utek e disumpet kapas,-,0,Negatif,2,Sarkas,Beras:Mahal
Zainal@bidin111,bagus.👍👍👍itu harga bras di jepang 100.000👍👍👍♥️♥️♥️. Karena Nang nanam padi orang jepang. jadi buat makan keluarga warga Jepang sendiri.,-,0,Positif,5,Senang,Beras:Bahagia
toko src,anj disamain sm jepang,-,0,Negatif,2,Sarkas,Beras:Mahal
bosrode,ngerasa pintar ya pak 😂,-,0,Negatif,2,Sarkas,Mentan:Blunder
Syakirabeautyfashion,"harusnya kemaren dari rumah sahroni, iya kuya sama eko lanjut ke pak mentri ini",-,0,Negatif,2,Sarkas,Pak Mentri:Blunder
Mama123,ga sekolah...paling ...,-,0,Negatif,2,Sarkas,Beras:Mahal
Mama123,sempel😂,-,0,Negatif,1,Sarkas,Beras:Mahal
jutex_ll,"mentri sebenarnya pinter apa begoh sih,, kenapa g dibandingin dg negara yg bebas pajak dan dapat uang per nyawa... kenapa bandingin soal beras saja,, g ngotak mang tau susahnya rakyat cr nafkah tuk nyambung hidup woooii",-,0,Negatif,1,Marah,Mentan:Blunder
Muhammad Arhan,Mentri Hau Hau ga ada kualitas saja bisa jadi mentri,-,0,Negatif,1,Sarkas,Mentan:Blunder
leni002,nya heuuh atuh di jepang gajihna 20 jt di indo umr kan 3 jt lebih kumaha di saruakena,-,0,Negatif,1,Marah,Mentan:Blunder
TITANIUM🔑,palestin 1000 ton dikirim...😂😅😅,-,0,Positif,5,Senang,Palestin:Beras
Ardhy121,jepang negara maju.. pekerja sampah pun gajinya gede bangett,-,0,Positif,5,Senang,Gaji:Banyak
DA ♌️,1 juta yen = 100juta rupiah kurs 2014 yey… mohon maaf Bapak 🙏🏻🙏🏻,-,0,Positif,5,Senang,Kurs:Bisa
fiafajarfaher,UMR Indonesia brp? kok bisa2nya bandig2ngin dengan negara jepang?? menteri2 indonesia makin kesini makin kocak🤣,-,0,Negatif,5,Sarkas,Mentan:Kocak
Murni Bundy Agnika,UMR jepang 20jt UMR indo di bawah 5jt,-,0,Negatif,2,Marah,UMR:Beda
Imarpandi,"enak nya kau ngomong,mmg bagus rakyat turun tangan,demo abis² San,sakit hati dgn cara berpikir kalin",-,0,Negatif,1,Sarkas,Mentan:Blunder
Cinunk,ngomong nya kayak anak TK 😂,-,0,Negatif,1,Sarkas,Mentan:Blunder
"JiminUser13@gmail,com","jepang negara maju dan jujur pemerintahnya,jadi makmur rakyat'nya. ..",-,0,Negatif,2,Sarkas,Jepang:Kecil
KrisTyan Bonsai,🙏,-,0,Negatif,2,Marah,Beras:Mahal
anti pelan😹,mantap pak mentan terus perjuangkan kesejahteraan petani,-,0,Positif,5,Senang,Mentan:Dukungan
AhmadBerkah🌾,ini ni yang patiin pedagang beras😏. situ bisa beli gabah mahal jual murah pakai subsidi😁,-,0,Positif,5,Senang,Pedagang beras:Kreatif
Paroji murti Murti,ini negara Indonesia bukan luar negri tidak d sama kan sama negara lain bapa salah klo d sama kan d luar nerldri pa naik sedikit ribut itu udah wajar,-,0,Negatif,2,Marah,Mentan:BedaDenganLuarNegeri
Tridel,kaga ngerti UMR kali ya ni org,-,0,Negatif,5,Marah,UMR:Beda
mamtasyakira,bpk ngomong kok asal jeplak naik sedikit sja kok ribut gak ribut ya apa pak per ekonomian di indobesia kayak gini?,-,0,Negatif,2,Sarkas,Mentan:Blunder
Arul Moch,Begonya udah mendarah daging apa ya,-,0,Negatif,2,Sarkas,Mentan:BedaHarga
Prabowo3periode,bego amat,-,0,Negatif,2,Sarkas,Beras:Mahal
3456712347890,"gouuuublooook menteri menteri indonesia periode presiden prabowo ini semua ta!, kalian hedon di negara ini ,, tapi kau ngomong orang2 kerja keras guru,medis, rakyat buru tapi tidak dikasih imbalan sepantas kerakyat, edan",-,0,Negatif,1,Marah,Mentan:Blunder
Nurma Yunita Sinaga,jelas² dungu gt di bilang dungu kok marah,-,0,Negatif,5,Sarkas,Mentan:Dungu
Rahma Dhani,"menteri-menteri prabowo emang orang-orang pilihan, dipilih karena goblog luarbiasa",-,0,Negatif,1,Sarkas,Mentan:Blunder
💛yellowduck💛,"pantas rakyatnya pada miskin, pemimpinnya pada tolol 😭😭😭",-,0,Negatif,1,Sarkas,Pemimpinnya:Blunder
sunarti,padahal tadinya akunudah ngefans sama bapak mentri satu ini..tapi dengar penyataan nya kayak gini..gobdok aku... wee pak...gaji umr rakyat kita 3jt..jepang 20jt...gimana mo disamakan pak????🤣,-,0,Negatif,1,Marah,Gaji:Kecil
Kadek Wiadi,pakta dilapangan gabah msh dibeli rendah.,-,0,Negatif,2,Sarkas,Harga:BerasMahal
Arii,Ni calon calon ky kmrn 😂😂,-,0,Netral,3,Sarkas,Komentar:BerisiHumor
AkhaNana,mulutmu pakk....iya itu mulutmu yg perlu dijaga👊👊👊👊,-,0,Negatif,1,Sarkas,Mentan:Blunder
Bakso,t0l0l dipelihara kesel bgt.,-,0,Negatif,2,Marah,Mentan:Blunder
twin,"UMR jepang berapa, Indonesia berapa @gerindra @DPR RI",-,0,Negatif,2,Marah,UMR:Kecil
Y,pola pikir macam apa ini,-,0,Negatif,1,Marah,Mentan:Blunder
susi jaya muammar,sekarang gaji bapak di kurangi aja gmn terus bapak GK usah dpt jatah beras dan bapak beli beras sendiri gmn pak ?,-,0,Negatif,1,Marah,Gaji:Berkurang
Henisusvianty,bapak ini sekolahnya dulu gimana ya?,-,0,Negatif,5,Sarkas,Bapak ini:Blunder
𝕖𝕝-𝕔𝕙𝕒𝕡𝕠 𝟜𝟙,"pak,,kalau ngambil kebijakan / berbicara hati - hati",-,0,Negatif,2,Sarkas,Kebijakan:Mentan
LALA PAN 🥗,"anjir bru ngeh ini berita pas awal bulan gw mau stock beras pada gaada ... gimana si ini woi , gw ampe beli di shopee",-,0,Negatif,2,Sarkas,Beras:Mahal
Dhelima Kitchen,Alamat dia kemarin ga di spill yak,-,0,Negatif,2,Sarkas,Mentan:Blunder
user462479,"kebanyakan artis anggota DPR nya, jadi di buat hiburan di buat org ini",-,0,Negatif,1,Sarkas,Mentan:Blunder
anitaningrum,sedeng menterine pertanian 😅 gemes bgt kasian yg rakyat kecil,-,0,Negatif,2,Sedih,Mentan:Kasian yg rakyat kecil
siti wasiati,orang goblok koh jadi DPr,-,0,Negatif,2,Sarkas,Mentan:Blunder
miftah,itu jepang negara maju . kita aj masih ada rakyat yg makan ubi,-,0,Negatif,5,Marah,Jepang:Beda
Bu Ganik,Mosok disamain.... Jepang Gaji gede nggak ad pengangguran,-,0,Negatif,5,Sarkas,Jepang:Kecil
A Setiawan17,D4ngkal,-,0,Negatif,1,Marah,Mentan:Blunder
Anisa Jaya Motor,wkwkwkwkk,-,0,Negatif,2,Sarkas,Beras:Mahal
Rayyan,UMR indonesia UMR jepang berapa ia luur?,-,0,Negatif,1,Marah,UMR Indonesia:Mahal
Andi Usral,mantap,-,0,Negatif,1,Marah,Beras:Mahal
Chica marry,"KLO SEMBAKO NAIK APALAGI BERAS, YAH NAIKIN JUGA GAJI UMR NYA RAKYAT, BUKAN GAJI DPR YG NAIK PLAK 🤦🏼‍♀ ASTAGFIRULLAH SI BAPAK INI SEHAT GAK SIH MENYAMAI INDONESIA SMAA JEPANG, INCOME NYA BEDA COYYY",-,0,Negatif,1,Marah,Mentan:Blunder
Mom Fadia,"Bapak pikirnya rakyat itu cuman petani doang???? Di sini cabe 1ons 7000 sedangkan gaji kami sebulan 3jt belum kebutuhan anak susu nya,pampers pintar dikit lah pakkkkk",-,0,Negatif,1,Marah,Mentan:Blunder
🗯akun yg di blokir🗯,"gajih jepang sama indo beda pak gajih di indo brapa di jepang brapa pak seenaknya aja ngomong.gimana kalo tukang ojrk kaya suami ku yg gajihnya pas""an",-,0,Negatif,1,Sarkas,Mentan:Blunder
𝓟ø𝓳𝓸𝓴𝓪𝓷,pejabat bangsat😡,-,0,Negatif,1,Marah,Mentan:Blunder
@ibuneseptiyan🥰,"di turunin aj ni mentri, jd satpam😂",-,0,Negatif,2,Sarkas,Mentan:Blunder
Khalid_Store,YA GAJINYAA LU SAMAIN ANJ 😭,-,0,Negatif,1,Sarkas,Mentan:Blunder
ReShophie,satu kata buat bapaknya : tuololllllll,-,0,Negatif,2,Sarkas,Mentan:Blunder
Kristiana R,jepang negara maju..kita negara berantah...,-,0,Negatif,2,Sarkas,Jepang:Beda
Follow 😘🥰,😅,-,0,Negatif,1,Marah,Beras:Mahal
Follow 😘🥰,😁,-,0,Negatif,1,Marah,Beras:Mahal
tidak_tau,tolo*,-,0,Negatif,2,Marah,Harga:BerasMahal
Tiara Aenun Khafidah,"ya umr dinaikan ouh di indo aja cuman 4,5 paling besar di jepan gajih udah 30 jt berapa lipetnya itu😂😂😂",-,0,Negatif,2,Sarkas,UMR:Besar
chie,pakkk jngan aing2 Jepang dibanding Indonesia gmna itu,-,0,Negatif,1,Marah,Mentan:Blunder
triez.van,lah di samain sama jepang ga skalian samain sama amerika😂😂😂,-,0,Negatif,2,Sarkas,Jepang:NotComparable
Karins,"YAUDAAAHHH KASIH RAKYAT TUNJANGAN BERAS 12JT SEBULAN BIAR NGGA RIBUT, ON!",-,0,Negatif,5,Marah,Mentan:Blunder
vladimir,😁,-,0,Negatif,2,Marah,Harga:Beras:Mahal
vladimir,🥰,-,0,Negatif,1,Marah,Beras:Mahal
nanda,paaak mikir pak,-,0,Negatif,2,Sarkas,Mentan:Blunder
bamz racing,bandingin dengan Jepang umurnya 20jt pak,-,0,Negatif,2,Sarkas,UMR Indonesia:BedaDenganJepang
NIZAM,😁,-,0,Negatif,1,Marah,Beras:Mahal
🌹Riiiinnnn🌹,yuk maen ke akunnya beliau,-,0,Negatif,2,Sarkas,Mentan:Blunder
Aynie Cempluk,"pusing aaaaku,, apa aku harus pindah ke Jepang aja yaaak...😳",-,0,Negatif,1,Marah,Mentan:Mahal
Efriyani Annisa,ini orang lulusan apa komen gini paaaaakkkk,-,0,Negatif,1,Sarkas,Mentan:Blunder
Nursiah ali,mantap pak mentan,-,0,Negatif,2,Sarkas,Mentan:Blunder
MASNU/& PRINCE BLUE,jangan kau bandingkan beras Mangkok dan beras bulog,-,0,Negatif,2,Sarkas,Bandingkan:Beda
rifaizidan,hah pejabat bacot. rakyat byk yg miskin,-,0,Negatif,2,Marah,Mentan:Bacot
bubble gum 💖🍭🪷🧼🌷,🥰,-,0,Negatif,1,Marah,Beras:Mahal
@BuBay,"hallo pakkkk,, UMR beda pak apalgi jawa tengah,plis bapak, jepang 20jt pling dkit lha siniiii bapa coba pak",-,0,Negatif,1,Marah,Mentan:Blunder
Dewani Vernanda,Please pak umre bedoooo adohhh,-,0,Negatif,1,Marah,UMR:BedaDenganJepang
kacangkriuk15,ngomong aja nge-lag pak pak,-,0,Negatif,2,Sarkas,Mentan:Blunder
Ruang Cukur Kotabaru,sekolahnya sampai tingkatan apa sih pola fikirnya belum sekolah kayaknya,-,0,Negatif,5,Sarkas,Pola Fikir Mentan:Blunder
⭐️Dear Vhiee🇮🇩,UMR jepang brpa pak 🤣🤣🤣ngakak jir,-,0,Positif,5,Senang,UMR Jepang:Keren
mahluk bumi,ni ini yg namanya Mentri tolol...bandingkan juga UMR nya,-,0,Negatif,2,Sarkas,Mentan:Blunder
xianxian mendukung🥀,eeeeeeee.. 🙁,-,0,Negatif,1,Sarkas,Mentan:Blunder
SODIQ HONDA,mentri kok goblog.,-,0,Negatif,2,Sarkas,Mentan:Goblog
flying piston,otakykaga ada,-,0,Negatif,1,Marah,Mentan:Blunder
maciato,"disamaiin sama jepang, goblok banget... umr indonesia sama jepang beda jauh... 😏",-,0,Negatif,1,Marah,Mentan:Blunder
foxxx,🧐,-,0,Negatif,1,Marah,Mentan:Blunder
Nadiarrrrr,YaAllah disamain sama jepang,-,0,Negatif,1,Marah,Mentan:Blunder
Maya_syafana,😁,-,0,Negatif,1,Marah,Beras:Mahal
Pemuda Hijrah,btw bapak ini ga masuk list bedah rumah 😁,-,0,Negatif,2,Sarkas,Mentan:Blunder
Flowerpuff,Jepang nyemprot pakai helikopter pakk wajar mahal😂,-,0,Positif,5,Senang,Jepang:WajarMahal
Bubun,"awas lo yoo,masuk dftr penjarahan massa",-,0,Negatif,2,Sarkas,Mentan:Blunder
ekoko,"Emang benar beras di jepang RP100k per kg tetapi tidak ada wakil rakyat yang KORUPTOR,uang pajak pun di kembalikan.",-,0,Positif,5,Senang,Beras:Murah
RIYADI,"hati hati pak,,jaga prestasi bapak..",-,0,Negatif,2,Sarkas,Mentan:JagaPrestasi
mbahdwan,"mentri kok gini amat daya beli masyarakat jepang dan indonesia beda jauh ,umr kita rata2 3jt ,untuk makan 1 bln saja -+ 400rb belum ,listrik ,aii bersih ,jajan anak2 ,belum yg lain2 ,1 th naik hnya 100rb itu kalau naik",-,0,Negatif,1,Marah,Mentan:Blunder
Yuliana Dee,anjing lagi njegok..😁,-,0,Negatif,1,Sarkas,Mentan:Sarkas
haii aku Adam👋,ya ampun gimana sih pak,-,0,Negatif,2,Sarkas,Mentan:Blunder
Lyon,YAALLAAAHHH,-,0,Negatif,2,Sarkas,Beras:Mahal
Muhamad Ibnu hasan,wkwkwk di samain sama jepang wkwkwkw ngakakkk wouyy ekonomi rakyat Indonesia jauhhh sama jepang loll gimana iniii haduh haduh😂🗿,-,0,Negatif,1,Marah,Mentan:Blunder
𝐀𝐧𝐝𝐲_𝐃𝐚𝐧𝐤𝐬𝐬,negara bobrok dibandingin ama negara maju anj,-,0,Negatif,2,Sarkas,Aspek:Bobrok
cifa chan,target berikutnya geyss😅😅🤭🤭,-,0,Negatif,1,Sarkas,Mentan:Blunder
Cherry🍓,lihat dulu UMR nya😏 jepang brpa indo brpa,-,0,Negatif,2,Sarkas,UMR:Beda
pawpawruruby,"Bener loh pak mentri ini, tujuannya biar petani itu makmur tapi yg jadi masalah sebenernya itu para mafia beras gabah dari petani itu murah bgt guys kadang gak naik2 harganya, oper ke orang ke 2 ke 3 dll jadi mahal bgt sbnernya gapapa mau di bandingin sama jepang pun biar kita mencontoh cara pengolahannya gimana cara pemerintahnya bekerja gimana, karna memang di sana para petani diperhatikan bgt nah itu yg lagi di usahakan pak mentan ini. income perkapita kita memang rendah tapi bisa kali bu tunjangan dpr di potong biar pajak di alokasiin ke tempat yg lebih penting kyk masalah beras ini 😊🙏",-,0,Positif,5,Senang,Pengolahan Beras:Baik
AhmadBerkah🌾,"jangan smpek orang"" demo ke rumah anda pak. jangan asal njeplak",-,0,Negatif,5,Marah,Mentan:Blunder
ikhsan,"mungkin kalian berfikir kalau beliau ini bodoh, tapi d mata para petani beliau adalah mentri yg bisa mensejahterakan petani,",-,0,Positif,4,Senang,Mentan:Setuju
Desi 🇲🇨🇹🇼🏁,jepang umr buat PMI 20-40 beda ma warga ny.. itulah bgus ny luar negeri,-,0,Negatif,2,Sarkas,Jepang:BedaUMR
Ƭɧɑɑɑ彡,lu ngomong gtu krna lu gatau hidup susah pak buka mata buka telinga masyarakat lagi susah woyy,-,0,Negatif,5,Marah,Mentan:Blunder
ex,koplak ne orang...,-,0,Negatif,1,Sarkas,Mentan:Blunder
Penses,😂,-,0,Negatif,2,Sarkas,Beras:Mahal
Penses,🥰,-,0,Negatif,1,Marah,Beras:Mahal
annamilest,😂😂😂 kok disamakan dengan jepang,-,0,Negatif,2,Sarkas,Jepang:NotComparable
Jie,naik harus sesuai dengan pendapatan rakyat...bukan naik harga tapi pendapatan rakyat ngak pernah naik...,-,0,Negatif,1,Marah,Pendapatan Rakyat:Kecil
A.Rojali,hasbiallah ilyas anisa mahesa bahlil amran,-,0,Negatif,2,Sarkas,Mentan:Blunder
edi gaplek,bpk ini kebanyakan nonton kakek sugiono,-,0,Negatif,2,Sarkas,Bpk ini:Blunder
Yao,"Dengan pede-nya dia bandingkan dengan jepang, beginilah hasil jabatan jebolan tradisi bagi2 kue, skill 0 ngelobi 100.💩",-,0,Negatif,2,Sarkas,Mentan:Blunder
Khairul Fahmi,😂,-,0,Negatif,2,Sarkas,Beras:Mahal
Medusa,DONGO,-,0,Negatif,1,Marah,Beras:Mahal
user,😇😇😇,-,0,Negatif,2,Sarkas,Beras:Mahal
Beauty_up,"Gpp pak harga beras naek samakan dg di jepang, tapiiii sejahterakan jg donk rakyatnya sama kayak di jepang. Ojok mung isok ngunggahno rego tok ae, gaki dpr loh pangkasen gae nyaur utange negoro karo sejahterahno rakyatmu",-,0,Negatif,2,Sarkas,Mentan:Blunder
zaenal abidin,itu siapa yang milih dia jadi anggota DPR kok tolol gitu pemikirannya 🤣,-,0,Negatif,2,Sarkas,Mentan:Blunder
LarisBuahSegar,tolollll,-,0,Negatif,2,Sarkas,Beras:Mahal
Lisa Er Msi Mesuji,INI LAGI MENTRI YANG COCOK DIDEMO. GAMPANG KALI MUNCONG NYA MEMBANDINGKAN DENGAN NEGARA MAJU.,-,0,Negatif,1,Sarkas,Mentan:CocokDitolak
♈Ndorooo_ayuAe🫧,mulane cah NK ngulup cubung Ojo okeh2@Moon_moon @Miaty Ficka,-,0,Negatif,1,Marah,Mentan:Blunder
indarsajo81,pekok bgt..,-,0,Negatif,2,Sarkas,Beras:Mahal
L,samakan semua gaji di Indonesia kayak di jepang,-,0,Negatif,2,Sarkas,Gaji:Kecil
ayy,totolll,-,0,Negatif,2,Marah,Beras:Mahal
s3n0111,siap.....klo samakan dengan jepang UMR nya samakan juga dong......,-,0,Negatif,2,Sarkas,Aspek:Beras:Mahal
Mak ronggeng,"beras Lo ribut'e yang indonesia negara pertanian,,,,,negara korut tak ada pejabat yang korupsi dan tidur saat kerja kenapa gak Lo tiru,,,",-,0,Negatif,1,Sarkas,Mentan:Blunder
Miss Junie 2,pak ini beras kjp gda pak.gmn ni pak😢,-,0,Negatif,1,Sarkas,Pak ini:BerasMahal
Desy Nurhalimah,"Gaji umr kita samain dgn jepang donk pak, biar bisa beli beras 1 kg 100rb",-,0,Positif,5,Senang,Gaji:Kecil
suzy,Bapaaaaaaakkk.. yg penting ngomong yaaaaaa…. Untung si ibu ngasih tau kaga apple to apple….,-,0,Positif,5,Senang,Jepang:AppleToApple
gemini,kok ga malu mau nyamain sama negara maju 😭😭😭😭,-,0,Negatif,5,Sarkas,Mentan:Blunder
_adittiyaa21,Wong oon,-,0,Negatif,1,Marah,Beras:Mahal
Alifian syaefuroochman,"satu hari aja bayaran 30 rebu emennnn,beli bengsin 10 rebu sisa 20 rebu,madang apa kita.",-,0,Negatif,1,Marah,Beras:Mahal
bagA,blokkkk,-,0,Negatif,2,Marah,Beras:Mahal
zafira ashira,jepang rakyatnya makmur indonesii rakyat nya melarat yang kaya dprnya,-,0,Negatif,5,Sarkas,"Jepang:Kaya, Indonesia:Melarat"
rania,pembodohan😂.siapa sih dia,-,0,Negatif,1,Sarkas,Mentan:Pembodohan
bluecheese,HAHAHA,-,0,Negatif,2,Sarkas,Beras:Mahal
saturnus,jepang negara maju meski mahal tapi apapun fasilitas disana rakyat benar² merasakan,-,0,Negatif,2,Sarkas,Jepang:Beda
libra,"pak...beras tembus 100 per kg itu gaji UMR di indo berapa, itu bukan beras buat rakyat pak...kalau ngomong bok Yo diliat keadaan masyarakat Indonesia itu seperti apa pak kalau anda ingin beras 100 per kg ,buka lapangan kerja makmurkan pekerjaan mayarakat indo ,jadi kan seperti jepang yg maju itu ,baru beras naikan 100per kg",-,0,Negatif,2,Sarkas,Beras:Mahal
Candro silalahicandro3@gmail.c,😁,-,0,Negatif,2,Marah,Beras:Mahal
♉ rarasi88,goblok yaene dadi menteri,-,0,Negatif,1,Sarkas,Mentan:Goblok
ria mantasuri,semoga petani di Indonesia semakin sejahtera,-,0,Positif,5,Senang,Petani di Indonesia:Sejahtera
agung22,😁,-,0,Negatif,2,Marah,Beras:Mahal
12345678910,@ꪖᧁ,-,0,Negatif,2,Marah,Beras:Mahal
nato,jepang umr ny 30jta botol,-,0,Positif,5,Senang,Jepang:KurangMahal
Masgema,"membandingkan harga beras dengan jepang, tp lupa membandingkan penghasilan dgn jepang. komedi terlucu...",-,0,Negatif,2,Sarkas,Beras:Mahal
bang_julian,"Tapi gua agak paham maksud si bapaknya, memang betul tidak bisa di bandingkan dengan jepang, namun maksudnya konsumen sama petani biar sama sama bisa di untungkan",-,0,Positif,4,Senang,Aspek:Netral
Anak rantau 2,"km digaji masyarkan jelata ,km pajakmu yg nanggung rakyat ,kl masyarakat pajak bayar sendiri.",-,0,Negatif,1,Marah,Pajak:Mahal
sales inhouse Ciputra,goblog,-,0,Negatif,1,Marah,Mentan:Blunder
Magiccc shhoop,govblok bapak nya 🔥🔥🔥,-,0,Negatif,1,Sarkas,Mentan:Blunder
Maghfiroh Rahmayani,bpk tau brpa gaji kami honorer....,-,0,Negatif,2,Marah,Beras:Mahal
Nenk Echa298,"biar sama2 enak naikin jg gaji pegawai swasta di Indonesia pk, di Indonesia harga 100 rbu yo modar no, kebutuhan lain gk kehendel akhirnya masyarakat jg gk sejahtera,,,",-,0,Negatif,1,Marah,Harga:BerasMahal
Butherschoot🧋,sedih bgt sumpah indonesia disamain sama jepang 😭🤣,-,0,Negatif,2,Sedih,Indonesia:BedaDenganJepang
Al Kamal,jangan samakan dong pak,-,0,Negatif,2,Sarkas,Beras:Mahal
Betawi Rawa papan Bintaro,UMR seimbang sama jepang pak harus y 💕🙏,-,0,Negatif,2,Sarkas,UMR:BedaDenganJepang
le cróíssánt_,goblok bngt pemerintah njirr😹,-,0,Negatif,1,Sarkas,Pemerintah:Blunder
woroworo,Pak...ya mikir dikit knp pak...jangan asal jeplak...Hadew...pendapatan SM jumlah penduduknya dah lain soal jumlahnya Pak'e..Hadewww,-,0,Negatif,1,Sarkas,Mentan:Blunder
Piaacuu🍌,"gpp harga naik,tapi gk ush bayr pajak yah.",-,0,Negatif,2,Sarkas,Harga:Beras
Piaacuu🍌,"kalian saja belum memerdekakan rakyat,sudah membahas kenaikan beras yg hanya naik sedikit.",-,0,Negatif,1,Marah,Mentan:Blunder
Piaacuu🍌,"jagan di samain sama negara maju,mereka sukses krna rakyatnya tercukupi,kalian sukses krna rakyatnya menderita.bagi kalian naik harga sdikit bukan apa apa,tpi bagi rakyat jagankan naik sedikit,gak naikpun ada yg masih blm mampu membeli beras.kalian tdk akan tau kalau belum mengalaminya!",-,0,Negatif,5,Marah,Mentan:Blunder
Ridzz,cocot mu wi lo tellll,-,0,Negatif,2,Sarkas,Beras:Mahal
Tutut sakit hatiii😃💔,"jaman mbh harto ,sembako mundak ra koar2..sesuk blonjo ngerti2 mundak do ra bingung.",-,0,Negatif,1,Sarkas,Mentan:Blunder
Dewi Damayanti,"g bisa d banding kan pak dengan jepang ,gajih mereka juga d sana besar pak ,bapak ngebodor nya kelewatan ,trlalu pinter 🤣🤣🤣",-,0,Positif,5,Senang,Beras:BisaDibandingkan
Nurely,Heran menteri merah putih suka sekali gaduh … yg milih menteri nya tdk jos,-,0,Negatif,2,Sarkas,Mentan:Blunder
jena,"kalau gitu, umr Indonesia naikin pak kalau mau di samain sama jepang . 😏",-,0,Positif,5,Senang,UMR Indonesia:Naik
BUNDA ELLA,"jgn disamain dgn Jepang gaji mereka lebih bsr, org bodoh sperti sy aja paham pak",-,0,Negatif,1,Sarkas,Jepang:BedaGaji
L U S Y 🌻,"kalau mau dibandingkan dengan jepang mulai dari pemerintah dulu pak, pemerintah jepang takut mau korupsi coba ikuti dulu itu baru ikuti yg lain, dari hal kecil pun bisa berdampak ke yg lebih besar",-,0,Positif,4,Senang,Pemerintah Jepang:Baik
efaaaryn🧿,"Beda biaya kok disamakan dgn jepang, coba UMR disamakan dgn jepang baru bilang naik",-,0,Negatif,2,Marah,Beda biaya:Mentan Blunder
PikySkyeee🥶🥵,pak pak pak...ini bukan akun pribadinya gk mungkin di dengar,-,0,Negatif,2,Sarkas,Mentan:Blunder
indah shop,🥰,-,0,Negatif,1,Marah,Beras:Mahal
HOKKYJAYAMOTOR,"maka ny pak sering2 masuk desa,masuk perkampungan biar tau,gmna susah ny rakyat ini,jgn KLO liburan tau ny diluar negri doang,",-,0,Negatif,5,Marah,Mentan:Blunder
ItsEvander,jepang 100k per kg karna uang jepang di rupiahkan jd segitu. dan umr mereka besar. lah di indo? kalo harga beras di indo uangnya di conver ke jepang ya murah lah bagi org jepang,-,0,Positif,4,Senang,Jepang:Logika
zenki,"duh puang puang knp bsa salah ngomong sih, lu tau ga dulu di bone bgmn??? inget waktu susah puang",-,0,Negatif,1,Marah,Mentan:Blunder
Elnis L,lah Jepang mata uangnya bukan rupiah,-,0,Positif,5,Senang,Jepang:Logika
Hantzurya,mentri Prabowo idiyot semua pemikiran kek bayi,-,0,Negatif,1,Sarkas,Mentri:Blunder
Kaenjin,wong gblk JD pjbat Yo ngene,-,0,Negatif,1,Sarkas,Mentan:Blunder
elliaxxz_,Tlol,-,0,Negatif,2,Marah,Beras:Mahal
elliaxxz_,Dpr skrng lulusan paud,-,0,Negatif,2,Sarkas,Beras:Mahal
elliaxxz_,G prlu kuliah,-,0,Negatif,2,Sarkas,Beras:Mahal
elliaxxz_,Yokkkkk ngelamar jdi dpr yang gblok bisa jdi dpr ini,-,0,Negatif,2,Sarkas,Mentan:Blunder
Eshall🌷,"negara maju di di bandingkan dgn negara berkembang,udah gila ni mentri",-,0,Negatif,5,Marah,Mentan:Blunder
isnasitastore,naikin UMR nya pak sama kaya Jepang,-,0,Negatif,2,Sarkas,UMR:Malah
siMIF,"ini org semoga hartanya segera diambil semua biar dia tau/merasakan apa yg rakyat kecil rasakan... kox bisa2ne bedain indo vs jepang,..org2 kaya gini itu hrsnya lgsg dipecat saja",-,0,Negatif,1,Marah,Mentan:Blunder
ka zayn,aneh kuliahna kumha ieu,-,0,Negatif,1,Sarkas,Mentan:Blunder
Sumilan_85,"UMR jepang berapa bro,,UMR indonesia berapa",-,0,Negatif,2,Marah,UMR:Perbandingan
pls don't tell mama,"ya masalahnya dimana atuh bapaaakkk di supply chain atau tengkulak atau produksi beras atau apa kan harus dijelasin terus cara jaga stabilitasnya itu juga DETAIL jangan cuma ""sedang diiniin"" hadeeeh",-,0,Negatif,1,Marah,Supply Chain:Besar
fahmi,😩,-,0,Negatif,1,Marah,Mentan:Blunder
eca💋,TOLOLLLLLLLL,-,0,Negatif,2,Marah,Beras:Mahal
inelf,lahh sampean lapo dadi menteri ning keneh,-,0,Negatif,2,Sarkas,Mentan:Blunder
Ainurrosidah,Ya Allah pak pikir yg bener pak. gajine rakyat berapa 😭😭😭😭😭,-,0,Negatif,1,Sedih,Gaji:Kecil
Toko Arin21,owallaaahhh bapake..gaji jepang itu 20 juta..indonesia cuma 3 juta an kok bisa banding bandingin negara jepang yang maju sentosa,-,0,Negatif,1,Marah,Gaji:Kecil
Uri,ya gimana nggak ribut pak? mohon maaf kami ini hanya rakyat jelata 🙏🏽🙏🏽,-,0,Positif,5,Senang,Rakyat Jelata:Dukung
𝓟𝓪𝓵𝓾𝓰𝓪𝓭𝓪 𝓚𝓮𝓭𝓲𝓻𝓲,pinter bgt ya mentri ini untuk membandingkan..joss...!!! pinjem sandal dong kawan,-,0,Negatif,2,Sarkas,Mentan:Blunder
nona1,ngadi ngadi,-,0,Negatif,2,Marah,Beras:Mahal
Nalia..,klo bicara di pikir dlu haduhhh 🙄,-,0,Negatif,1,Sarkas,Beras:Mahal
Haryani,"Bapak, ini rada rada juga ya INDONESIA lawan JEPANG.",-,0,Negatif,2,Marah,Mentan:Blunder
Ikhsan,kalau tidak mampu mundur pak ini temanku bisa gantikan @sa biasa saja,-,0,Negatif,5,Sarkas,Mentan:Blunder
@yah_Al,kaya gini koq ya bs jd menteri...😂😂,-,0,Negatif,5,Sarkas,Mentan:Blunder
Gemini,"heeee umr jepang piro kang, ko dibandingke kr jepang",-,0,Negatif,1,Sarkas,UMR Jepang:Mahal
katnis_aries79,"Mentri sm Dpr sama dongo""nya,.! pndduk Jepang sdh trjamin scra finansial, bisa""nya dibandingkan dg indo, emang anjj**",-,0,Negatif,1,Sarkas,Mentan:Blunder
galuhsprtw,Penghasilan dijepang berapa pak perbulan gak ngotaakk,-,0,Negatif,1,Sarkas,Gaji:Kecil
ismaameliaputriiii,Ini waktu pembagian otk nyampur sama kotoran babi jdi kyak gini,-,0,Negatif,5,Sarkas,Pembagian Otk:Kotoran Babi
seblakaja,Tolong PK turun kelapangan lihat byk org kelaparan PK 😳,-,0,Negatif,1,Marah,PK:Besar
Toko R3 Sukses,ampun dia samain Jepang Ama Konoha.. 🤣🤣,-,0,Positif,5,Senang,Aspek:Jepang:Keren
Zoe Felicia Gabriella,sadarnya bapak ini apa yg dia sampaikan ?,-,0,Negatif,2,Sarkas,Mentan:Blunder
revonacahya🕊,stress,-,0,Negatif,1,Stress,Harga:Beras:Mahal
Aim Tayo,kenapa samakan dengan Jepang? Indonesia kuroptornya saja semakin banyak dan rakyatnya semakin menderita. LOOOOOL,-,0,Negatif,1,Marah,Mentan:Blunder
????????,PLENGER,-,0,Negatif,1,Marah,Mentan:Blunder
aurora🧚🏻‍♀️,dongo bet dongoo,-,0,Negatif,2,Sarkas,Beras:Mahal
ヤシロねねです‼️。,"maksud you? beras di Jepang itu 100 ribu/kg wajar, tinggi gajinya si sana, di Indonesia? gajinya saja ada di bawah rata"" mau di kasi naik? enak kali mulut Anda ya",-,0,Negatif,2,Sarkas,Beras:Mahal
llybiee,banyak blundernya ni anggota,-,0,Negatif,1,Sarkas,Mentan:Blunder
NASIR•🐨,Adududuh Ya udah Gaji juga harus Sama jepang 😌,-,0,Negatif,2,Sarkas,Gaji:Kecil
ndrii,🥰,-,0,Negatif,1,Marah,Beras:Mahal
udangkejuuu,COBAIN DEH LU JADI MASYARAKAT BIASAA,-,0,Negatif,5,Sarkas,Mentan:Bias
Lestari Pakan99,Untung bu Titek masih waras 😌,-,0,Positif,5,Senang,Titek:Waras
.Khun.lee,UMR SAMAIN DONG JEPANG BLOKKKKKKKKZZZZZSSS,-,0,Negatif,1,Sarkas,UMR:BedaDenganJepang
Mael ⚡️,💩💩,-,0,Negatif,1,Sarkas,Mentan:Blunder
SAGITARIUS✨,di pikir ngga kalo ngomong.,-,0,Negatif,1,Sarkas,Mentan:Blunder
iqlima Ayu,pak amran saya kok kecewa ya sama njenengan,-,0,Negatif,2,Kecewa,Mentan:Kecewa
🍒,banyak cincong bgt,-,0,Negatif,2,Sarkas,Beras:Mahal
vhiaaa,"samakan dulu gajinya kaya jepang pak, baru bisa dibandingkan",-,0,Positif,5,Senang,Gaji:Kecil
El,Pd gasekolah ya anjj,-,0,Negatif,2,Sarkas,Beras:Mahal
BECA,Kosong bet dahhhh 😩😩 kepalanya,-,0,Negatif,1,Sarkas,Mentan:Blunder
Naritaaall,Maaf kepo banget menteri menteri tersebut lulusan apa sih .. sesuai bidang di kementerian nya ga sih 😭😭😭 semua ngomong nya kok kek ga paham bidangnya 😭,-,0,Negatif,1,Sarkas,Mentan:Keke
Black34,Bicara bingung sendiri 😁,-,0,Negatif,1,Sarkas,Beras:Mahal
PRIVA,malu sy sbg org sulsel,-,0,Negatif,2,Sarkas,Mentan:Blunder
fayyy,"apa ini Yg di namakn ""ijasah tanda orang perna skola, Bukan tanda orang perna berpikir"" 🤦‍♀️",-,0,Negatif,5,Sarkas,Ijasah:MiskinBerpikir
Sha,ahhhhhhh guoblok,-,0,Negatif,1,Sarkas,Beras:Mahal
Juwita Crianing tyas,Bodo* bgt kok bisa jd mentri🤔🤔,-,0,Negatif,2,Sarkas,Mentan:Bodo
🐬🐙Shyren🐙🐬,Jepang negara maju pak,-,0,Negatif,2,Sarkas,Jepang:NegaraMaju
niar yuni,bapak pindah sana ke jepang ... biar KLO ngomong diajari sopan sama yakuza,-,0,Negatif,1,Sarkas,Mentan:Blunder
开gatha,"bro, kocak !!",-,0,Negatif,2,Sarkas,Beras:Mahal
YANI RIZKY $,jepang negara maju pak plisss . klu kita modyar satu kilo 100 🤣🤣🤣,-,0,Positif,5,Senang,Jepang:Keren
isdaryani25,100rb di jepang yo wajar lawong gajinya bagaikan langit n bumi ma indonesia....wong oon kok iso dadi menteri😂😂😂,-,0,Negatif,5,Sarkas,Mentan:Blunder
azkamuhiba,des,-,0,Negatif,2,Marah,Harga:Beras:Mahal
Dwi heriadi ode,dijepang aja guru adalah salah satu profesi dengan gaji tinggi.. di Indonesia? anggota DPR skrg ngomongnya asbun aja..,-,0,Negatif,2,Sarkas,Gaji:Kecil
N O O N A🐣,"memang kocak bapak tua 1 ini. negara maju disama sama kan dengan negara mundur yg tiap hari cuma ngurus ijazah palsu, ngeruk pajak dari rakyat. heran",-,0,Negatif,1,Marah,Mentan:Blunder
(amir)💛💚,skali kali gaji dpr/Mentri....di turunkan...kira2 protes ga y,-,0,Negatif,2,Sarkas,Gaji:Kecil
AjrilSigmaBoy,,-,0,Negatif,2,Marah,Harga:Beras:Mahal
Sri Baeti,"bisa mikir ga PK ,kamu dikirain orang pintar bisa jdi Mentri ,eeeh malahhhh",-,0,Negatif,1,Sarkas,Mentan:Blunder
rehan,Mentri nya perlu d ganti ....,-,0,Negatif,1,Marah,Mentan:Blunder
leny,yaampun pakkk,-,0,Negatif,2,Sarkas,Beras:Mahal
김른차 ✨🦈,make ni aki aki,-,0,Negatif,2,Sarkas,Beras:Mahal
🕊️,"maap pak mending ente diam aja,dengerin tu bu ketua ,ga bisa dibandingkan",-,0,Negatif,1,Marah,Mentan:Blunder
RifqiFelix27,tlong pak samakan gaji pekerja Indonesia dengan Jepang.... agar kami tidak ribut soal kenaikan beras.... 🙏,-,0,Positif,5,Senang,Gaji:Kecil
하니~😽🩵𝑩𝒐𝒍𝒊𝒑,beras yg biasa gua beli skrg harganya 95.500 😭😭 naeknya byk cok,-,0,Negatif,1,Marah,Beras:Mahal
bayudwikurniawa4,😁,-,0,Negatif,2,Marah,Harga:Beras:Mahal
Irwin Ting,dia punya otak di mana ya di kaki ??,-,0,Negatif,5,Sarkas,Mentan:Blunder
Nggem,Utekmu kue isine apa jane,-,0,Negatif,2,Sarkas,Utekmu kue isine apa jane:Beda
fa mode,indonesia mkin kesini mkin kesana😂😂😂,-,0,Negatif,2,Sarkas,Beras:Mahal
boi hek,😁,-,0,Negatif,1,Marah,Beras:Mahal
Dairy kusut,😻,-,0,Negatif,1,Marah,Mentan:Blunder
ajaa,menteri pertanian kita ternyata mahi mahi,-,0,Negatif,2,Sarkas,Mentan:MahiMahi
Ibu Cila🤍,Kagettt oyyy beras jadi 107rb 5kg😭😭😭,-,0,Negatif,1,Kaget,Beras:Mahal
fendi p,GOBLOK..,-,0,Negatif,1,Sarkas,Mentan:Blunder
takijul,baru naik saja sedikit gk tuh😂😂,-,0,Positif,5,Senang,Beras:Sedikit
🌷Syafira🌷,🥰,-,0,Negatif,1,Marah,Beras:Mahal
user22162736301487,kmi dukun pak mentan.cuma anda tdk mau bekerja,-,0,Negatif,5,Sarkas,Pak Mentan:Blunder
Adlan Awwala,Orang tolol kayak gini kok bisa duduk disitu yaa,-,0,Negatif,2,Sarkas,Mentan:Blunder
eti andyra93,"pak di nindonesia ini bnyak yg susah, jgn samain sm Jepang,,",-,0,Negatif,1,Marah,Mentan:Blunder
eendwiumbarsari,pak penghasilan rakyat mu Ki Piro koq mbok padakno mbek jepang.🤦,-,0,Negatif,5,Marah,Mentan:Blunder
𝐲𝐨𝐮 𝐜𝐚𝐧テꙶ=一,gaji dsana berapa goblok,-,0,Negatif,2,Sarkas,Gaji:Kecil
mzuliyardi19,"ampun pak, ini rakyat apakah smw mampu beli beras",-,0,Negatif,2,Marah,Beras:Mahal
necayyy,kalo gua malu tuh 🫢,-,0,Negatif,2,Sarkas,Mentan:Blunder
gowith theflow,pak.. gaji jepang jauh lebih tinggi😨,-,0,Negatif,2,Sarkas,Gaji:Kecil
yogaaa.,hadeh pak disitu gajinya gak main 1 dijit,-,0,Negatif,5,Sarkas,Gaji:Kecil
lupaaja,"sepertinya bapak ini agak oleng, pendepaatan rata2 lihat pak",-,0,Negatif,2,Sarkas,Mentan:Oleng
yunahcerita,SANA PINDAH KE JEPANG LO PAK,-,0,Negatif,2,Sarkas,Mentan:Blunder
Manusia1%,"DONGOK DONGOK, Comparingnya sama jepang 🤣",-,0,Positif,5,Senang,Comparing:Bah
alexa92,jepang negara maju kita lah kita negara muter2 dsitu2 aja ga maju ga mundur. ge mn mau d samain pak,-,0,Negatif,2,Marah,Mentan:Blunder
Penjol Kuncoro.,BODOH TA PAK?,-,0,Negatif,1,Sarkas,Beras:Mahal
Reni ariani,beras naik yg naik malah gaji DPR rakyatnya makin melarat,-,0,Negatif,2,Sarkas,Gaji:Berkurang
🅁🄾🄽🅈🄽🄲🄴🅇,pendapat masyarakat jepang dah tinggi,-,0,Negatif,2,Sarkas,Pendapat Masyarakat Jepang:Dah Tinggi
Negus Dzandrio,"Dibalik keputusan pemerintah menaikkan harga bahan pokok, disitulah ada rekening oknum yg membengkak .. itu yg harus di ingat 😆 belajar dari pengalaman.. pejabat di negeri konoha itu gak ada yg bersih.. beda sama pejabat pemerintah jepang 😌😌",-,0,Negatif,2,Sarkas,Pemerintah:Blunder
Hey 𝖌𝖆𝖑𝖎e𝖍,amran tahu gak UMR dijepang berapa....,-,0,Negatif,2,Sarkas,Mentan:Blunder
mbkyun,kao kasi UMR ke rakyatmu berapa rupiah paaaaak. UMR jepang diatas 15 jt. ngomongnya jgn asal keluar aja pak,-,0,Negatif,1,Marah,UMR:Mahal
ai,"caila pak, kalau gt naikin gaji ke 30-40",-,0,Negatif,2,Sarkas,Gaji:Kecil
ely sutiman,UMR aja beda😂,-,0,Negatif,2,Sarkas,UMR:Beda
langitpagi,SEBENARNYA TIDAK APA KALO HARGA NAIK ASAL RAKYAT DISEJAHTERAKAN SAMA SEPERTI JEPANG SAMSULLLLLLLLLLLLL,-,0,Negatif,5,Sarkas,Harga:BerasMahal
langitpagi,GOBBBBBBBBBBBBBBBBB,-,0,Negatif,1,Sarkas,Beras:Mahal
wahyudin_javanese,🤣🤣😂😂😂,-,0,Negatif,5,Sarkas,Beras:Mahal
Ajipramoto,"Dpr tololllll 😭😭 indo kok samakan dengan jepang , jepang beras mahal disana tanamnya cuma bbrapa musim karena ga smua musim di jepang padi bisa hidup , indo negara tropiss woyyyy",-,0,Negatif,5,Marah,Beras:Mahal
Muhammadrichy_,Gendenge nemen,-,0,Negatif,1,Marah,Mentan:Blunder
莉亚🇨🇳🇮🇩,"@gerindra kalo beras naik boleh lah gajih naik,kalo nggak dapet minimal dapet bantuan per tahun.Satu orang aja dapet ya 10jt bantuannya.Indonesia apa woy",-,0,Negatif,2,Marah,Beras:Mahal
Bella🥟,sesuai pendptn mereka lebih dri kita bpk jgn di samain harga berasa nya aha🤣,-,0,Negatif,2,Sarkas,Beras:Mahal
𝓐𝓉𝒽𝓎,"ya penghasilan dan gaji jepang beda jauh 00n ama indo,indo aja paling syukur 3jt/bln.lah jepang dptnya puluhan juta 0on.ribut ribut ya jelas ribut lah belum keluarin listrik ama PAJAK yang makin lama makin naik🤡🤡 kenapasi nyari pembelaan gapernah bener ada aja alasannya😹😹",-,0,Negatif,5,Sarkas,Gaji:Kecil;Jepang:TidakAppleToApple
toko ragil barokah,"uwlahhh dibangdingn karo Jepang,,income indo sepira bosss.... stersssssssssssss",-,0,Negatif,1,Marah,Mentan:Blunder
Dfridyaswati,paaak dari kurs aza bedaaa 🤣,-,0,Positif,5,Senang,Sarkasme:Beda
reeagrn,Bodoh,-,0,Negatif,1,Sarkas,Beras:Mahal
Rii,mana sih nama tiktok bapak ini,-,0,Negatif,2,Sarkas,Nama Tiktok:Bapak Ini
AL IMRON,😂😂😂,-,0,Negatif,2,Sarkas,Beras:Mahal
ajengsugestii,Kok pinteran rakyatnya ya dibanding yg duduk dikursi DPR.. hadeuhhhh,-,0,Negatif,5,Sarkas,Mentan:Blunder
puti.aswul,"diem lu pak, lu pada enak ada tunjangan beras 12jt yak..",-,0,Positif,5,Senang,Tunjangan:Beras
777,goblog,-,0,Negatif,1,Marah,Mentan:Blunder
qiana_giosyg,itu jepangg!!!!! beda dg kita indo,-,0,Negatif,2,Marah,Jepang:Kecil
Fitriya Ningsih,kok gitu sih 😁,-,0,Negatif,2,Sarkas,Beras:Mahal
Ali Abirama,"singkat padat ""betul bu''",-,0,Negatif,1,Marah,Mentan:Blunder
doraa,nyocotttt ae umr e mbe jepang ae bedo adoh pak mikiro😭,-,0,Negatif,1,Marah,Mentan:Blunder
Indah Pratiwi,pindah z pak sn ke jepang,-,0,Negatif,2,Sarkas,Jepang:NotFair
Erwinsyah.SP ( PPL ),Semangat Pak mentan.. semoga ada solusi yang tepat..,-,0,Positif,5,Senang,Pak Mentan:Support
Buntar Handayani,Gobbbbbl*kkkkkkk,-,0,Negatif,1,Sarkas,Mentan:Blunder
uat,Di Jepang UMR nya juga 20 jt pak,-,0,Positif,5,Senang,UMR:Bersama
user4185071055470,"Aku ibu rumah tangga, tiap belanja pusing lihat harga beras. Bapanas, tolong turunin harga! Harga beras nggak wajar, Bapanas harus turun tangan",-,0,Negatif,5,Marah,Harga Beras:Mahal
Innocent me,"ya ngamuk saya pak, perbulan cuma 4jt di tangan, baru tengah bulan udh ngap2. bahan2 pangan naik, tapi gaji gak naik. 😭😭😭",-,0,Negatif,1,Sedih,Gaji:Kecil
Sao,lah kalo disini masih harga mahal kenapa ekspor 100.000 ton .. pak menteri pertanian kita ngopi dulu yukz,-,0,Negatif,2,Marah,Mentan:BedaHarga
noname,"jepang negara maju pak, bandingkan dengan malaysia yg sama2 negara berkembang",-,0,Negatif,2,Sarkas,Jepang:Beda
dan_nang,umr coba sekalian sama jepang🤣🤣🤣,-,0,Positif,5,Senang,Beras:Murah
Sunpearl__,Lah kocak dibandingin sama jepang,-,0,Negatif,2,Sarkas,Beras:Mahal
Anis sky,Labene amran enteng banget,-,0,Negatif,2,Sarkas,Mentan:Blunder
Tata,😁😁😁,-,0,Negatif,2,Sarkas,Beras:Mahal
orong orong.,di sini 100 ribu sekilo. habis,-,0,Negatif,5,Marah,Mentan:Blunder
D,eh tolong klo ngomong mikir dulu dong pak,-,0,Negatif,2,Sarkas,Mentan:Blunder
Adis,mungkin dia kira GAJI buruh sama dengan GAJI DPR yang 3jta sehari,-,0,Negatif,2,Sarkas,Mentan:Blunder
Link sutedjo-Green Edame,"nahhh kalo UMR nye sama siihh gpp dibandingkan, ini beda lho ""ndoro kanjeng"" ora mikir gayane ngemeng pake bawa2 Jepang",-,0,Negatif,5,Sarkas,Beras:Mahal
フィンdi,Di jepang kalau ada apa” yang naik pemerintah juga ngasih bantuan lo ke warganya bahkan warga asing🤣,-,0,Positif,5,Senang,Jepang:Bantuan
SHito19 ²²,gak usah bandingin harga beras Indonesia sama jepang pak. anggotnya DPR aja Udah dikasih gaji 3jta/hari aja masih korupsi🗿,-,0,Negatif,2,Sarkas,Gaji:Kecil
gamersblod,lulusan mana si ni orang,-,0,Negatif,5,Sarkas,Lulusan:Mentan
goaldii,dongo begitu bisa jadi dpr tu gimana🤣,-,0,Negatif,2,Sarkas,Mentan:Blunder
zalika collection,"pak UMR jepang 20+jt pak . UMR indonesia berapeee ? coba sama ratakan gaji UMR dengan gaji kalian para dewan DPR. ini untuk menjaga kesejahteraan rakyat. atau sama ratakan gaji kalian para dewan dengan UMR ? wani ora pak ? saya kemarin mau beli beras biasa 5kg 74.500rb . sekarang 5kg jadi 133.000rb , ada yg 119.500rb . ya allah kapan bisa kaya jaman pak Harto ?",-,0,Negatif,5,Marah,UMR:Kecil;Gaji:DewanDPR:Mahal
madeby_punk🥰🌱,Ternyata jadi Mentri harus goblok🤣🤣🤣,-,0,Negatif,5,Sarkas,Mentan:Goblok
Tannaya Putri,"paaaak Ojo di podokno Karo jepang toooo, UMK jepang udah 20jt lhaaa di tempatku cuma 2,2jt njir😭",-,0,Negatif,1,Marah,Mentan:Blunder
Rahman S.F,bapak e sopo to goblok men,-,0,Negatif,1,Sarkas,Mentan:SopoToGoblok
Ibnu Wong,mensejahterakan petani = nol,-,0,Negatif,1,Sarkas,Mensejahterakan Petani:Nol
Batang pisang,lamis mulutnya,-,0,Negatif,1,Sarkas,Mentan:Blunder
"SETIAWAN,,,","GOBLOK ANJING,,,BEDA DONGO",-,0,Negatif,5,Marah,Mentan:Blunder
macan (mamah cantik),👍,-,0,Negatif,1,Marah,Mentan:Blunder
An an,pak oteke nang jane??,-,0,Negatif,2,Sarkas,Mentan:Blunder
cheetah_lee,kocak pak 🤣,-,0,Positif,5,Kocak,Pak:Bahagia
Gita Syafrina,"pendidikan tinggi jabatan tinggi, TPI otak gak ada, OON semua",-,0,Negatif,5,Sarkas,TPI:Blunder
naen,lho tunjangan beras kan 12 juta🤣🤣🤣,-,0,Negatif,2,Sarkas,Tunjangan:Beda
Mizuu,dongo,-,0,Negatif,1,Marah,Mentan:Blunder
Jiwaru Days,DPR OON,-,0,Negatif,1,Marah,Beras:Mahal
F.Rasti Marda,"yg malu gw, bapak ngmg apa sih",-,0,Negatif,2,Sarkas,Mentan:Blunder
HappyfamillyBALI👨‍👩‍👦🫶🏻,Pak sampean boleh gk d ganti pak?? Eneg saya denger cocotnya sampean😭🙏🏻,-,0,Negatif,5,Sedih,Mentan:Blunder
rizqifebrian🍗,Mntri anj 😭,-,0,Negatif,1,Sarkas,Mntri anj:Beda
larasatisenjautari🎀,pak kalo nyocor mbok yo pake utek,-,0,Negatif,2,Sarkas,Mentan:Blunder
✨,bauaran e indo piro lek😳 heraaaaaan,-,0,Negatif,1,Sarkas,Beras:Mahal
✨,ngigo a pak,-,0,Negatif,1,Sarkas,Mentan:Blunder
ᨳ᭬ ▭ Sweet home ⸝⸝ 🥕 ◡̈,Pak minimal otak nya d bawa 🙏🏻 klo rapat,-,0,Negatif,1,Sarkas,Pak:Blunder
R U ♍ I,gajinya samain kek di Jepang dong...,-,0,Negatif,2,Sarkas,Gaji:Kecil
🌼🩷Yeyen Nasution🩷🌼,disamakan indonesia sama jepang mereka doarny tinggi ketimbang rupiah 🤣🤣,-,0,Negatif,5,Sarkas,Indonesia:BedaDenganJepang
Siti Rahma,"Hahhrrrrggggggg!!!! 😡masa Indonesia di bandingkan dengan Jepang , Astaghfirullah",-,0,Negatif,1,Marah,Mentan:Blunder
cherry🍒,demm ternyata tetap kita yang disalahkan😔,-,0,Negatif,2,Sedih,Beras:Mahal
Golkar Tampubolon,"Semangat terus pak Mentan, penyuluh selalu bersama mu",-,0,Positif,5,Senang,Semangat:Mentan
"hi,ini novita","Lah jepang katakanlah gaji 20jt 1bulan lah di indo negara kita umr kaga naik"" bjir masih di bawah 2jt terus kebanyakan. Lah itu kalo yang punya lahan sawah ya bisa panen di buat makan sendiri lah yang ga punya sawah gaji di bawah 2jt beras naik ya mengkis dua lah😌",-,0,Negatif,2,Marah,Gaji:Kecil
barita,𝖎𝖓𝖎 𝖔𝖗𝖆𝖓𝖌 𝖊𝖓𝖌𝖌𝖆 𝖕𝖆𝖓𝖙𝖆𝖘 𝖏𝖉 𝖆𝖓𝖌𝖌𝖔𝖙𝖆 𝖉𝖕𝖙,-,0,Negatif,1,Sarkas,Mentan:Blunder
ichigo🍓🍓,"minimal kalau mau di bandingkan sama jepang, gajinya juga setara",-,0,Positif,4,Senang,Gaji:Setara
barita,𝖏𝖔𝖞 𝖏𝖆𝖓𝖌𝖆𝖓 𝖉𝖎𝖘𝖆𝖒𝖆𝖐𝖆𝖓 𝖉𝖓𝖌 𝕵𝖊𝖕𝖆𝖓𝖌. 𝖆𝖓𝖉𝖆 𝖊𝖓𝖌𝖌𝖆 𝖓𝖌𝖊𝖗𝖙𝖎 𝖎𝖞𝖆. 𝖒𝖆𝖘𝖞𝖆𝖗𝖆𝖐𝖆𝖙 𝖇𝖆𝖓𝖞𝖆𝖐 𝖞𝖌 𝖒𝖎𝖘𝖐𝖎𝖓. 𝖚𝖈𝖆𝖕𝖆𝖓 𝖆𝖓𝖉𝖆 𝖊𝖓𝖌𝖌𝖆 𝖇𝖆𝖌𝖚𝖘.,-,0,Negatif,1,Marah,Harga:BerasMahal
Oktober,yang penting ngomong ini mahh,-,0,Negatif,1,Sarkas,Mentan:Blunder
Sie,Jepang umr paling dikit 20jt,-,0,Negatif,1,Marah,UMR Indonesia:BedaDenganJepang
Nevishp,DONGOOOOOOO,-,0,Negatif,1,Sarkas,Mentan:Blunder
piscesgurl,gendeng dipodokno malah karo negoro jepang,-,0,Negatif,2,Sarkas,Jepang:Beda
reddr(y),FINAL OON,-,0,Negatif,1,Marah,Beras:Mahal
matcha depanmu 🍵,rasain langsung di ulti sama ibu titiek 🤣,-,0,Negatif,2,Sarkas,Beras:Mahal
Laily Miuw,Mulutx bpk gk ada filterx,-,0,Negatif,1,Sarkas,Mentan:Blunder
A.Purwasih,gblk bgt bapak2,-,0,Negatif,2,Sarkas,Beras:Mahal
Jo,Mentri goblok,-,0,Negatif,1,Sarkas,Mentan:Goblok
sayangku✨,"agak lain nek Iki , jajal kene gajine di padakno jepang pakk",-,0,Negatif,1,Sarkas,Jepang:NotFair
Agung Noviantoro2,bapak ini kadang² ngelawak 😭😭😭 lah jepang UMR 20jt+++ indo UMR 2jt +++ kalo mau ya naikin UMR kaya jepang biar gak ribut,-,0,Negatif,1,Marah,Mentan:Blunder
Slamet Lestari PPL,Pak Mentan sudah berhasil meningkatkan produksi padi dan peningkatan pendapatan Petani .. Kalo soal harga beras ada yg lebih berkompeten mengelolannya yaitu BAPANAS.. Tetap semangat Pk Amran...,-,0,Positif,4,Senang,Pak Mentan:Sukses
Wong sepele🦖,Ngene kok dadi menteri ki pie yo,-,0,Negatif,2,Sarkas,Mentan:Blunder
fitri,"ngapain bandingin indo sama jepang di jepang ngaji tukang cuci piring aja 30juta pak per/bulan lah di indo apa mau nyarik kerja aja kayak mau nguli tambang emas,, syarat masuk nya GX masuk akal umur harus seginilah harus segitu😏😏😏",-,0,Negatif,5,Sarkas,Banding:Keterlaluan
SM,Congorrrrnyaa goblokk bgt anj,-,0,Negatif,2,Sarkas,Beras:Mahal
Taka,otak dongo,-,0,Negatif,1,Marah,Mentan:Blunder
Res Zahra,"ondol ondol anget,,, jepang kr Indonesia owalah pak pak. sedurunge ngomong dipikir pada apa ora UMR'e haiiishhh",-,0,Negatif,1,Marah,Mentan:Blunder
Ig sytrmah,ingin ku berkata kasar🥰🥰🥰,-,0,Negatif,2,Sarkas,Mentan:Blunder
𝑅𝑒𝒾,bisa jadi dpr ya?,-,0,Negatif,1,Marah,Mentan:Blunder
Nurlela,samain dong umr nya kaya jepang jangan di samain tuh kenaikan harganya doang,-,0,Negatif,2,Marah,Mentan:Blunder
Bayangan Semu🖤🍃,"singkat aja, TOLOL",-,0,Negatif,1,Marah,Mentan:Blunder
Moccachinno,Awal kerja aku suka cara dia ....kok sekarang malah bapaj menteri ini pemikirannya gak sampai yah....,-,0,Negatif,1,Sarkas,Mentan:Blunder
Hafara,nyicit iji gik bicis,-,0,Negatif,2,Sarkas,Beras:Mahal
AZZURA DZA,"inilah penampakan orang yg ga punya otak😭,mikirnya pake dengkul",-,0,Negatif,1,Sarkas,Orang:Blunder
leo,"For ur information ya pak mentri yang terhormat. Di jepang bahan pokok harganya meningkat pasti warganya dapat bantuan. Ga kaya disini, harga naik barang di timbun. Bantuan buat rakyat di korupsi. Kok bisa bisanya di bandingin sm jepang. Ya jauh",-,0,Negatif,1,Marah,Mentan:Blunder
INRIA PARAMITA,betul thu bu ketua ga bisa dibandingkan dengan Jepang menteri iki dolane ning Jepang yo tapi ga pernah main di Indonesia kok ga kenal kondisi negara nya sendiri,-,0,Negatif,1,Marah,Mentan:Blunder
wahyu woro lestari,"rakyate wes mlarat, kon poso. 100 rb per kg. guendeng wong iki😏",-,0,Negatif,5,Sarkas,Mentan:Blunder
umichasanah,uteke uteke 🤣🤣🤣,-,0,Negatif,2,Sarkas,Beras:Mahal
Riffaatul,Pak kok guvluk sekali sih pak,-,0,Negatif,2,Sarkas,Mentan:Sarkas
Mia00,Pengen ngomong kasar ya Allahhh,-,0,Negatif,1,Sarkas,Mentan:Blunder
mancee,ini keknya pada ngk hadir deh pas pembagiaan🧠,-,0,Negatif,1,Sarkas,Pembagiaan:Beda
AlfaMIDI,amran mulut mu kau jaga,-,0,Negatif,1,Sarkas,Mentan:Blunder
jubedt24,hadeww...ini isinya mahluk apa sih gedung D*R,-,0,Negatif,2,Sarkas,Mentan:Blunder
mdy,gguuu0000bbllooooggggggg,-,0,Negatif,1,Sarkas,Mentan:Blunder
virzhaaja,LoLLLLLLLLL,-,0,Negatif,1,Sarkas,Beras:Mahal
TeBolan,T. O. L. O. L,-,0,Negatif,2,Sarkas,Beras:Mahal
m3mell,anomali baru,-,0,Negatif,1,Marah,Mentan:Blunder
@Azzahra221013🦂,omonganmu Atos temen pak,-,0,Negatif,2,Sarkas,Omonganmu:Beda
Cati,"gaji bapak sm gaji suami saya beda Pak,bapak mampu jauh lbh mampu suami sy jg mampu tp klu beras segitu tinggi,hbs uang buat beli beras aj dong Pak,klu mau naikin gaji sprti jepang dl Indonesia Pak baru bapak ngomong bgtu gpp,,salam damai Pak",-,0,Positif,4,Senang,Beras:Mahal
ge.my1982,"gaji nya samain dulu pak sama jepang , baru indonesia majuuu",-,0,Negatif,2,Sarkas,Gaji:Kecil
Kirana,Jepang vs Indonesia? Dari sepak bola aja udah jauh 🙂,-,0,Negatif,2,Sarkas,Jepang vs Indonesia:Beda
NiddaAl,di jepang 100ribu/kilo karna gaji nya lebih besar . besar juga pengeluarannya . kalo di indo uang 100rbu beras doang. bakal tsanting,-,0,Negatif,2,Sarkas,Gaji:Besar
asih_s14,Yee kocak umr nya aja beda,-,0,Negatif,2,Sarkas,UMR:Malah
Aprilia,mentri goblookk ko di pilih goblookk permanen,-,0,Negatif,2,Sarkas,Mentan:Goblookk
Nhe ssaa rin,ggbbllllkkkkk bgt,-,0,Negatif,1,Sarkas,Mentan:Blunder
Momtutik,bu titik keren 👍,-,0,Negatif,2,Sarkas,Beras:Mahal
Momtutik,haduhhhhh🤦‍♀️🤦‍♀️🤦‍♀️iki piye to menteri kok koyok ngene kabeh negoro iki mau d bawa k mana gustiiiii😭😭😭,-,0,Negatif,1,Sarkas,Mentan:Blunder
Maz_bayy,kok goblok ..,-,0,Negatif,2,Sarkas,Mentan:Blunder
bapak polos banget,"yg diturunkan itu pupuk benih dan obat2an nya, bukan menaikkan harga hasilnya.. jika modalnya dikit maka keuntungan meningkat, dan bisa menjual dengan untung yg sama dengan harga mahal, dan pembeli lun ga keberatan",-,0,Positif,4,Senang,Pupuk Benih dan Obat2an:Bahagia
Kenty Samira Banyumas,"anjirrrr... di bandingkan sama jepang , bego apa tolol",-,0,Negatif,1,Sarkas,Jepang:BegoApaTolol
🤍,ANJJJ NI ORANG,-,0,Negatif,2,Sarkas,Mentan:Blunder
🍓pingky,wes pak smpean lek nempur beras ng o jepang ae maren🤗,-,0,Negatif,5,Sarkas,Beras:Mahal
Elly Ermayanti,"kalau di jepang pejabat pejabat kayak gini udah harakiri,cuma di indo aja yg anti malu",-,0,Negatif,1,Sarkas,Mentan:AntiMalu
Hishom_ali,dsni kerja harian 50 rbu klw beli beras 100 ribu bisa dpt apa ajaa...,-,0,Negatif,1,Marah,Beras:Mahal
ErwwShop,hello indonesia meskipun gaji UMR 5 jt tp masih bnya nrima gaji 1 jt. trus di jepang gaji paling kecil 20 jt sebaikny benahi dulu gaji rakyatmu dr pd naikin hrga beras.,-,0,Negatif,2,Marah,Gaji:Beda
yuna,gimna kalau gaji sehari kita buat patungan beli beras jepang ajjah bro.biar kita bisa makan yu,-,0,Negatif,2,Sarkas,Gaji:BuktiKeterbatasan
End1400,koq bisa dia jadi menteri?! gak ada otaknya.,-,0,Negatif,1,Sarkas,Mentan:Blunder
Ocaa,dongo ah,-,0,Negatif,2,Sarkas,Beras:Mahal
EMAK 5 ANAK⛎,"begini nih orang sembarangan jadi pejabat, omongan nya gak pake O",-,0,Negatif,5,Sarkas,Mentan:Blunder
3T👨👶🏻🧕,"Heh,jepang sesasi gajine 20jt,kalong beras sekilo 100 ewu ra kroso,la indo?sesasi byaran 2jt,la nak beras skilo 100 ewu,la byar listrik byr pajek,byar skolah anak,jajan anak, ra ngotak eg",-,0,Negatif,5,Marah,Mentan:Blunder
Ocha🇮🇩🇰🇷,tolol ngt njir,-,0,Negatif,1,Sarkas,Mentan:Blunder
Daya@,kebanyakan makan beras menta:),-,0,Positif,5,Senang,Kebanyakan Makan Beras Mentah:)
Tihhhh,"Bapak pendidikannya tinggi, bikin perbandingan aja ngak bisa",-,0,Negatif,5,Sarkas,Pendidikan:BikinPerbandinganAjaNgakBisa
nadyameica_22,Indonesia kaya yang kaya pejabat nya pak gaji UMR aja ga naik malah gajian nya pejabat yg naik pak,-,0,Negatif,1,Marah,Gaji:Kecil
real__08,paaak pak anda bilang beras harus naik agar petani sejahtera. gak percaya aku pak. nek beras mbok naik no 100rb tp padi ne dibeli murah dibawah 10rb sejahtera dari mananyaaa.,-,0,Negatif,1,Marah,Beras:Mahal
Nda🥀,go*lok nya kebangetannn Indonesia kok di samain Jepang sedangkan UMR indo sama Jepang beda jauh😭,-,0,Negatif,1,Marah,Mentan:Blunder
kariipap,Gblok,-,0,Negatif,1,Marah,Beras:Mahal
Kawaii,Berapa UMR jepang dibanding UMR di Indonesia.,-,0,Negatif,1,Marah,UMR Jepang:BedaDenganUMRIndonesia
Nasya Rendra Nathan,☺️,-,0,Negatif,1,Marah,Mentan:Blunder
𝕽𝕴 𝕬𝕹 𝕬𝖗𝖙𝖍𝖆𝖆,..,-,0,Negatif,2,Marah,Harga:Beras:Mahal
ANJAR,"emang gaji buruh Indonesia berapa pak perhari jangan di samakan,,, pengeluaran pemasukan aja udh beda pake acara disamakan ora masuk akal😂piee to lek sekolah jare berpendidikan",-,0,Negatif,2,Sarkas,Gaji:Beda
Cencu naicha,Gk masalah kalo harga 100 rb asal umr Indonesia 20 jt sebulan 😁,-,0,Positif,5,Senang,UMR Indonesia:Wajar
★inisial_W★,🤣,-,0,Negatif,2,Sarkas,Beras:Mahal
Jalu Gunkar,lain mikirken turun demi kesejahteraan rakyat anu aya otak na naek harga bae dia,-,0,Negatif,1,Sarkas,Mentan:Blunder
moons,si bpk kebanyakan mkn beras japonica ..sarapan nya sushi dan onigiri ..beda ma kita beras ramos 😏😏 nyerah dah bpk,-,0,Positif,5,Senang,Beras:Beda
M,Haddeeeh..,-,0,Negatif,2,Sarkas,Beras:Mahal
Anakbali,"kirain ini bolak balik jadi mentri,pinter,ga taunya🤔",-,0,Negatif,2,Sarkas,Mentan:Blunder
Erick Eko Ardi,gw bagus ternyata sama aja bego,-,0,Negatif,2,Sarkas,Beras:Mahal
Winda Tj,"jepang gk ada maling pak , di indonesia kebanyakan maling uang rakyatt",-,0,Negatif,5,Marah,Jepang:Benci
lia06,pak di jepang jg pejabatnya g ada yg korup 🙏🙂,-,0,Positif,5,Senang,Pak di Jepang:Netral
rahma,😂,-,0,Negatif,2,Sarkas,Beras:Mahal
rahma,😁,-,0,Negatif,1,Marah,Mentan:Blunder
rahma,🥰,-,0,Negatif,1,Marah,Beras:Mahal
i cibos,"orang orang kok goblok ya ,ngebandingin negara kita yang ekonomi nya merosot kebawah dengan negara yang ekonomi nya di atas kita",-,0,Negatif,1,Marah,Mentan:Blunder
r4chma86,begooo bbgtt ni orang,-,0,Negatif,1,Sarkas,Mentan:Blunder
939,dongo,-,0,Negatif,1,Marah,Mentan:Blunder
Chaby88,cb kasih naik gaji..jngan ksh naik bahan pokok aja euyy,-,0,Negatif,5,Marah,Beras:Mahal
SitiSulaeha,"seandainya kerjanya serabutan, dan hrga beras 100 ribu mungkin bpk menangis ngak mkn",-,0,Negatif,1,Sarkas,Beras:Mahal
user59136248198218,ngomongmu itu enak banget,-,0,Netral,3,Sarkas,Ngomongmu:Beda
Prabu Aling,beginilah kira kira daya berfikir 58%🗿? 😂,-,0,Negatif,5,Sarkas,Beras:Mahal
They call me Sammy 🕺🏽,"mon maap ni, ini daerah gading serpong aja yang beras"" sudah mulai habis nih? gua cek alfam*t in*omart sudah pada literally habis / kosong. trs gua cek ke satu mall, juga habis. skali ketemu beras, anjrot... 160k yg 2,5kilo kli ga salah liat ukurannya. mxdku, ini emg teori aja sblm smua beras di naikin harganya atau apa ya?? like literally, skrg udh susah bgt nyari beras",-,0,Negatif,5,Marah,Beras:Mahal
duwi ariyanti,ya allah beras kjp udh gk keluar .beras indo alfa yg td nya 75/5kg skrg juga udh gk ada... terus gimana yg gaji di bwh umr jkt 😫,-,0,Negatif,1,Marah,Beras:Mahal
Muhammad Reza Maulana,emg tolol,-,0,Negatif,1,Sarkas,Mentan:Blunder
iwanmngin,😂😂😂,-,0,Negatif,2,Sarkas,Beras:Mahal
iwanmngin,😭😭😭,-,0,Negatif,1,Sarkas,Beras:Mahal
Felis Gunawan,betul sekali. naik SJ sedikit ribut. petani tidak pernah mengeluh... meskipun hidup nya tidak pernah sejahtera karena gini. naik saja sedikit ribut. yg ribut coba jadi petani dulu.,-,0,Negatif,2,Sarkas,Mentan:Blunder
santi🦄,da heeh Jepang mah gede penghasilana og,-,0,Negatif,2,Sarkas,Jepang:Gede
theAhmad,😂,-,0,Negatif,2,Sarkas,Beras:Mahal
chrisqka,gaji di Jepang sama disini besaran mana pak? ngomong asal doang lu,-,0,Negatif,2,Sarkas,Gaji:Beda
linoooo,😌,-,0,Negatif,2,Marah,Beras:Mahal
Mama shafa,😂,-,0,Negatif,2,Sarkas,Beras:Mahal
RYAN KEJORA✳️,DPR selalu merendahkan petani aku muak,-,0,Negatif,2,Marah,DPR:MerendahkanPetani
Ti,"lahh dia samain jepang sma indonesia. enk battt itu mulut, puguh cari kerja di negara indonesia susahnya minta ampun...",-,0,Negatif,1,Marah,Mentan:Blunder
sipalingmasak,samain UMR dg jepang.. majuuuu ky jepang tulul,-,0,Negatif,1,Marah,Mentan:Blunder
Saftar,Tolol bapak” teh gak mikir anjir,-,0,Negatif,5,Sarkas,Mentan:Blunder
Istee,UMR di tempat ku 2jt kak😢,-,0,Negatif,2,Sedih,UMR:Beda
iras yolanda,ya allah harus banyak2 istigfar ngeliat kebodohan pemimpin negara sendiri 😳 Indonesia negara berkembang dibandingin negara maju aja udah tolol tingkat maximal si,-,0,Negatif,1,Marah,Mentan:Bodoh
Iche💓,Anji.... ini mentri,-,0,Negatif,2,Sarkas,Mentan:Blunder
✅✅✅✅,"Pak harga naik wajar dong,,, kenapa kenaikan gaji apa gak wajar ya.!!!!!! supaya bisa setara dengan ekonomi perkapital😂 Bapak belajar indonesia baru di ibukota aja kan, eh indonesia kota kabupaten desa banyak woy😅",-,0,Positif,5,Senang,Pak Harga:Wajar
galeriku,betul tuh kata ibu nya. masa di bandingkan sam negara Jepang. innalilahi,-,0,Negatif,5,Marah,Mentan:Blunder
🫧dfhasa_04🍄,yg di liat harga beras ga liat UMR nya 😭😭😭 bapak ni kocak.. sedangkan di indo beras harga 1L 12/13k masih banyak yg ga bisa beli beras gimana kalo harga beras di naikan LG..,-,0,Negatif,1,Marah,Beras:Mahal
Lendra Indrayani,"d jepang harga beras 100 rbu per kg , tp UMR nya 20 jt per bulan ...",-,0,Negatif,2,Marah,UMR:BedaDenganJepang
Linda Amora,karepmu,-,0,Negatif,1,Marah,Mentan:Blunder
Mang Bilal and friend,di awal kiraen pro rakyat.ternyata mulai hilang arah...apa yang membuatmu begitu pa...🤭,-,0,Negatif,2,Sarkas,Mentan:Blunder
:D,ORANG JEPANG GAJINYA SELALU GEDE YA PAK SEDANGKAN DI INDO RAKYAT CUMA PUNYA GAJI SECUIL DAN SELALU DIRAMPOK OLEH BAPAK YA,-,0,Negatif,1,Marah,Gaji:Kecil
ini sepur,"wong Mendo,uteke Ra sepiro",-,0,Negatif,2,Sarkas,Mentan:Blunder
Nur Indrawati,"biasa,kls mereka jln² ,liburan k LN gambarane Jepang... gak Mandang rakyat sndri gmn. sshhh",-,0,Negatif,5,Marah,Mentan:Bias
G,sejak kapan mata uang Jepang jdi rupiah yaa? 🤔,-,0,Positif,5,Sarkas,Mata Uang:JepangTidakRupiah
cittie Ahmad,jepang pakakan pokoke ora berasa pakk...jepang DPRe bayarane suuithiik pak,-,0,Negatif,1,Sarkas,Jepang:PakPak
valieee_,Yang begini bisa jd menteri ?,-,0,Negatif,1,Marah,Mentan:Blunder
🦢,gampang banget ngomongnya pak,-,0,Negatif,2,Sarkas,Mentan:Blunder
hii🐾,gblk bgt tapi kobisa jadi Mentri wkwkkwwk,-,0,Negatif,2,Sarkas,Mentan:Blunder
Mamih Haryanto,"Tapi petani gabahnya di beli MURAH PAK MENTRI..daeran kec Padaherang kab Pangandaran. 7300/kg saat ini,mungkin ada yg lebih rendah",-,0,Positif,4,Senang,Harga:BerasMurah
wy,"Aneh, beras naik 1000-500 pada teriak teriak kaya mau kiamat, giliran rokok, bbm, paket internet naik pada diem diem bae. Modal petani juga banyak, panen juga belum tentu untung bahkan balik modal juga belum tentu. Noh liat tunjangan gaji DPR buat beras 12jt, harusnya itu yang kalian permasalahkan. bukan beras yg naik cuman 500-1000. Petani garda terdepan buat pangan nasional, biarkanlah mereka sejahtera dengan kenaikan hanya 1000rb-2000rb. Urus noh DPR yang cuman ngabisin anggaran kalian bayar pajak, uang beras aja 12jt.",-,0,Negatif,5,Marah,Beras:Mahal
milsaid sangadji,Indonesia bknx maju mundur MBK TPI mundur trus salto ke belakang😭,-,0,Negatif,5,Sedih,Beras:Mahal
Jeje🦋,Bedaaaaaa jauhhhh pakkkkkkkk!!!!!!,-,0,Negatif,1,Sarkas,Beras:Mahal
fera,"kalau mau di samain sama jepang,berarti gaji a harus sama seperti jepang lah",-,0,Negatif,2,Sarkas,Gaji:Kecil
@Hasan sholawat dan Salam.com,bisanya cuma ngomong,-,0,Negatif,1,Sarkas,Beras:Mahal
ozycellozy,😜MasalahNya GAJI nya jga Beda Boossss🤪😂😅😅😅😅,-,0,Negatif,1,Sarkas,Gaji:Kecil
Cristo Imanuel T.,"kali ini gua setuju biar petani petani di Indonesia sejahtera😁😂,,,biar bisa juga liburan dan santai santai juga,biar bisa balik modal pupuk dll sebagainya 😳,,",-,0,Positif,5,Senang,Petani:Sejahtera
hadi_s,tlong pak samakan gaji pekerja Indonesia dengan Jepang.... agar kami tidak ribut soal kenaikan beras.... 🙏,-,0,Positif,5,Senang,Gaji:Kecil
sintya,lek nyambut gaene sedinone bayaran 3 jt Yo rapopo ......la Iki ndek ndeso nyambut gae sedino 35 ewu ...tuku beras Rego 100 oleh mek seprapat ...😭,-,0,Negatif,1,Marah,Mentan:Blunder
Rizkii,Gaji indonesia sama kan sama gaji jepang 🇯🇵,-,0,Negatif,2,Sarkas,Gaji:Beda
Yusni Siburian,tolol bgt mentri kek gini,-,0,Negatif,1,Sarkas,Mentan:Blunder
juliadiputrapesel3,gaji rakyat jepang besar,-,0,Positif,5,Senang,Gaji:Besar
Senjaa01,YA MIKIR AJA JEPANG ITU GAJINYA BERAPA UMR NYA MIKIR GA SIH ?!!!!,-,0,Negatif,5,Marah,Jepang:BedaUMR
nuraeni💅,Weiiiii liaaattt gajiiii umrrrr indoooo berapaaaaa,-,0,Negatif,1,Marah,UMR Indonesia:Mahal
apollo,"apalah dikit dikit jepang,,, negara kita itu indonesai bandinginya sama kamboja, myanmar malah jepang heran sama orang yg banding bandingin negara maju sama negara mundur",-,0,Negatif,5,Sarkas,Banding:Beda
babysaaa,"maka gaji Indonesia juga harus imbang dengan jepang!! Gaji aja gabisa imbang pak. gausah sama""in harga beras Jepang naik dengan kita",-,0,Negatif,2,Marah,Harga Beras:Mahal
chena,tlol,-,0,Negatif,2,Marah,Beras:Mahal
amellia,jepang gaji 20jt sini 4jt aja di potong pajak 😂😂.,-,0,Negatif,5,Sarkas,Gaji:Kecil
khairee,mau sejahterakan petani enak pak de....pupuk subsidi dg tepat...stock tetap aman...dikala petani mau mupuk selalu tersedia..m,-,0,Positif,5,Senang,Pupuk:Subsidi
santiii,"maksudnya dari menteri pertanian coba perkapita indo ada kenaikan,logikanya sembako naik,umr naik,ini mah yg naik cuma sembako,umr gtu gtu aja",-,0,Negatif,2,Sarkas,Mentan:Blunder
Indonesian Lovers,"kita surplus beras, artinya harga beras naik",-,0,Positif,5,Senang,Beras:Murah
❀ bby ❀,Pengen banget kasih pepatah🫵,-,0,Negatif,1,Sarkas,Mentan:Blunder
Icha Junaidi,"Ya Allah ko mentri gini bgt si otaknya ya, umr jepang brp pak?kasian klo apa2 mahal yg gajinya di bawah umr bisa ga makan zalim banget",-,0,Negatif,1,Marah,Mentan:Blunder
Detris90,maju terus pak mentri untuk kesejahteraan petani,-,0,Positif,5,Senang,Mentan:Dukungan
Dede.,Beras naik gajinya msh di bawah umr tolllll,-,0,Negatif,2,Marah,Beras:Mahal
deuisnurpadilah1,pak menteri kereeen,-,0,Negatif,2,Sarkas,Mentan:Kereen
Elara Quinn,cobaaaa gajih bapa jadikan UMR setujuuu,-,0,Negatif,2,Sarkas,UMR:Beda
Elara Quinn,cobaaa dptnya gaji ya kaya rakyat umrr 😅😅😅😅😅,-,0,Negatif,1,Sarkas,Gaji:Kecil
meta1985,di banding kan sm jepang lo lo lo bpk ini mntak di demo yaakkkk,-,0,Negatif,1,Marah,Mentan:Blunder
TRADER FOMO21,"jepang itu negara maju, jepang masuk urutan 5 ekonomi terbesar dari 10 negara ekonomi dunia terbesar",-,0,Negatif,2,Sarkas,Jepang:NotComparable
pendosa besar,harga naik di beras kembalinya ke pemerintah tapi harga gabah dari petani tetap murah sama seperti harga sawit,-,0,Negatif,2,Sarkas,Pemerintah:Blunder
rahmat bayu,Goblok anj..,-,0,Negatif,1,Sarkas,Mentan:Blunder
inna,ya wajar lah di jepang harga nya mahal kan gaji nya tinggi kocakkkkk,-,0,Positif,5,Senang,Gaji:Besar
@Hijau_Daun,"jgn bandingkan dgn negara jepang pak, diidonesia pejabat hnya mkirin kantong sendiri, dsna pejbtnya mikirin rakyatnya,,.🤔",-,0,Negatif,2,Sarkas,Mentan:Blunder
rehan nya lagi makan,😁,-,0,Negatif,2,Marah,Beras:Mahal
Nurulesa,hermanya di petani murah kok di luaran mahal luar biasa,-,0,Negatif,1,Marah,Mentan:BedaHarga
Andi Romeno,Sekolah dimana dlu ya,-,0,Netral,3,Sarkas,Sekolah:Netral
Azizah,"JEPANG 100rb-1jt per kg. tapi umr perjamnya sama dengan gaji buruh perhari disana, tolonggg yaaa cok",-,0,Positif,5,Senang,Jepang:Keren
BubuQQ💚,setarakan dulu gajih kami sama Jepang anj,-,0,Negatif,2,Marah,Gaji:BedaDenganJepang
Nurul Sukasuka,aku muuaak dengeee nyaa,-,0,Negatif,1,Sarkas,Mentan:Blunder
𝓥𝓲𝓽,😡,-,0,Negatif,2,Marah,Beras:Mahal
the king of Zura⚡,,-,0,Negatif,2,Marah,Harga:Beras:Mahal
🐣,"et alah ngebandingin ama Jepang. di Jepang juga gk ada pejabat kaya bapak. et kesel gua,bapak siapa si ini?",-,0,Negatif,1,Marah,Mentan:Blunder
RENTAL MOBIL+SUPIR BALIGE.🚙✅,"yah wajar jpang,harga jual dsana tinggi krn gaji/umr dzna pn bro tinggi.nampak kau it g prnh krja djepang.mndftr dl kau bro k LPK yg mau bkrja kejpang,biar tau kau gaji/umur djepang.wkwkwkwk😁",-,0,Positif,5,Senang,Jepang:Keren
Affanx,pak tau nggak negara jepang dengan harga segitu oke aja soalnya pendapatan per bulan jauh lebih tinggi la Indonesia? harga naik pendapatan jauh lebih turun sebanding ngga pak?,-,0,Negatif,2,Sarkas,Harga:Beda
Utut Adiyanto,"padahal sy fans ni org ..tapi,statemen nya bikin kecewa.jangan pernah membandingkan negara lain dengan Indonesia..negara mereka maju coba hukuman org yg korupsi dan gaji disamakan jepang..itu baru bgus..ada ada saja statemen mu pak menteri",-,0,Negatif,1,Kecewa,Mentan:Blunder
lut_27,alah gak bisa ngejelasin arahnya kmana bnyak alasan🗿🤣,-,0,Negatif,1,Sarkas,Mentan:Blunder
darksistem,"JEPANG GAJIH UMR NYA BERAPA PAK? JANGAN DI SAMAIN SAMA NEGARA MAJU.. LU ENAK GAJIH 30 JUTA SEBULAN GW GAJIH 1,5 JUTA!!",-,0,Negatif,5,Marah,Gaji:Kecil
Quesah,gaji masyrkat smain sma jepang tikus ..,-,0,Negatif,2,Sarkas,Gaji:BedaDenganJepang
dzdedizidan,kasih cnth tp kok gak nyambung.,-,0,Negatif,2,Sarkas,Beras:Mahal
celiper CT57,Indonesia di bandingin sama Jepang jelas jauh lah pak Jepang ituh negara maju,-,0,Negatif,5,Marah,Jepang:Beda
Fathul Huda,sosotee penak men🗿,-,0,Negatif,2,Sarkas,Mentan:Blunder
Cah Lanang :((,otk pajangn ya gini l*l,-,0,Negatif,5,Sarkas,Mentan:Blunder
anitanur || bahas yang viral,tapi jepang gajinya 18 juta per bulan pak 😂,-,0,Positif,5,Senang,Gaji:Banyak
it's me Rian,"sumph woi ini kek BODOH BODOH ny keterlaluan banget woilah😭 sangat"" BODOH BODOH BODOH BODOH BODOH BODOH BODOH BODOH BODOH 🔥",-,0,Negatif,1,Marah,Beras:BODOH
Antoni,yang rada jauh pak mikirnya jepang rakyatnya udah sejahtera nganggur aja gak kelaparan,-,0,Negatif,5,Marah,Mentan:Blunder
Farhan Maulana,"malu ahh pak, elu aja beli beras dari pajak rakyat🤣",-,0,Positif,5,Senang,Pajak rakyat:Bisa
deuliss.id,mantep Bu negara,-,0,Negatif,2,Sarkas,Mentan:Blunder
Rona,kaya nya mentan ngak pernah yang ngerasain hidup pas pas san deh,-,0,Negatif,2,Sarkas,Mentan:Blunder
nhoviie,woyyyyy,-,0,Negatif,2,Sarkas,Beras:Mahal
kurir sezzz,mentri klo otak ny isinya tai ya gini,-,0,Negatif,1,Sarkas,Mentan:Blunder
Strawberrynya hobi,Apa yang ada dalam pikirannya 😳,-,0,Negatif,1,Sarkas,Mentan:Blunder
@chonkpecek,"harga beras terlalu rendah, petani tidak untung. harus ada kebijakan yang bisa mensejahterakan petani, sama seperti usaha yang lain",-,0,Positif,5,Senang,Beras:Mahal
ImazNazwa,jangan disamain sama negara jepang pak. pikir pake o...k. jangan mulut aja yg menye²,-,0,Negatif,5,Marah,Mentan:Blunder
user8818538664145,pak Amran punya gazi.rakyat.gak.punya.gazi.mau.didemo.pak.mentri,-,0,Negatif,1,Marah,Mentan:Blunder
mba 🅰️nis,Orang kek gini bisa-bisanya jd DPR,-,0,Negatif,2,Sarkas,Mentan:Blunder
citta nanda widya iswara,itu gambaran,-,0,Negatif,1,Marah,Mentan:Blunder
Rinda milasari,"kl ngomong agak2 disaring muncungnya pak,",-,0,Negatif,2,Sarkas,Mentan:Blunder
DHAFY_92,mikirnya kmna si ini anak..?? di bilang anak2 ya emang masih kosong,-,0,Negatif,1,Marah,Mentan:Blunder
e-showroom,"pendapatan di jepang beda, menteri kok bd®h",-,0,Negatif,2,Sarkas,Mentan:Blunder
in,"jepang kan negara maju pakk, lah klau indonesia mau maju gimana banyak tikus berkepala manusia...",-,0,Negatif,1,Sarkas,Jepang:KomentarTidakLogis
KALIPIP237,🙏🏻,-,0,Negatif,5,Marah,Mentan:Blunder
Fureya,buset,-,0,Negatif,1,Marah,Mentan:Blunder
bersukur,yg bekerja di jepang gaji nya 25 jt brow,-,0,Negatif,2,Sarkas,Gaji:Kecil
bersukur,bapa yg terhormat pikir dulu dong klau mau bicara apa tau yg kerja di jepang berapa gaji nya gajih di kebun aja 15 jta 20 jt apa ada di jepang gajih 3 jt tida ada maka nya harga beras 100 rb per kilo,-,0,Negatif,2,Sarkas,Beras:Mahal
irmania,untung diinterupsi ibu negara,-,0,Negatif,1,Sarkas,Mentan:Blunder
holanhata123,dia yg bilang marah dia yg bilang betul 😂,-,0,Negatif,2,Sarkas,Mentan:Blunder
bostoncie,"nggak tahu kenapa pejabat-pejabat saat ini memberikan statement asal saja,selalu bikin sakit hati rakyat😩",-,0,Negatif,2,Sarkas,Mentan:Blunder
LGSxArishya,Jepang Negara maju. Emg Indonesia sdh sama dgn jepang? hadehh ngmong gak mikir sebelumnya,-,0,Negatif,5,Marah,Jepang:BedaDenganIndonesia
vian,hnya orng goblok nyamain indonesia sm.jepang.tolol,-,0,Negatif,1,Sarkas,Mentan:Blunder
IbuRafardhan04,gaji 2 jt beli beras harga segitu jerit tenan 😥😥😥 gaji di jepang setara bapak . lak di terapne ng indo biyuh akeh wong kelaparan,-,0,Negatif,1,Sedih,Gaji:Berkurang
herigathol,betul katanya istrinya BPK Prabowo Ikam perkapita berbeda 😂😂🤭,-,0,Negatif,1,Sarkas,Mentan:Blunder
Leo♌,macul pak macul dulu cobain macul udah pernah blm?,-,0,Negatif,2,Sarkas,Mentan:Blunder
irmltfnsh,gendeng,-,0,Negatif,1,Marah,Mentan:Blunder
Chi toxs,"Wajar jepang 100 ribu sekilo,umr ya 40 juta indonesia,4 juta wajar kalok berasya 15 ribu sekilo,",-,0,Negatif,1,Marah,Mentan:Blunder
Davi shope,yaudah lo pindah ke Jepang pak ingat pak ini Indonesia semua serba pake uang tapi upah kerja yg minim😂😂,-,0,Negatif,1,Marah,Mentan:Blunder
quenlatifah,lier nemponage,-,0,Negatif,1,Sarkas,Harga:Beras:Mahal
tokotakatiki_,kalau di lihat2 banyak Mentri koq dungu,-,0,Negatif,2,Sarkas,Mentri:Dungu
Mis_take,😂,-,0,Negatif,2,Sarkas,Beras:Mahal
Mama Abell,kalo apa apa naik harusnya gaji juga d naikin donkk,-,0,Negatif,2,Sarkas,Gaji:Kecil
september,perkilo 100 petani perjam 200,-,0,Negatif,2,Sarkas,Harga:BerasMahal
TeknikBapak,dulu panutan sekarang dah lah sama saja 😂,-,0,Negatif,2,Sarkas,Beras:Mahal
jadi begini bang!,"kenapa akhir-akhir ini menteri"" yg terlihat baik pada blunder semua 😳",-,0,Negatif,2,Sarkas,Mentan:Blunder
arsyndr,jepanggg uang 100 rb ga ada apa apanyaaaaa.... di kita umr aja masih banyakbyg under 2 jt 😭,-,0,Negatif,1,Sedih,UMR:Beda
elin tamaya,woi kita bukan di jebang pak kita di indo,-,0,Negatif,2,Marah,Mentan:Blunder
연꽃🇮🇩❤🇵🇸❤🇸🇩🫂,negara jebang gajinya gede Indonesia gajinya dege DPRnya rakyatnya mah nelangsa,-,0,Negatif,5,Marah,Gaji:Kecil
rey?,dasar otak udang,-,0,Negatif,1,Sarkas,Beras:Mahal
Bhonjol yua,serendah itu pemikiran menteri,-,0,Negatif,1,Sarkas,Pemikiran Mentan:Blunder
Muna🕊️,tolong pilih Mentri yg bisa mensejahterakan masyarakatnya,-,0,Negatif,1,Marah,Mentan:Blunder
GATOT KACA AUDIO,emang ga berpihak kepada rakyat,-,0,Negatif,1,Marah,Mentan:Blunder
★★🫵RANTA🫵★★,sama engak mata uang nya,-,0,Negatif,5,Sarkas,UMR Indonesia:BedaDenganJepang
M O S,"lahh iya jepang gajinya brp jg pakk, gakmikir kalo ngasih contoh sihh 😏",-,0,Positif,5,Senang,Jepang:Keren
bakulanshop,Bodoh gaji rakyatnya berapa dulu??????,-,0,Negatif,1,Marah,Gaji:Bodoh
Rumi,congor setan',-,0,Negatif,1,Sarkas,Mentan:Blunder
rauy,"UMR JEPNG brp tolo*, peak x dibandingkan sama negara maju",-,0,Negatif,1,Sarkas,UMR Jepang:Beda
Queen ai,dia sekola ga si,-,0,Negatif,2,Sarkas,Mentan:Blunder
bebekitchen_,"Ya kalau pendapatan seperti jepang juga gapapa pak 100rb/kg, gaji di indo aja banyak sekali yg dibawah sejuta",-,0,Negatif,2,Marah,Gaji:Kecil
Dianag,Yaa Alloh… wonge sapa kuwe donge ? Compong,-,0,Negatif,5,Sarkas,Mentan:Blunder
pengendali wanita 🔥🔥😎,naik sedikit batok mu..,-,0,Negatif,2,Sarkas,Mentan:Blunder
sanahsinih,"Mentri TOLOL, Untung di tegur sama ibu titik",-,0,Negatif,5,Sarkas,Mentan:TOLOL
Fanda,kocak!!!,-,0,Negatif,2,Sarkas,Beras:Mahal
Yulita Su,setelah duduk menteri2 jadi pada songong n goblok,-,0,Negatif,1,Sarkas,Mentan:Goblok
miftatah17,inginku berkata kasarr,-,0,Negatif,1,Marah,Mentan:Blunder
etros,itu siapa? sekelas dpr kok pendek banget mikir nya :v,-,0,Negatif,5,Sarkas,Mentan:Sarkas
v,"bandingke karo jepang to pak,jepang umr 10jt konohaa umr e 2jt jajal wae umr konoha 10jt ra protes arepo rego beras 200rb pak",-,0,Negatif,1,Sarkas,Bandingkan:BerasMahal
Andi Y Ardi,yg bego yg dengar apa yg ngomong ya? masih gagal paham ini,-,0,Negatif,2,Sarkas,Mentan:Blunder
Rudet.,bodoh bngt.,-,0,Negatif,1,Sarkas,Mentan:Bodoh
Halhal_hal,tlong pak samakan gaji pekerja Indonesia dengan Jepang.... agar kami tidak ribut soal kenaikan beras.... 🙏,-,0,Positif,5,Senang,Gaji:Kecil
Zey,"mentri oh mentri, ada otak dak di pake",-,0,Negatif,1,Sarkas,Mentan:Blunder
galeri🫶bunda,maksud luu apa an😂,-,0,Negatif,1,Sarkas,Mentan:Blunder
kesengsaraan,"sebenarnya ada solusi untuk menjaga kesejahteraan petani dan konsumen,hanya saja sulit di aplikasikan di negara kita karna maraknya oknum². solusinya ada 2 yaitu: 1. Menjaga,mengawasi,& mengontrol harga dari petani dan konsumen di pasaran,melalui (BIN) sperti jaman pak Suharto. 2. Membangun dan mengembangkan industri pupuk dan pestisida nasional dari hulu ke hilir yang akan menciptakankan harga murah dan cukup stabil tanpa embel² subsidi. semua itu di awasi (BIN) sperti jaman pak Suharto dulu",-,0,Positif,4,Senang,Solusi:Inovatif
"ADIN HEN ,KBT",berapa gajih pembantu di jepang,-,0,Negatif,5,Sarkas,Pembantu:Kecil
imaroh990,"beras naik 100rb bagi anda ga masalah pak DPR, tunjangan beras anda 12jt/bln,,mau mandi beraspun ga masalah",-,0,Negatif,1,Sarkas,Beras:Mahal
Dhani,yah disitu kan banyak duik tloll,-,0,Negatif,2,Sarkas,Beras:Mahal
DS Farm,lambene...,-,0,Negatif,2,Sarkas,Beras:Mahal
rusminibrshb,Amran mikirnya gak pake OTAK,-,0,Negatif,5,Sarkas,Mentan:Blunder
BIERLIAN SKINCARE,blog,-,0,Negatif,1,Marah,Mentan:Blunder
aris02,mentri kopl0kkkk🤣,-,0,Negatif,1,Sarkas,Mentan:Sarkas
Imelda Jessi,🤣,-,0,Negatif,2,Sarkas,Beras:Mahal
🇮🇩꧁🎸☬ᮓᮔᮤᮨ ᮙᮨᮜᮧᮓᮤ☬🎸꧂🇮🇩,beda jalur pak klo di jepang gajih pekerja juga mahal ya sebanding dengan pembelian klo di indonesia bhan pokok naik gajih pekerja gk naik2,-,0,Negatif,2,Sarkas,Jepang:Beda
marjan,enak aja di samain jepang kalao 1kg 100rb hanya pejabat aja yg bisa beli beras yg gajihnya 100jt perbulan goblog,-,0,Negatif,1,Sarkas,Beras:Mahal
Arka ST,"Petani juga harus di perhatikan dong, buruh tiap tahun naik... ini pak menteri hanya salah ajj dlm perbandingan. intinya petani juga harus sejahtera",-,0,Positif,4,Senang,Petani:Sejahtera
V I K A 🌼,please cek umr nya berapa 🥱,-,0,Negatif,2,Sarkas,UMR:Beda
muchriyantoeggy,ya di jepang umr 20jt pak hadeh,-,0,Negatif,2,Sarkas,UMR:Mahal
♊7️⃣🅱️,"kestabilan yg perlu d jaga pak, rakyat kita msh banyak d bawah rata2",-,0,Negatif,2,Marah,Mentan:BedaHarga
nurulgote290,jepang gajih nya berapa bro sedang kan di indo satu bulan jadi 2 jt,-,0,Negatif,1,Marah,Mentan:Blunder
Ajahra Rian,pak klo d indo gaji bulanan rakyatnya di atas 15jt sih bpk blh ngomong kek gitu kocak😂😂😂,-,0,Negatif,5,Sarkas,Gaji:Kecil
windu✅,bpk bisa mikir ga sih....rakyat yg di ksmpung itu penghasilannya berapa,-,0,Negatif,1,Marah,Mentan:Blunder
user4009637507612,UMR Jepang brpa pak,-,0,Negatif,2,Sarkas,UMR Jepang:Mahal
indahchitra,Iki Indonesia tercinta pak jepang ya dapure jepang Dewe adohhh😂,-,0,Positif,5,Senang,Jepang:Dapure
RatuSyabantika,Tim PCO hadir menyimak percakapan inklusif di sini. Yuk mari isi ruang digital dengan semangat gotong royong.,-,0,Negatif,1,Marah,Mentan:Blunder
Shafira Novianti,di samain sama jepang wkwk lucu bener,-,0,Positif,5,Lucu,Jepang:Bener
edi,warga jepang juga bakal marah kalo disamain sama negara mau bubar ini,-,0,Negatif,5,Marah,Mentan:Blunder
chaira oktav,"Tim PCO menyapa, mendokumentasikan pandangan positif kalian. Yuk mari bangun suasana digital yang saling mendukung",-,0,Negatif,1,Marah,Harga:Beras:Mahal
pipit7199,gaji jepang ro konoha bedo sle ......oon eram,-,0,Negatif,1,Sarkas,Gaji:Kecil
taurus09,"pak, jepang negara maju, di indonesia yg maju cuma pejabatnya",-,0,Negatif,1,Sarkas,Mentan:Blunder
Iwanusro,jepang UMR nya juga gede pak😏,-,0,Positif,5,Senang,Jepang:Gede
Asriniii 🦋,"Di Bandingin sama jepang , dijepang aja ga adaa TIKUS BERDASIIII",-,0,Negatif,1,Sarkas,Jepang:Blunder
khafielkhafiel,emang buruh pabrik kuli sama di jepang pendapatannya kalo NGOmong kayak lulusan SD ibarat orang dulu itu tangan kanan blm sampai kuping kiri,-,0,Negatif,1,Sarkas,Jepang:Berbeda
224@Oddo,ada apa dgn mu pak? pendapatan perkapita kita saja bedah jauh dgn jepang....kalau bapak mungkin tidak masalah tapi kami yg di bawah pak tolong di pikirkan juga🤔🤔🤔,-,0,Negatif,2,Marah,Beras:Mahal
GUH AKAP,begini kuwalitas wakil rakyat ?,-,0,Negatif,1,Marah,Mentan:Blunder
Rey,"mau nanya sudut pandang apa yang membuat beras itu di bilang mahal apa yah? beras harga nya 14 ribu 1 kilo, ayam 1 kg 35 ribu, buah perkilo berapa, sayur perkilo berapa cabe perkilo berapa coba banding kan ama bahan pokok yang lain nya mahalan mana ama beras???",-,0,Negatif,2,Sarkas,Beras:Mahal
wahyulaksono321,"ngomong sebakul tuh , mendingan nasi sebakul bisa makan bareng2 😂",-,0,Positif,5,Senang,Nasi:BisaMakanBareng
Maulia Aries,"Beli barang konsumtif tak masalah, tapi sedikit naik harga beras jadi ribut. Mari lebih adil pada petani.",-,0,Positif,4,Senang,Beras:Wajar
Febri AM,"lah DPR aja buat beras dapet tunjangan 12 juta, sekitar 3x lipat UMR rata2 indonesia🥰",-,0,Negatif,2,Sarkas,DPR:BedaGaji
KakaEnda,Menteri koplak 😂,-,0,Negatif,2,Sarkas,Mentan:Koplak
K I M I 🐰,"samain dong gajinya semua seperti jepang, ga ada yang korup, sistem pemerintahan yg bagus 🤭",-,0,Positif,5,Senang,Sistem Pemerintahan:Bagus
Whooisrz,,-,0,Negatif,2,Marah,Harga:Beras:Mahal
fal408,😂😂😂,-,0,Negatif,2,Sarkas,Beras:Mahal
Angel Liana,pak klo gji UMK sm kaya Gaji jepang 😂😂hadeh bpk mabok baek,-,0,Negatif,1,Sarkas,Beras:Mahal
Rk101074,bodoh ini orang,-,0,Negatif,1,Sarkas,Mentan:Bodoh
RubyRafRab,lak oon maneh...gajie kono piro ndeng😁😅😂,-,0,Positif,5,Senang,Lak Oon Maneh:Keren
Heru,Teori tok suruh praktek noL,-,0,Negatif,1,Marah,Mentan:Blunder
masy aril harom,terusin pak naikin saya anak petani 🤭,-,0,Negatif,2,Marah,Mentan:Blunder
Aglonema SMI,"Beda nya jepang tak sesubur indonesia wajar kalou di sana mahal karna jaranf masarakat nya menanam padi ,, gimana kalou di bandingkan dengan jepang umk kita 😳",-,0,Negatif,2,Marah,Beda Jepang dan Indonesia:Beras Mahal
moms fatir nisa olshop,"beras naik...petani sejahtera sebenarnya seneng awak mendengar hasil bumi naik..ada harganya..kerna mamak dan ayah awak adalah petani.dimana doa mereka supaya hasil tani mereka ada harganya supaya bisa belik pupuk yg memng harga juga GK murah. tpi hasil bumi naik..awak kek rasa tercekik jdinya...semua irt yang bingung,,semua serba mahal...😰😰 kdng gaji UMR hnya cukup untuk pangan saja...😰",-,0,Negatif,2,Sedih,Beras:Mahal
der,klo UMR Indonesia 20 juta br beras 100 gk ribut😩😎bicara tinggi bbgt dah,-,0,Negatif,1,Marah,UMR Indonesia:BedaDenganJepang
Cilok Cak Dika,"@Ariguns store , lucu gak sih",-,0,Netral,3,Sarkas,TidakAppleToApple:Netral
Liya Ana,Kalau di jepang negara maju pak coba diliat di indonesia negara maju mundur🤣🤣🤣🤣,-,0,Negatif,2,Sarkas,Jepang:Blunder
𝙂𝙐𝙉𝘿𝙀𝙎,"gw gak setuju sih kalo di bandingkan dengan Jepang, tapi saya setuju dengan menjaga kesejahteraan petani dengan harga jual yang TETAP dan sedikit lebih tinggi.karena tau sendiri harga pupuk dan obat obatan itu mahal bgt",-,0,Positif,4,Senang,Harga Jual:Bahagia
berita terkini,nih orang bandingin ke jepang gaji nya aja beda pak hadehhhh,-,0,Negatif,1,Sarkas,Gaji:Kecil
Mb Len,"menteri prtanian satu ini hrs di ganti...bisa2 indonesia di bndingi ama jepang,,makanya bpk jgan tidur jdi gk mmpi.",-,0,Negatif,1,Marah,Mentan:Blunder
Miwana,pak udah pak pulang aja,-,0,Negatif,2,Sarkas,Pak:Blunder
Hamka,Semangat P.Mentan peny & Petani siap mendukung ketahanan pangan nasional,-,0,Negatif,2,Marah,Beras:Mahal
suriani,keren bapak mentan petani sejahtera rakyat makmur penyuluh sahabat petani mantap bapak mentan penyuluh bersama bapak,-,0,Negatif,1,Marah,Mentan:Blunder
Erwinsyah.SP ( PPL ),semoga harga setabil terima kasih pak menteri,-,0,Positif,5,Senang,Pak Menteri:Setia
😼😼😼,😏,-,0,Negatif,1,Sarkas,Harga:Beras:Mahal
Krisna,siapin baru klo ketemu ama nih orang,-,0,Negatif,2,Sarkas,Mentan:Blunder
Elvano Gibran Alshaka,goblok gitu koh bsa jdi mentri Herman bget gua liatnya..... senengnya banding bandingkan sama negara lain yg lebih maju tpi pejabat negera sendri berlomba-lomba utk meraup keuntungan sendri bukan buat rakyat-rakyatnya..... kerja duduk2 aja bukannya tambah wawasan plah tambah goblok adeh 🤦‍♂️,-,0,Negatif,5,Marah,Mentan:Blunder
kokogiok,sincan udah gede🤣,-,0,Negatif,2,Sarkas,Beras:Mahal
Ulnaaaꫂ❁,"bisa""ny bandingin ama jepang😭",-,0,Negatif,2,Sarkas,Bandingkan:BerasMahal
SAN_Diego 🇧🇷🤙,"Dari sabang sampe Merauke kekayaan meLimpah minyak, migas, sawit, emas, tembaga, nikeL, batubara, 🪵 kayu, dll+pajak rakyat tapi pembangunan minim rakyat banyak hidup di garis kemiskinan, maling korupsi merajalela ..dan kurangnya keadilan..",-,0,Negatif,1,Marah,Pemerintahan:KurangJujur
@HOLIES SANDOYES,😂,-,0,Negatif,2,Sarkas,Beras:Mahal
Devina mikeyla,jiwa pengemis meronta 🤣🤭,-,0,Negatif,2,Sarkas,Mentan:Blunder
BG AWANN,"Masalahnya negara kita ini negara yg bisa di bilang negara berkembang pak jngn di bandingkan dengan jepang karena jepang sendiri adalah negara maju jelas beda pak, kami rakyat mencari pekerjaan aja sekarang susah pak, wajar aja masyarakat teriak apa2 sekarang naik",-,0,Negatif,2,Marah,Beras:Mahal
ROS Agri81,bravo pak mentan,-,0,Positif,5,Senang,Mentan:Support
Amalia Lia9828,Pak jangan maluinn donk,-,0,Negatif,2,Sarkas,Mentan:Blunder
sagitarius🏹,beras di naikan gak papa tapi gaji kami di naikn juga,-,0,Positif,4,Senang,Gaji:Ditingkatkan
poutrie,ini mentri yang udah pada peyot bisa nggak sih di ganti gen z aja,-,0,Negatif,1,Sarkas,Mentan:Blunder
izaa,"tololllllll begooo, 100k perkilo sedangkan penghasilan warga Indonesia ajah minim",-,0,Negatif,5,Marah,Penghasilan warga Indonesia:Kecil
MasFur,Utek e neng dengkul,-,0,Negatif,2,Sarkas,Beras:Mahal
AQIY🅰️ 🧸🎀,Mikir kids orang gak mampu kayak mano mikir dikit ooooohhhh,-,0,Negatif,1,Sarkas,Mentan:Blunder
TiaPretty,dungu.,-,0,Negatif,1,Sarkas,Harga:Beras:Mahal
mar,bapak2 gajebi,-,0,Negatif,2,Sarkas,Bapak2:Gajebi
miuMiu,uteg e nyadi wong iki.. 😒,-,0,Negatif,2,Sarkas,Mentan:Blunder
chill guy,"yaiyalah pak gak marah orang dpr-nya gajinya gak sebesar di indo,yg korup aja di penjara sampe puluhan tahun",-,0,Negatif,1,Marah,Gaji:Kecil
sesuaimoodajasih,Wkwkwkwkk dia tau gak gaji di indo berapa jepang berapa,-,0,Negatif,5,Sarkas,Gaji:Kecil
Gorgeous g'rl🌷,"capekk, dibandingin sama Jepang😥",-,0,Negatif,2,Sarkas,Beras:Mahal
VERRUCKT,itulah ketololan orang pintar di sama kan dengan jepang 😳,-,0,Negatif,1,Sarkas,Orang Pintar:Mentan Blunder
мαηg єαк,pak pak pinter bgt belajr kesiapa pak,-,0,Negatif,2,Sarkas,Pak:KomentarTidakBerpengaruh
Tempoyakudang,"Hey hye andi arman sulaiman kok bisa sih jadi pemerintah cara pikir gini aduh, umr beda lah andi umr 4 jt di samain sama yang 20 jt itu pun 4 jt di beberapa daerah, daerah yang lain masih ada yang 2 jt , 3 jt aduh bisa ya cara mikirnya gitu",-,0,Negatif,2,Marah,Mentan:Cara Pikir Gini Aduh
Micheryll Lapadu,"wehhh pak bgn pak lihat dulu pak Gaji jepang beda sama di negeri kami,jepang kerja kasar itu atau pekebun gaji mencapai 30-40jt😎JD wajarlah klo hrga beras itu 100rb/kg",-,0,Positif,5,Senang,Gaji:Besar
user4383634969184,😁,-,0,Negatif,1,Marah,Beras:Mahal
Jahyadi Sitanggang,sesuaikan lah penghasilan di jepang bodoh...,-,0,Negatif,2,Sarkas,Penghasilan:Kecil
stadioncorner 🇮🇩,😂😂😂😂,-,0,Negatif,1,Sarkas,Beras:Mahal
Garuda Trans Holiday,😂😂😂,-,0,Negatif,2,Sarkas,Beras:Mahal
stadioncorner 🇮🇩,keren juga nih Bu Titik 😅,-,0,Netral,5,Sarkas,Komentar:BisaDibilang
Uda Firman🏞️,"meskipun arah nya agar petani sejah tera,, tp fungsi pengawasan bulog di indonesia ini bobrok bro,,, masih bnyak pedagan nakal yg membeli hasil bumi seenak nya,,contoh kelapa sawit,,di PT udah 3.500 di bawah pengepul cuma beli 1,800 ke petani...ini bukti fungsi pengawasan bulog kita ini ancur,mereka gak kerja.jadi percuma aja lu pada koar² di atas sana,kalau sistem ke bawah gak di benarin... yg sejahtera cuma pengepul,toke nya aja",-,0,Negatif,1,Marah,Pengawasan Bulog:Bobrok
Uda Firman🏞️,"Jepang pendapatan perkapita berapa bos..mikir dong..jangan lu samain,, mungkin pendapatan lu sebagai mentri sama dengan gaji di jepang,,tapi rayat indonesia pendapatan rendah buat makan aja susah, lapangan kerja sulit",-,0,Negatif,2,Marah,Gaji:Kecil
syekh Maulana Yusuf,"**“Silakan saja engkau memperbandingkan harga beras negeri ini dengan negeri asing. Gajimu besar, hartamu berlimpah, maka perbandingan itu mudah bagimu. Namun, logika apa yang kau pakai ketika membandingkan beban rakyat jelata dengan dirimu? Rakyat negeri ini bukan hanya membeli beras. Mereka digempur pajak, diperas biaya hidup, dijajah oleh bangsanya sendiri. Engkau berkata ringan, sementara kami menanggung beban yang berat. Maka jangan samakan perut kenyangmu dengan perut rakyat yang kosong.”**",-,0,Negatif,5,Marah,Mentan:Blunder
PANJI AGUNG,"kenapa sih kabinet pak wowo pada bento semua,,,ga ada yg bs di banggain.",-,0,Negatif,1,Sarkas,Kabinet:Bentrok
GURU MANCING LAMONGAN,semahal²nya harga beras. yg sejahtera pasti tetap tengkulak bukan petaninya 🤣,-,0,Negatif,1,Sarkas,Beras:Mahal
anis.pelox,🥰,-,0,Negatif,1,Marah,Beras:Mahal
Neni Ayu amalia,woyy...jgn di samakan atuh jepang negara maju .kita negara yg berkembang dgn tingkat koruptor yg tinggi ....,-,0,Negatif,1,Marah,Mentan:Blunder
ʀᴢ,bayangin umr 3jt disamain sama umr 20jt,-,0,Negatif,1,Sarkas,UMR:Mahal
Vendy_Keslem,jhan mendho,-,0,Negatif,2,Marah,Beras:Mahal
𝔸𝕢𝕦𝕒𝕣𝕚𝕦𝕤♒♣️,makanya kurangi bantuan beras 1000ton ke Palestina anj,-,0,Negatif,2,Marah,Beras:Mahal
kiyxxxx,hasil tani nya GK boleh d murah2 trus klu BSA petani klau musim kemarau BSA nanam palawija.,-,0,Negatif,2,Sarkas,Harga:BerasMahal
Malik Ahmad,jangan bandingkan kapita bandingkan pupuk dan kesejahteraan petani,-,0,Negatif,2,Sarkas,Bandingkan:Pernyataan
A'mad Socius oF Menthod,"gabah nya 8-10 ribu aja pemerintah yg beli, pemerintah kan gak mau beli, coba pemerintah beli pake apbn jadi mengurangi beban petani, ini kan rata2 tengkulak yg beli gabah maka harganya kecil walaupun beras nya naik. di tingkat petani mah gak naik..😏",-,0,Negatif,2,Sarkas,Pemerintah:Blunder
Malik Ahmad,Mentri terbaik,-,0,Negatif,2,Sarkas,Beras:Mahal
ultraman_ributt,"di Jepang gk masalah mau naik harga, di indo pemerintah ny kek DAJJAL semua",-,0,Negatif,1,Marah,Pemerintah:Blunder
Jaka samudra,kok bisa pak Wowo dpt Mentri model gituuu,-,0,Negatif,5,Sarkas,Mentan:Blunder
GodegPedati23,"pinter na hasil nyogok..tengok atub gaji pekerja jepang berapa,, gaih sama yg di beli seimbang kalau kita banyak pengangguran segala rupa pingin naik",-,0,Negatif,2,Marah,Mentan:Blunder
nn42,"gila tdinya 75k skrg 93k, menyala 😭",-,0,Negatif,1,Sedih,Beras:Mahal
Mili Pusss,😳😌 kog akeh seng kemploh ... cara berfikir e,-,0,Negatif,1,Sarkas,Berfikir:E
Eguh Wicaksono,Samakan gaji Indonesia dengan Jepang .... Agar rakyat tidak ribut soal kenaikan beras,-,0,Negatif,2,Marah,Gaji:Beda
Ghee,tolilll,-,0,Negatif,2,Marah,Harga:Beras:Mahal
sanjawita,Di jepang gajinya tinggi. Ibarat harga beras 100 rb gaji perbulan 35 jt.. perbandingannya masih enak,-,0,Positif,5,Senang,Gaji:Kecil
️,Lu bayangin dpr sebulan 12 juta🗿,-,0,Negatif,1,Marah,Mentan:Blunder
Timo,Kek ada sesuatu yang hampir aja keceplosan tuh si bapak😂😂,-,0,Negatif,2,Sarkas,Bapak:Kecewa
alinarlina193,di samain sama jepang tholol dari gajih juga jauh..,-,0,Negatif,1,Sarkas,Jepang:Berbeda
SYITAPUTRI2001,"JEPANG GAJINYA BANYAK minimal 20 jt pak, kalau indonesia gajinya sampe 20 jt nggak papa beras 100 ribu",-,0,Negatif,2,Sarkas,Gaji:Banyak
iindaah_k,minimal UMR dinaikin lah,-,0,Negatif,5,Marah,UMR:Besar
onlyou,"bandingin kok sama negara majuu,lu kira indo negara maju hah??",-,0,Negatif,2,Sarkas,Banding:Kritik
Emma Ducasse,KOOOOOORRRUUUUUFFPPPFPFPF,-,0,Negatif,1,Sarkas,Mentan:Blunder
yho451,"tolong kalau bicara itu sesuai logika aja Dhe,coba kalau UMR seluruh indonesia sama kaya jakarta apa bisa dhe",-,0,Negatif,2,Marah,Mentan:Blunder
justvey_,"gaji nya sama ga, astaga, mentri atau para pejabat ini makin ke sini makin kemana logikanya mereka ini",-,0,Negatif,1,Marah,Mentan:Blunder
💥 kenyoot 🍼💥,Indonesian kebanyakan koropsi,-,0,Negatif,1,Marah,Mentan:Blunder
sidikdk88,"nga ada otak kali ya,, emang UMR di sana sama di RI sama kali yaaa",-,0,Negatif,2,Sarkas,UMR:Beda
pincesst,bapak mentri ini loh.,-,0,Negatif,2,Sarkas,Mentan:Blunder
masnoooo,blok cok,-,0,Negatif,1,Marah,Mentan:BedaHarga
thannn,apakah dia dongo🤔,-,0,Negatif,1,Sarkas,Mentan:Dongo
❀ֶֶָָ֢°˚ʚ sinta ɞ⋆ֶָ֢°❀,"ya gaji 3jt perharimu itu sini kasih aku, nnti kubeli beras 100rb/kg ituuu",-,0,Positif,5,Senang,Gaji:Banyak
Ekaa🌸,"100ribu perkilo , gaji sehari cuma beli beras doang rekk 😭",-,0,Negatif,5,Sedih,Gaji:Bulat
gio,MEMANG PALING ENAK BENER JAMAN PAK SOEHARTO YA TEMAN TEMAN,-,0,Netral,3,Sarkas,Pak Soeharto:Keren
Zyr_frsty,kerja lebih keras dan lebih cerdas pasti gajinya lebih besar,-,0,Negatif,2,Sarkas,Gaji:Beda
£ka,kaga punya mataa yaa jepang tukang cuci piring aja gajinya 75 juta,-,0,Negatif,5,Sarkas,Gaji:Kecil
As⚖️,"di Indonesia UMR aja ga rata anjm masih banyak pabrik"" RM cuma 50rb /hr.. hadeh.",-,0,Negatif,2,Marah,UMR:Beda
MADO BU'ULOLO,mentri totol kami lagi susah syukur syukur kalau bisa makan,-,0,Negatif,2,Sarkas,Mentan:Blunder
Gerakan_Sunda_merdeka,tiap hari ada ajah gebrakan dari pemerintah😂,-,0,Negatif,1,Sarkas,Pemerintah:Blunder
rizzz♏🍒,makin mahal harga beras makin mahal modalnya blm bayarin yg nanem pikirin tu pikirin LOL!!!,-,0,Negatif,1,Sarkas,Harga:Beras
jelboy,negara maju d bandingin negara korup,-,0,Negatif,1,Sarkas,Jepang:Beda
syah,menteri dongo,-,0,Negatif,1,Sarkas,Mentan:Dongo
Cafe Malt Latte Coffee,sekolah pak,-,0,Negatif,1,Marah,Mentan:Blunder
Lovely,"pak cepatan naikin harga beras jd 100rb/kg🥰 UMR gaji kami jg naikkin ya pak 20jt/bulan,baru fair dong",-,0,Positif,4,Senang,Beras:Mahal
cupu manik,"bagus pak,.. sejahtera kan petani Indonesia,..",-,0,Positif,5,Senang,Petani Indonesia:Sejahtera
Plat F,yang kaya gini bisa²nya gak pandai ngomong😌,-,0,Negatif,1,Sarkas,Mentan:Blunder
domimei,mereka ini kayak gk punya otak gasi,-,0,Negatif,5,Sarkas,Mentan:Blunder
tejo subagio,ekspor ke jepang gimana pak.cuan itu,-,0,Negatif,2,Sarkas,Ekspor ke Jepang:Kritik
free Palestine,di jepang gaji kuli bangunan berapa Abang ku???,-,0,Positif,5,Senang,Gaji:Besar
TRI BUDI,kenapa kebanyakan Mentri TOLOL,-,0,Negatif,5,Sarkas,Mentan:TOLOL
R,gaji di jepang gede pak sesuai. la di indo ada yang 500rb perbulan paling gede 4jt sebulan 😩😩😩 kalau gaji di indo sama kayak jepang kayak di negara lain jangan kan 100rb per kg 200 per kg sanggup2 ae😩😩,-,0,Negatif,5,Marah,Gaji:Beda
Iwan Iwan,kentut,-,0,Negatif,2,Marah,Harga:Beras:Mahal
Indah Herliyana,malu gue punya mentri kyk gini😅,-,0,Negatif,2,Sarkas,Mentan:Blunder
Yusran Rudianto,"Jepang disamain😂, pk prabowo cari lah menteri yg berkualitas 🤭",-,0,Negatif,2,Sarkas,Mentan:Blunder
Octarina Marsha,"bapak klo jd masyarakat biasa gimana posisinya, ribut ga 😏",-,0,Positif,5,Senang,Bapak:Keren
ricky01,kocak banget moso dibanding kan sama jepang gaji 20 juta keatas...lah Konoha baru 3 juta (UMR),-,0,Negatif,5,Marah,UMR:BedaDenganJepang
Anah Rohanah,"ya aloh pak.amran jangan dibandingkan dengan jepang ,jepang negara yang sudah maju sedang indonesia negara baru mau maju udah banyak rongrongan dari para pejabat itu sendiri",-,0,Negatif,5,Marah,Mentan:Blunder
Meeeyyy,Ngomong doang mah gw juga bisa,-,0,Negatif,5,Sarkas,Mentan:Blunder
asmodeus666,mentri ga ada otak.. Jepang UMR berapa Indonesia berapa ga ada otak,-,0,Negatif,1,Marah,Mentan:Blunder
Haimey,"Kocak ni orang, gaji Indo berapa gaji Jepang berapa😌😌😌",-,0,Negatif,5,Sarkas,Gaji:Kecil
"𝔏𝔲𝔤𝔞,,",suruh aja dia tinggal di Jepang 🤣🤣,-,0,Negatif,2,Sarkas,Mentan:Blunder
hanik940,JEPANG UMRnya BERAPA?,-,0,Negatif,5,Marah,Jepang:BedaUMR
Raff/Fly?,otaknya dmn ya ni orng,-,0,Negatif,1,Sarkas,Otaknya:dmg
adi,beda income pendapatan perbulan nya kalo ama jepang😑,-,0,Negatif,2,Sarkas,Gaji:Beda
ky.,kocak,-,0,Negatif,1,Sarkas,Harga:Beras:Mahal
RM ratubadis,kenapa ke Jepang perbandingan nya.. Indonesia hasil tani melimpah.. tinggal kalian olah.. kenapa ya menter2 prabowo tdk bisa menghitung dan memperbandingkan.. asal membut laporan..,-,0,Negatif,2,Sarkas,Mentan:Blunder
rujak,"woi negara Jepang itu negara maju, dri mata uang aja kita trkecil...",-,0,Negatif,5,Sarkas,Jepang:Kegiatan
imma,minimal UMK ny samain sama jepang,-,0,Negatif,1,Marah,UMK:BedaDenganJepang
syaepul amri,kacau nih mentri nya,-,0,Negatif,2,Sarkas,Mentan:Kacau
ERROR_,blunder 😂,-,0,Negatif,2,Sarkas,Mentan:Blunder
ngatmi,"apa""dibandingkan dgn luar negeri lihat daya beli rakyatmu",-,0,Negatif,1,Marah,Beras:Mahal
rositaintaan,gajinya beda pak bedaaaaa,-,0,Negatif,2,Sarkas,Gajinya:Bedaa
wawa,lah situ gak beli beras 😂😂 wong dijatah tunjangan beras 12 juta perbulan kocakk,-,0,Negatif,2,Sarkas,Beras:Mahal
waone,mikir pak. disamain sama jepang dasar ternak jokodok,-,0,Negatif,2,Sarkas,Mentan:Blunder
Mbkostan07.,seriuss kita diwakilin orang bgini?,-,0,Negatif,5,Sarkas,Mentan:Blunder
Emma_🍒🦢🦢,jepang lo.jepang pak.....dunia tau negara jepang itu mana🙄🙄🙄🙄,-,0,Negatif,5,Sarkas,Jepang:Sarkas
pudu🐻,"DI JEPANG YANG KORUP LANGSUNG HILANG PAK, NAHH INI MAU SAH KAN PERAMPASAN ASSET AJA SUSAH NYA MINTA AMPUNNN, MALAH MAU BANDING2IN SAMA JEPANG KOCAK",-,0,Negatif,1,Sarkas,Jepang:Kocak
BuH,te eling jelema ie mah tong didenge,-,0,Negatif,1,Sarkas,Mentan:Blunder
user286633392934,"Kalo mau peke teori banding membanding jangan hanya 1 case aja, harus banyak case yg dibandingkan biar adil. (Penindakan hukum, Pendapatan/gaji, pengelolaan keuangan yg transparan, indeks korupsi dll). Info dari teman di Jepang harga ikan Salmon Rp 75.000/kg, jika di Indonesia Rp 250.000/kg. Selalu itu daging, sayuran, ikan, buah yg dijual di Jepang kelas premium. Terimakasih",-,0,Positif,5,Senang,Banding:Wajar
ndollien,Goblo9,-,0,Negatif,1,Marah,Beras:Mahal
Charry Aditama Daula,bandingin upahnya cuk,-,0,Negatif,2,Sarkas,Banding:Kritik
@ga yasa12,"pemerintah goblok di samain Sam negara maju, negara indo Negara korup",-,0,Negatif,1,Sarkas,Pemerintah:Korup
puji misgiyanto,jepang ora di pajek ii Kabeh,-,0,Negatif,2,Sarkas,Jepang:OraDiPajek
tantoCCTV,kalo begini yang gak beres legislatif apa eksekutif?,-,0,Negatif,1,Sarkas,Legislatif/Eksekutif:Beda
Ronny sukandar,gaji di jepang brp geblek.,-,0,Negatif,2,Sarkas,Gaji:Kecil
Widanik_dwi🌻,"pinter bu tikkkk ,, DPR artine opo sihhh🌝",-,0,Negatif,2,Sarkas,Mentan:Blunder
Winda,kalau gak ada lagi masarakat yg susah suka hati mu lah mau ngomong apa,-,0,Negatif,2,Sarkas,Mentan:Blunder
antoarf,"sedikit matane,iyo koe gajine 100juta kene umr jogja 2juta nangis😭😭😭",-,0,Negatif,1,Sedih,UMR Indonesia:BedaDenganJepang
suneo,UMRnya jga udh beda 🗿,-,0,Negatif,2,Sarkas,UMR:Beda
Andi Indra,UMR jepang brapa pak,-,0,Negatif,5,Marah,UMR Jepang:Kurang
yoshuasheplenk29,guuoohhbblllioeekkkxxxxx,-,0,Negatif,1,Marah,Mentan:Blunder
Erge_SF,kocak😂,-,0,Negatif,2,Sarkas,Beras:Mahal
badgermustank,"ngomong in Jepang, Jepang UMR brp TKKOLLLLL",-,0,Negatif,1,Sarkas,UMR:MisleadingComparison
yayyya,lulusan paud ya pak?🙏🏻,-,0,Negatif,2,Sarkas,Mentan:Blunder
Mbah kung jember,paaak jepang pemerintahnya mensejahterakan rakyatnya .klo indonesia mensejahterakan pejabat rakyat kecekek,-,0,Negatif,1,Marah,Pemerintah:Blunder
ᮔᮤᮞ᮪ᮊᮜ,jig atuh maneh ka jepang,-,0,Negatif,5,Sarkas,Jepang:KomentarTidakLogis
ayu indiani,BPK Mentri knp baru naik sedikit langsung ribut?karna masyarakat sekarang cari duit susah makanya naek 1rb/2rb langsung ribut.,-,0,Negatif,2,Sarkas,BPK Mentri:Blunder
𝕄𝕣. ℙ𝕀𝕆,menonjolkan kepintaran di atas rata-rata😂,-,0,Negatif,1,Marah,Mentan:Blunder
bang R 💈,bacot kauuu bujang,-,0,Negatif,1,Sarkas,Mentan:Bacot
imanyyyy,laillahilah nyebut nyebut,-,0,Negatif,1,Sarkas,Mentan:Blunder
lia,jepang negara maju.. rakyat nya ga byk. indo byk rakyat yg masih susah. beras makanan pokok kita.,-,0,Negatif,2,Marah,Beras:Mahal
pangeran_kodok1990.7,mau pembelaan tp ibu Titiek nya pintar untung nya,-,0,Negatif,1,Sarkas,Mentan:Blunder
muhammad kenan rafanza,semakin hari smakin banyak pejabat nya kaya bab* semua,-,0,Negatif,1,Sarkas,Pejabat:Kaya
user2938815455737,Bandingkan harga beras nya doang..... Gaji kita juga di banding kan juga dong Pak....... 😂😂😂,-,0,Positif,5,Senang,Bandingkan:BerasMahal
Arifw,Contoh omongan goblok . Gaji kuli jepang per jam Rp150 sedangkan indonesia gaji kuli satu hari cuma Rp100 . Apakah Bisa di samakan dengan jepang yang negara dan pemerintahannya sangat bagus ?🤣 Jelas tidak bisa sampai kapanpun. Omongan yang tidak bermutu😅🤣,-,0,Negatif,5,Sarkas,Omongan:Blunder
wondoxxx,mentri iki lulusan sd koyok e,-,0,Negatif,1,Sarkas,Mentan:Blunder
mardi chomong,"jepang mah g ada rakyat miskin pa,kalau bapak ngomong bgitu enak punya gaji",-,0,Negatif,5,Sarkas,Gaji:Kecil
24434,sepertinya butuh diruqyah😌😌😌,-,0,Negatif,2,Sarkas,Mentan:Blunder
renniyulis,pak anda dapet tunjangan beras pak jadi mau beras harga 100rb atau 500rb juga kagak ngaruh pak,-,0,Positif,5,Senang,Beras:Murah
asstryd chunhyang,jgn di bandingin atuh pa kumhaa she 🤔 ngerti GK she keadaan rakyat,-,0,Negatif,5,Marah,Beras:Mahal
JIYOタロー,di Jepang gada korupsi.. mentrinya ato pemerintah nya sadar diri kalo kinerjanya tidak bagus mengundurkan sendiri mereka,-,0,Negatif,2,Sarkas,Mentan:Blunder
as syifah,pak di Tangerang kerja gaji masih banyak di bawah UMR 🤭,-,0,Negatif,2,Sarkas,UMR:Kecil
Zae Laufeydottir,pejabat cacat logika,-,0,Negatif,5,Marah,Mentan:Cacat Logika
sagitarius13♐,knp sih mentri2 kabinet kali ini kayak orang id1ot...😅😅🙏🙏,-,0,Negatif,1,Sarkas,Mentan:Idiot
zebrag,"makin kesini SDM para mentri mulai makin terlihat nyata,, 🤣🤣",-,0,Negatif,5,Sarkas,SDM para mentri:Makin Terlihat Nyata
Parlindungan,Otak kosong 😏,-,0,Negatif,5,Sarkas,Otak:Kosong
double joker,udah pak udah pak 😅,-,0,Negatif,2,Sarkas,Beras:Mahal
Kimm putra,"pantesan di Minimarket beras langka seperti nya ada sesuatu nich,,,",-,0,Negatif,2,Sarkas,Beras:Mahal
pak poo,ya udah bindah dejepang aja lo sana,-,0,Negatif,2,Sarkas,Jepang:Bindah
𝐅,"pantes lah Jepang ketauan korupsi di hukum mati disini ketauan korupsi di biarin, mau negara maju lagi",-,0,Negatif,1,Marah,Mentan:Blunder
HRD PEDET BALAP,Mentri GK pernah terjun ke lapangan,-,0,Negatif,2,Sarkas,Mentan:Blunder
Marco reus,bayangin lu jadi org nggak mmpu nggk bakalan ngomong gitu anj🙃,-,0,Negatif,5,Sarkas,Mentan:Blunder
bosankopi,sekelas mentri loh suka becandanya cuma gak lucu wkwk,-,0,Negatif,2,Sarkas,Mentan:Becandanya
Tulus prayogo,Kok bisa jadi mentri jalur apa sih orang kayak gini,-,0,Negatif,1,Sarkas,Mentan:Blunder
arjuna bengkel las,100k perkilo jga gaji nya gdeee,-,0,Positif,5,Senang,Gaji:Kecil
♈️,"Gaji guru aja masih ada yg 300 rb, di samain sm jepan beras 1kg 100😭😭😭😭😭😭😭",-,0,Negatif,2,Sedih,Gaji:BedaDenganJepang
Syair Berdarah..,dia sudah meninggal jagan dihujat..,-,0,Negatif,2,Marah,Mentan:Blunder
budi,😄😄😄😄 🙏,-,0,Positif,5,Senang,Netizen:Dukung
Gunawan wibisono,"jepang ,gajinya 20jta per bulan pak kalo di indonesia 2jt",-,0,Negatif,1,Marah,Gaji:Kecil
Ono19,Menteri Prabowo nyusahin rakyat semua,-,0,Negatif,1,Marah,Mentan:Blunder
carik09,buat sampean mah yg gajinya lebih dari cukup 100rb 1gk murah.,-,0,Positif,5,Senang,Gaji:Banyak
lina amelia,haha gaji umk nya sama engga🤣🤣,-,0,Positif,5,Senang,Gaji:Kecil
man.iman,pinter keblinger,-,0,Negatif,2,Sarkas,Beras:Mahal
Sibungsu,Di indo banyak yg ga kebeli beras jga anjj😂,-,0,Negatif,5,Marah,Beras:Mahal
teken tekun tekan,pendapatan rakyatnya beda bos,-,0,Negatif,1,Marah,Pendapatan rakyatnya beda bos:Kecil
SMK NEGERI 1 TANAH LUAS,😁,-,0,Negatif,2,Marah,Harga:Beras:Mahal
SMK NEGERI 1 TANAH LUAS,🤲,-,0,Negatif,1,Marah,Mentan:Blunder
husen,😹,-,0,Negatif,1,Marah,Mentan:Blunder
adi,mentri goblok.,-,0,Negatif,1,Sarkas,Mentan:Goblok
lutfi,orang goblok kok bisa jadi dpr yaa,-,0,Negatif,2,Sarkas,Mentan:Blunder
klinik_smartphonebinjai,penhasalian y kan beda bos. konoha gaji pejabat y aja yg naek kalok rakyat y mah apa lah daya,-,0,Negatif,1,Sarkas,Gaji:Kecil
gabek kongdirr,"gb,lok",-,0,Negatif,1,Marah,Beras:Mahal
xxx,bagi anda naik sedikit GK masalah.bnyak yg GK bisa beli beras.terpaksa mkn singkong. apa lagi penghasilan buruh sekarang murah.,-,0,Negatif,2,Marah,Harga:BerasMahal
Ely erlyanti,"pak jepang org kerja gajihnya gede"", indonesia gajihnya paling gede iya ikut UMR.. terus KLO ngikutin negara lain gajih kita siap di naikin gak😡",-,0,Negatif,5,Marah,Mentan:Blunder
hanaa🍒,sempet sempetnya dia NGEFREEZE 😭,-,0,Negatif,2,Sarkas,Mentan:Blunder
Siti Graheni,😇😇😇😇,-,0,Negatif,5,Marah,Mentan:Blunder
Epi_sode_33,jepang gak ada koruptor,-,0,Negatif,5,Sarkas,Jepang:Korupsi
Iyashhh,gajinya juga beda anyinggggg,-,0,Negatif,2,Sarkas,Gaji:Kecil
Tiya Zuhrotul A,Hey hey bapak👋🏻 Gaji aja udah beda+pemerintah disini MALU BUAT KORUPSI. Pajak penduduk juga tepat sasaran☺️,-,0,Negatif,5,Sarkas,"Gaji:Kecil,Mentan:Blunder,Pajak penduduk:Problematik"
Ramakng Penyayat 🌾🌾🌾,"jika membandingnya berdasarkan dengan income , di Jepang membeli beras terasa Rp 4500/ kg, angka saja tinggi tapi secara beban jauh lebih kecil dari Indonesia, jadi jangan bandingkan Rp 100.000 sama Rp 15.000,tapi Rp 15.000 sama Rp 4500, dan rata-rata beban biaya membeli beras hanya 4,5 % dari income mereka, kalau Indonesia beban biaya beras itu sampai 20% dari gajih",-,0,Negatif,2,Sarkas,Beras:Mahal
hanip,gw lo tanya sama itu orang. umr jepang sama umr endonesah gedean manah?,-,0,Negatif,2,Marah,Mentan:Blunder
yogi nugraha93,duh org kek gini dijadiin mentri otaknya di taro dimana,-,0,Negatif,2,Sarkas,Mentan:Blunder
DERIX ATEP,kenapa ya para pejabat lol bgt udah wakil dpr sekarang ini,-,0,Negatif,2,Sarkas,Mentan:Blunder
Danil Par'dd 🇮🇩,anjj,-,0,Negatif,2,Marah,Harga:Beras:Mahal
izzz2302,"pak jepang pejabat nya cerdas, indo paling dongo",-,0,Negatif,1,Sarkas,Pak Jepang:Keren
Nadi Muhammadd123,🤣🤣🤣🤣🤣Jepang rakyat nya makmur Jepang negara maju..lah Indonesia rakyat nya jga banyak yg pada kelaparan 🤣🤣🤣🤣,-,0,Negatif,5,Marah,Mentan:Blunder
Damay.Garage,"mohon maaf.. jangan gitu pak.. kalau rakyat juga membandingkan kualitas kinerja pejabat jepang dengan indonesia gimana pak.. jepang kan negara maju, kalau indonesia? masih banyak yang kurang mampu, sawah indonesia juga banyak pak.. masak mau 100 ribu perkilo.. kasian orang kurang mampu.. nanti malah busung lapar banyak terjadi 🙏🙏",-,0,Negatif,5,Sedih,Beras:Mahal
Onwers Sijalufufi 🦈,ini yang SDM 🗿 rendah aslinya,-,0,Negatif,2,Sarkas,SDM:Beda
Lee An De,Gmn mau jadi indonesia emas 2045 kalo kualitasnya begini 😭😭😭 ya Tuhan capek 😭😭😭,-,0,Negatif,1,Sedih,Indonesia:Beresk
Amur Tigro,memangnya penghasilan rakyat kecil puluhan juta seperti penghasilan mentri DPR,-,0,Negatif,1,Sarkas,Gaji:Kecil
KemelShop,perekonomiannya beda bapak 😌😌😌 disana memajukan rakyat di info rakyatnya dimanfaatkan buat bayar pajak,-,0,Negatif,2,Sarkas,Pajak:Beda
iyak heru,nanti juga minta maaf😁😁😁😁,-,0,Negatif,2,Sarkas,Mentan:Blunder
Lihamoy,"klo mau disamain sma jepang, sini naikin gaji buruh jd 20 jta dan bebaskan pajak.",-,0,Positif,5,Senang,Gaji:Besar; Pajak:Bebas
Dodi Setiadi,👍👍,-,0,Negatif,1,Marah,Mentan:Blunder
HarisWahyuti,"Mentri pada begooo semua,, tidak perna berfikir masyarakat menengah ke bawah,,🤦",-,0,Negatif,2,Marah,Mentan:Blunder
Rinn,negara gini di bandingin sama negara maju😅,-,0,Negatif,1,Sarkas,Beras:Mahal
Hima Hito,lihatlah betapa dongonya beliau ngebandingin harga beras yg umr 17-20jt dengan umr 3jt-5jt 😂,-,0,Negatif,2,Sarkas,Beras:Mahal
degeyaga,ko dongo banget ya,-,0,Negatif,2,Sarkas,Mentan:Blunder
ur.girl♡♡,umr indo menjeritt😭,-,0,Negatif,1,Sarkas,UMR Indo:Mahal
Nyun,"Pak, jepang negara maju.. UMRnya aja berpa pak ? Pertanian disana lebih maju pak wajar 100rb/kgnya..",-,0,Positif,4,Senang,Pertanian:Maju
setiaa007,karna masyarakat Indonesia byk pengangguran kasi kerjaan yg baik pa biar engga oleng😂😂😂,-,0,Negatif,2,Sarkas,Mentan:Blunder
imutiee,ELUUU MAH ENAKK BERAS AJA DI TANGGUNG NEGARAAA PAKK,-,0,Negatif,5,Sarkas,Mentan:Mahal
Jafmuh,ini yg bikin harga premium beras sampe sekarang bisa 2x lipat😅,-,0,Negatif,2,Sarkas,Beras:Mahal
viaa,MKSDDD? 😭😭😭,-,0,Negatif,1,Sarkas,Mentan:Blunder
𝓡𝓲𝔃𝓪𝓵1790,Bandingin dgn jepang ke jauhan pak 😁😅,-,0,Positif,5,Senang,Bandingin:Netral
SHAN🫵🤨🖕,sdm rebdah jd dpr😅,-,0,Negatif,2,Sarkas,Mentan:Blunder
Canuy,jepang sama indonesia beda atuh pak. 😭 beda jauh lahh pak,-,0,Negatif,2,Marah,Jepang:Beda
ASZ.Store,beras naik 100rbu gak masalah kalau gaji UMR setara dengan UMR Jepang!,-,0,Positif,4,Senang,Gaji:Setara
bobon_,Skrang gini deh bisa gak indonesia income perkapita nya sma in Kya jepang biar sama beras nya 100rb per kg😂,-,0,Negatif,2,Sarkas,Beras:Mahal
Seruit Tampah MenganGeh,kenapa sih orang-orang di DPR INI 😌,-,0,Negatif,1,Sarkas,DPR:Blunder
Misna,jepang vs indo😄,-,0,Negatif,1,Marah,Mentan:Blunder
Bublee03,kok aing muak dengerna,-,0,Negatif,1,Sarkas,Beras:Mahal
Moh,Gaji di indonesia berapa..kok malah kau banding2 sama jepang..,-,0,Negatif,2,Sarkas,Gaji:Kecil
wahyu abadi,"gajine sebulan 30jt itu pling dikit disana sdangkan qt pak penghasilan 3jt sebulan , itu pun bnyak yg malah g sampai segitu pak",-,0,Negatif,1,Marah,Gaji:BanyakTapiKurangCukup
pangestii,beda UMR Tolonggggg 😭😭😭🤣,-,0,Negatif,2,Sarkas,UMR:Beda
vitaagemoy17,Iahh pak pendapatan kita brpaaa Jepang brpa aduhhh aduh yang sama rata kalo perbandingan pak,-,0,Negatif,1,Marah,Mentan:Blunder
MARKET EFB || PAMPAM STORE,gbblkkk bgttt asssu,-,0,Negatif,1,Sarkas,Beras:Mahal
Amanda's kitchen,samakan UMR indo sama jepang mau berapapun kau naikan beras kami jabaning bos,-,0,Negatif,1,Marah,Mentan:Blunder
Aim,umr jateng masih 2jtan B4 Bbbbb1111111,-,0,Negatif,2,Sarkas,UMR Indonesia:Bahagia
moshpitmomma,dongeng hari ini,-,0,Negatif,1,Sarkas,Beras:Mahal
@cima.piwpiw,otak dia,-,0,Negatif,1,Marah,Mentan:Blunder
Cdwᥫ᭡🌹,Jepang umr 30 jt on,-,0,Negatif,2,Sarkas,Jepang:BedaUMR
jarboyy,kadang kadang anj,-,0,Negatif,2,Sarkas,Beras:Mahal
linamolly571,laah jepang di samain sama indo. UMR nya aja beda jauh bgt 🤦‍♀️,-,0,Negatif,5,Marah,UMR:BedaJauh
YOHANES PREMIUM,TATATAPI PAK...,-,0,Negatif,1,Marah,Mentan:Blunder
5 Second,Kok menteri si wowo pada oleng otaknya.,-,0,Negatif,1,Sarkas,Mentan:Blunder
Account executive MyRepublic,"kamu juga lihat Pekerjaan apa yang merata di Indonesia yang Di gaji bisa beli beras 10 Kg perminggu, lapangan pekerjaan apa Yang Ada di Indonesia yang Sudah bisa bekerja Dengan satu penguasaan bidang, kebanyakan pekerjaan Yang ada di Indonesia harus menguasai beberapa bidang dan lihat berapa upah mereka",-,0,Negatif,2,Sarkas,Gaji:Kecil
mozze,"mungkin emang 100rb per kg, tapi gaji di jepang berapa??? terus kualitas berasnya gimana??? jangan di samain dong...",-,0,Negatif,2,Sarkas,Beras:Mahal
shararasticker,jepang kurang petaninya. indonesia banyak petaninya korupsinya yg gede,-,0,Negatif,1,Marah,Jepang:Beda
lupa pass,kualitas menteri yang gak bisa bedain Income 🫵🏻💩,-,0,Negatif,1,Sarkas,Kualitas Mentan:Bodoh
∆RIND∆,"gk merasa nanam padi, naikin beras, ribu aja",-,0,Negatif,2,Marah,Beras:Mahal
Mia🦋,@Rizka,-,0,Negatif,2,Marah,Harga:Beras:Mahal
Mia🦋,"Ini harusnya buka mentri pertanian, tapi petaninya",-,0,Negatif,2,Sarkas,Mentan:Blunder
naenisya,"pdhl bs turunkan harga obat obatan dan pupuk, subsidi pupuk sudah gk ad,mau beras murah",-,0,Negatif,2,Marah,Beras:Mahal
music song🎧,jepang udah maju di indo mah masih ada pajak dan korupsi rakyat aj menderita Mala nyamain jepang 😬,-,0,Negatif,2,Marah,Jepang:Beda
Ayu Widiarini,yg kyk gini lulus jg jadi pejabat kyknya gak sadar ya negara kita ini masih berkembang bukan negara maju kayak jepang,-,0,Negatif,5,Marah,Mentan:Blunder
wongsusah,si anjirr di bandingin sama jepang😭,-,0,Negatif,2,Sarkas,Jepang:Beda
Fanny,"DI JEPANG RAKYATNYA SEJAHTERAH,PENGHASILAN BAGUS,DI INDONESIA PEMERINTAHAN CUMA BUAT GROGOTIN RAKYAT.RAKYAT MAKIN SUSAH.BEGOOOOOOO!!",-,0,Negatif,1,Marah,Pemerintahan:Cuma Buat Grogotin Rakyat
rebekapinem,yg ngomong zona aman coba tukaran pak biar tau rasa,-,0,Negatif,2,Sarkas,Mentan:Blunder
bitter🔪,KALAU BAHAN MAKANAN NAIK GAJI NYA JUGA HARUS NAIK DONGG kok dongo bangett,-,0,Negatif,2,Sarkas,Gaji:Kecil
Xotto,TO LOLLLLLLLL,-,0,Negatif,1,Sarkas,Beras:Mahal
liarkeunn,Di sama in sama jepang dong 😭,-,0,Negatif,2,Sarkas,Jepang:Beda
Drs electronik,pak.berapa pendapatan rakyat Indonesia dan Jepang berapa pendapatan nya pak.kalau on on jangan keliatan,-,0,Negatif,1,Marah,Pendapatan:Kecil
rawrrrrr,bisa pilih dpr yg lebih pinter dikit gk,-,0,Negatif,2,Sarkas,Mentan:Blunder
Haycy,coba UMRnya samaiin sama GAJI DPR PAKKK,-,0,Negatif,2,Sarkas,UMR:Beda
εὔνοιᾰ🍒,LAILAHAILALLAH di samain jepang 😭,-,0,Negatif,2,Sedih,Beras:Mahal
dayday,pejabat di Jepang juga gak gini too.... 😁,-,0,Positif,5,Senang,Aspek:Netral
Win,lucu,-,0,Negatif,1,Marah,Mentan:Blunder
muhammad hafiz,"bapak semoga bapak sehat ya pak?? jepang jauh dari banyaknya ladang,, indonesia kaya akan ladang bapak.. hemmmmmmm semoga bapak dan kawan kawan sehat.",-,0,Positif,5,Senang,Bapak:Sehat
Ricardo.Junius,"dizaman Prabowo nambah aneh aja kurasa,dpr gajinya naik kaga masuk akal,beras juga naik menteri tolol",-,0,Negatif,1,Marah,Mentan:Blunder
Hiyannn,mereka sebenernya kalo ngomong tuh asal mangap kali y ga pake mikir ada ajaaa berita tiap hari yang beraneka ragam,-,0,Negatif,2,Sarkas,Berita:Mengeluh
Marihot H Hutabarat Partali19,"penghasilan warga Jepang diatas 3000.000/bulan pak menteri.P3k gaji / bulan aja 3000.000 an,makanya beras Rp 16.000/KG sudah menjerit.",-,0,Negatif,1,Marah,Gaji:Kecil
⋆.𐙚 ̊ナナ⋆˚꩜｡,lah lawak nih bapak,-,0,Negatif,2,Sarkas,Beras:Mahal
Asep,jepanggggg jepangggggggg,-,0,Negatif,1,Sarkas,Jepang:NotApplicable
keynara adinaya putri,jangan di samain sama japan pak. .beda jauhhhhhh,-,0,Negatif,5,Marah,Jepang:Beda
Hijriyah Clandestine,"kerjaan di jepang gak berat,gaji nya besar pak",-,0,Positif,5,Senang,Gaji:Besar
Wong Edan Story,ngelawakkk lagi🤣🤣,-,0,Negatif,2,Sarkas,Mentan:Ngelawakkk
Cukcicau,"Jepang bisa buat mobil, bisa buat pesawat, bisa buat nuklir, klo indo pak bisa buat abisi anggaran negara, bisa acak2 uud, bisa makan rkyt nya sendiri😂",-,0,Negatif,5,Sarkas,Mentan:Blunder
Luxcsia Luxy Hutagaol,pendapatan nya beda pak...,-,0,Negatif,2,Sarkas,Pendapatan:Beda
割草工人,bego,-,0,Negatif,1,Marah,Mentan:Bego
mini champernix,Di skakmat tah ku bu titi mntapp bu,-,0,Negatif,2,Sarkas,Beras:Mahal
K'dhren♡💫,bandingkan sama Papua,-,0,Negatif,1,Sarkas,Bandingkan sama Papua:Netral
Costaniia⛎,UMR nya samain dong pak sama jepang🔥,-,0,Negatif,2,Marah,UMR:Beda
Titi Dwiferlita,orang bodoh bnyak yg jadi anggota dpr,-,0,Negatif,1,Sarkas,Mentan:Bodoh
Gatot26,sebernya bagus buat petani indonesia,-,0,Positif,5,Senang,Petani Indonesia:Bagus
sagitarius🏹,"lah jepang mahh gajinya gede, coba gajinya 3jt/hari mungkin gaada yg keberatan",-,0,Positif,5,Senang,Gaji:Besar
anak.bontot,heeen paham lah income per kapita haja beda. maka mbanding akan lawan Jepang. . jaka pendapatan atau gaji kaya di Jepang tu iih ae ah jua. pina kd tapi anu jua,-,0,Negatif,1,Marah,Mentan:Blunder
Pandawaabadi,jepang negara maju pak Indonesia maju terus korupsinya,-,0,Negatif,1,Sarkas,Jepang:Kritik
umy,jepang negara maju sejahtera.lahbkita negara ktnya negara makmur tpi bnyak rakyat sengsara.yang makmur hnya para pejabat negara😭😭😭,-,0,Negatif,1,Sedih,Jepang:Beda
yayang,"nilai tukar mata uang nya aja beda jauh,🤦",-,0,Positif,5,Netral,Nilai Tukar Mata Uang:Beda
yayang,pemerintah setres,-,0,Negatif,1,Marah,Pemerintah:Setres
Titi Dwiferlita,lah mata uang Jepang sma indo beda jauh noinal nya klo 100rb d kita mungkin klo d jepang jadi berapa,-,0,Negatif,1,Sarkas,Jepang:BedaHarga
jacquera_noir😎,Baga tau idip,-,0,Negatif,1,Sarkas,Baga tau idip:Mentan:Blunder
wieawie182,"shrs a yg d bandingkan gaji a,",-,0,Negatif,1,Marah,Beras:Mahal
FatayatulN_Tarik,matane...Iki guduk jepang..bayaran GK Nok 3 JT perbulan cak..,-,0,Negatif,5,Sarkas,Mentan:Blunder
Taurus🦄,"buseh disamain sama jepang, gaji aja beda boss🤣",-,0,Negatif,2,Sarkas,Beras:Mahal
Istiana,matane ngomong penak,-,0,Negatif,2,Sarkas,Mentan:Blunder
"Lestari, Putri Aprilia",pak Jepang gajinya 30 40 50 juta pak lah Indonesia 1 juta 2 juta 5 juta udah bersyukur banget,-,0,Negatif,5,Marah,Gaji:Beda
Anda,🥵🥵🥵,-,0,Negatif,1,Marah,Mentan:Blunder
NO NAME MUSIC PRO,pakaii nalarr pakk.. hihii,-,0,Netral,3,Sarkas,Komentar:Boring
Cheershoney,Jepang disamain sm indo? Gajinya aja udah beda jauh 😭😭😭 sumpahh ga ngotak,-,0,Negatif,1,Marah,Jepang:BedaGaji
xxxx,kok di babfingkan dgn jepang yg benar di bandingkan planet pluto pak,-,0,Negatif,2,Sarkas,Jepang:Blunder
#TM,ko bisa ya dia jd Mentri,-,0,Negatif,2,Sarkas,Mentan:Blunder
bakul pecel,setarakan dulu gajihnya dengan Jepang baru dibandingkan harga berasnya,-,0,Negatif,2,Sarkas,Gaji:BedaDenganJepang
Nisa,Kebayakan duit Harum sim jd otak nya konslet😭,-,0,Negatif,1,Sarkas,Mentan:Blunder
forbloodd,umr nya aja beda wkowkw LAWAK,-,0,Negatif,5,Sarkas,UMR:Mengkhawatirkan
jarjit singh,korupsi pemerintah jepang ya gaada ya. nah pemerintah indonesia yg korupsi? otak dibuat untuk mikir,-,0,Negatif,1,Sarkas,Pemerintah:Korupsi
wardana,PADAHAL PINTAR ORANG INI KOK BISA NYEPLOS SEPERTI INI ADA APA INI,-,0,Negatif,5,Sarkas,Mentan:Blunder
wardana,LHA BAGAIMANA PAK AMRAN....HARGA BERAS PER KG DI BIKIN 200 RIBU ...BAGAIMANA?,-,0,Negatif,1,Marah,Mentan:Blunder
Nande,@kementanri mksd nya gmn mint?,-,0,Negatif,1,Marah,Mentan:Blunder
Samiiun,"harganya beda, pendapatan beda, kualitas beda,,, pak pak KLO b**** jgn diliatkan pang, astaga",-,0,Negatif,1,Marah,KLO:Beda
Blackmore,menteri koplak,-,0,Negatif,1,Sarkas,Mentan:Koplak
MystoXoX,plis ini kenapa wowo milih menterinya gak waras semua omongan nya,-,0,Negatif,1,Marah,Mentan:Blunder
Maria Cherry,1 yen berapa rupiah mbah?? Mangkanya kl sidang soal rakyat jangan tidooorrr,-,0,Negatif,5,Marah,Mentan:Blunder
mamazubair05,pak harga beras yg skrg aja rakyat udh menderita jgn disamain dgn jepang beda penghasilan pak😫,-,0,Negatif,2,Marah,Harga:BerasMahal
nazril ilham,mata uang jepang loe samakan sama mata uang indonesia...,-,0,Negatif,1,Sarkas,Mata Uang Jepang:Beda
Adhy N SPPG RANDUGUNTING,jepang UMK udh brp woooy,-,0,Negatif,1,Sarkas,Jepang:BedaUMR
Rin 2N Property,rakyat dapat subdisi beras dan umr berapa pak,-,0,Negatif,2,Marah,UMR:Beda
kiiiii,Gaji naikin ga ada yg di dua juga baru elu ngomng,-,0,Negatif,2,Sarkas,Gaji:Kecil
jeonjungkook.yeocin,"ohhh pengen ngebandingin ceritanya, lu kira pendapatan warga konoha berapa pa?",-,0,Positif,5,Senang,Pengen Ngebandingin Cerita:Bisa
Mona Variza Nasichin,bapak ini yg suka ngasih sedekah dan baik sama anak yatim GK nyangka otak ny nympee trnytaa,-,0,Negatif,1,Sarkas,Mentan:Blunder
SayaAhim,blok,-,0,Negatif,1,Marah,Beras:Mahal
iksss,kok bisa dia jadi dpr anj,-,0,Negatif,2,Sarkas,Mentan:Blunder
Bayu Fahreza,gak apple to apple dong.. sekolah gak sih pak? kok bisa tercetus kata2 itu 😁,-,0,Positif,5,Senang,Jepang:TidakAppleToApple
𝘑𝘞 𝘊𝘩𝘦𝘯,orang dpr tak berani kita yg bahas disana😂,-,0,Negatif,1,Sarkas,Mentan:Blunder
SaNg.PenDo$@2209,menteri kopl*k kalo mau bandingkan sma jepang lihat dulu brp nilai mata uang jepang sma indo,-,0,Negatif,2,Sarkas,Mentan:Blunder
Ŝhuwan,Jangan di samakan pendapatan UMR nya di Indonesia sama di Jepang 🙏🤣,-,0,Negatif,2,Sarkas,Pendapatan:Kecil
gitariana397,wajar gak sih luar negri sesuai dengan pendapatan nya setiap bulan. kocak loh🤣,-,0,Positif,5,Senang,Aspek:Netral
I'm Mark,"KLO MENURUTKU GPP BERAS NAIK YG PENTING KESEJAHTERAAN PETANI JUGA NAIK, HASIL PANEN PETANI JUGA NAIK HARGA JUALNYA",-,0,Positif,5,Senang,GPP:Beras
Bg_wir,Asal ngomong aja kau,-,0,Negatif,1,Sarkas,Asal ngomong aja kau:Mentan
Fatzrrr,"Jadi dpr tapi tolol, kurs rupiah sama kurs mata uang jepang aja beda jauh bodoh",-,0,Negatif,1,Marah,Mentan:Blunder
baretta7k10,"Menteri Jepang ke DPR Jepang : UMR 50jt ribut,lihat Indonesia,UMR 1,5jt santai.",-,0,Negatif,1,Marah,Mentan:Blunder
Santi Anggraeni,Ya beda lah.. gaji d jepang brp? di indo brp? 😔,-,0,Negatif,2,Sarkas,Gaji:Beda
via,"jng disamain Jepang lah bang beda jauh sma, Indonesia",-,0,Negatif,2,Marah,Jepang:Beda
Anwar Musadad84,coba taeken 100 perkilo..,-,0,Positif,5,Senang,Beras:Murah
MR. SadikK 92,goblokk,-,0,Negatif,1,Marah,Mentan:Blunder
Br purba,"ciri2 orng g0810k,disamain sama negara maju",-,0,Negatif,1,Sarkas,Mentan:Blunder
Nurazizah,bapa heyy jepang negara sukses pakk lah kita masih jauh dari kata sukses🙃,-,0,Negatif,2,Sarkas,Mentan:Blunder
ibudedek,"jangan bandingkan dengan jepang Wak,nata uang mereka udah berapa,mata uang Indonesia aja segitu2 aja udah dijajah duluan",-,0,Negatif,5,Marah,Jepang:BedaUang
Akaa ,Otak mereka itu dimana sih???? Kok di bandingin sama negara jepang!!!! Kocak amat!!! Bandingin tuh sama prindavan baru cocok 😭,-,0,Negatif,5,Marah,Bandingan:Kocak
Ayankk_kamu01,"Jngan apa2 di naikin, naikin dlu tuh UMR 😌",-,0,Negatif,2,Sarkas,UMR:Beda
nsbrandcollection15,"ga usah jauh2 ke JP pak ,, harga beras antar pulau saja sama rata ga harga nya 😂"" kalau masih ada selesih ngapain jauh2 ke JP 🙃",-,0,Negatif,2,Sarkas,Jepang:BedaHarga
RT POLANDIA,malah disamain sama negara maju kocak kocak,-,0,Negatif,2,Sarkas,Aspek:Jepang:Kocak Kocak
eshinime,mempermalukan diri sendiri,-,0,Negatif,1,Sarkas,Mentan:Mempermalukan Diri Sendiri
fulanah94,gimana GK ribut pak lapangan pekerjaan saja tidak ada masih banyak yang nganggur jangan samakan nasib rakyat dan anggota DPR itu sama kalian,-,0,Negatif,1,Marah,Mentan:Blunder
black mamba,"kalo di jepang 100rb/kg, kenapa GK kita impor aja ke jepang? harga 70rb / kg dah OK itu pak bos",-,0,Positif,5,Senang,GK:OK
astroo🪐,"tapi pakkk, pejabat di jepang gak korupsi kyk di sini, di sini udah UMR rendah di bnyk korup pula",-,0,Negatif,1,Marah,Mentan:Korupsi
NM,indo jepang jauh pak🤪,-,0,Negatif,2,Sarkas,Jepang:Berbeda
astroo🪐,"@neon di samain on ol, rupiah sama yen",-,0,Negatif,2,Sarkas,Rupiah:Netral
floweeerrr🌻,pendapatan perkapita penduduk aja beda masa harga beras mau disamain😭🤣,-,0,Negatif,2,Sarkas,Beras:Mahal
Shely Dinda Fatma An,"Ngmg gae awake dewe????? Yo kunu gaji ratusan juta, lah rakyate umr e piro cik, Tunjangan beras ae rakyat seng mbayarno @Lla✨ haaaaaahhhhhhh",-,0,Negatif,1,Marah,Beras:Mahal
manto,jepang negara indusyri indonesia negara petani.,-,0,Negatif,5,Marah,Jepang:Beda
Megachin,man arman,-,0,Negatif,2,Marah,Beras:Mahal
Teuku Putra,manusia kadang ngomong seenak jidat kalau gak dia yg merasakan,-,0,Negatif,2,Sarkas,Mentan:Blunder
🅷🅰🅽🅸🅴🅵,para pejabat lama2 kok mikirnya kayak anak kecil. sejahterakan dulu rakyatmu baru membuat kebijakan yg logis dan masuk akal sehat. apakah bpk sehat?,-,0,Negatif,2,Marah,Mentan:Blunder
Justin Rizqi,liat gajih di jepang jangan liat harga beras nya doang wooyy,-,0,Negatif,5,Sarkas,Jepang:BedaHarga
Gie,"jangan bandingan negara lain pak, sistem saja sudah bedah. yaelah suka sekali membanding-bandingkan pada sesuatu yang tidak sesuai",-,0,Negatif,2,Sarkas,Bandingan:Beda
@nunaanua,Heh lu se enakny ajj ngomong naik saja sedukit ribut woy gak smua org Kaya kek lu pak,-,0,Negatif,1,Sarkas,Mentan:Sarkas
LimKecil,🤣 @Dupa Siliwangi ini mantan istri e prabowo kan,-,0,Negatif,2,Sarkas,Mentan:Sarkasme
Aldi Mahendra 754@,paling kecil UMR di Jepang gaji 25juta per bulan. paling gede UMR Indonesia 5juta perbulan.,-,0,Negatif,5,Marah,UMR Indonesia:Kecil
Echo Dedek,pak menpan sdh baik tapi sy heran dengan orang orang yg TDK mengerti maksud dan tujuan pak menpan..,-,0,Negatif,2,Sarkas,Mentan:Blunder
shenoe84,sengkleeekkk.. 🤣🤣🤣,-,0,Negatif,1,Sarkas,Beras:Mahal
krisna,heee pak jepang negara maju.😂😂warga negara indo bnyk yg jdi tki d sana ada gak warga jepang jadi TKI d indo,-,0,Negatif,2,Sarkas,Jepang:Beda
Aldosaputra,beda goblok di jepang umr nya berapa negara dia maju sedangkan negara kita amburadul,-,0,Negatif,5,Marah,Mentan:Blunder
tukiyem,hhhhh jepang RP 118 rupiah/ hari ..sop kerja 8 jam.....pembodohan yg hakiki..kcuali ini jaman tuna aksara boleh berkoar ky orng pinter🤦,-,0,Negatif,2,Sarkas,Jepang:BedaHarga
🥰Azra Nayesha Hermansyah😘,"Ya Allah kenapa dibandingkan dengan negara sebelah pak,mereka penduduk nya sejahtera dan para buruh gaji nya sesuai alias besar,nah sedangkan negara indonesia semua tidak balance dari gaji buruh,pajak naik terus,sedangkan rakyat semakin terhimpit ekonomi nya,miris sekali negeri ini kalau pejabat nya pada begitu😭lebih ke bicara daripada fakta nya",-,0,Negatif,1,Sedih,Gaji:Kecil
scorpio22.92,"KL mau samain dgn jepang, otak pejabatnya harus disamakan juga",-,0,Negatif,5,Sarkas,Pegawai:Mentan:Blunder
zaffina store,pak jepang bukan beras makanan pokok nya tanah nya juga beda pak😳,-,0,Negatif,5,Sarkas,Jepang:Beda
adittiya permana,cek umr pak mentan hadohhh,-,0,Negatif,1,Marah,Mentan:Blunder
akangbucin,"udah naik di oplos lg,ah mntap",-,0,Negatif,2,Sarkas,Harga:BerasMahal
tukiminsiswohadis,Ass rakyatnya beli beras seliter saja banyak yang keberatan gajih UMR pikir dulu doong kalao mau bicara pak menteri.,-,0,Negatif,2,Sarkas,UMR:BedaDenganJepang
Namika Naru,negra ini bner2 sudh giIa para pmimpinnya,-,0,Negatif,2,Sarkas,Mentan:Blunder
Gara_nandi,Jepang hahaha,-,0,Positif,5,Senang,Jepang:Hahaha
Manusia,bakso daging tikus sama daging sapi kan sama2 pake daging. emangnya mau kukasi kau bakso daging tikus?,-,0,Negatif,5,Sarkas,Beras:Mahal
sitompul,perbandingane kok negoro logo.piyetoki,-,0,Negatif,2,Sarkas,Perbandingan:Beda
icadstorenya,dongo,-,0,Negatif,1,Marah,Beras:Mahal
IKA ONLY,brainnya gaada,-,0,Negatif,1,Sarkas,Beras:Mahal
Risya Sunjati,la pak andi amran g ribut karna dpt gaji gedeee... la kitaaa???? kudunya nyari solusi dong. apa pa andi mau gajiñya dipake subsidi beras buat rakyat indonesia. berani g tu?,-,0,Negatif,2,Sarkas,Gaji:Kecil
NF,syaratnya jd anggota DPR????,-,0,Negatif,5,Sarkas,Mentan:Blunder
lattecino,"kalau memang dpr ga dibubarin setidaknya dirombak seluruh jajaran dengan seleksi ulang ketat tes tulis, tes wawancara, tes psikologi makin kesini diliat liat ga keliatan 😭👊",-,0,Negatif,2,Sarkas,DPR:PerluDirombak
dawala561,"koplak,,, rezim omon"" semuanya pada dongo",-,0,Negatif,1,Sarkas,Mentan:Blunder
Daisy,UMR nya juga beda😭😭,-,0,Negatif,2,Marah,UMR:Beda
Syakila Albarra,mau bandingin apple to apple lah goblok,-,0,Negatif,2,Sarkas,Jepang:TidakAppleToApple
e,😂lah,-,0,Negatif,2,Sarkas,Beras:Mahal
Urangbanua🍏,"Pakkk umr jepang berapaa, mauu anda bandingkan dengan harga di konoha🤣😭",-,0,Negatif,5,Sarkas,UMR Jepang:Mahal
Anisa✨,UMR nya berapa dulu😭😭,-,0,Negatif,2,Sedih,UMR:Beda
Maria Octhavia,😃😃😃 tidak pernah mnerima upah kerja 500ribu per bulan,-,0,Negatif,5,Marah,Gaji:Kecil
AA 🐝,bpkny sape ini😀,-,0,Negatif,2,Sarkas,Beras:Mahal
Sha.ZY,pak.. Jepang gajinya perbulan berapa.. indo gajinya berbulan berapaaa...???,-,0,Negatif,1,Sarkas,Gaji:Kecil
Leni_Elofachriel,astaghfirullah ya Allah,-,0,Negatif,2,Sarkas,Mentan:Blunder
Mulya Wati,Bpk aja pindah ke jepang,-,0,Negatif,2,Sarkas,Mentan:Blunder
Vivien Pangesty,pak coba anda jdi rakyat kecil pasti jg ikut ribut,-,0,Negatif,2,Sarkas,Mentan:Blunder
Fudotaki🧚🏻‍♂️,bisa bisanya ngomong begitu pak pak😭,-,0,Negatif,2,Sarkas,Mentan:Blunder
nggar.frangs,"kami sebagai petani senang beras naik, hahaha😁",-,0,Positif,5,Senang,Beras:Naik
sugeng,GOBLOK PEJABAT KONOHA,-,0,Negatif,1,Marah,Mentan:Blunder
Satriopratama96,kumaha sia we arman,-,0,Negatif,2,Sarkas,Mentan:Blunder
ExtraLL,oon,-,0,Negatif,1,Marah,Beras:Mahal
moiichiilatte,disandingkan dengan Jepang? Negara maju? 🗿,-,0,Negatif,2,Sarkas,Jepang:NotComparable
Fira✨,"Jgn banding sma negara lain. Perbaiki duluuu negara kita. Negara Jepang emang Negara maju, aku aja pengen kerja ke korea. Diindonesia cari kerjaan susah minta ampun",-,0,Negatif,2,Marah,Beras:Mahal
bhenybhendhot,"jika obat2 atau pupuk bisa turun kenapa harus beras di naikan??, jika pajak hanya untuk menaikan gaji pejabat kenapa pajak tidak di gunakan dengan baik agar masyarakat bisa lebih menikmati hasil pajak??, Pajaklah yang membuat masyarakat semakin menderita..",-,0,Negatif,1,Marah,Pajaklah:Menderita
Azriel,jepang negara maju 00n ini Indonesia negara mundur🤣🤣,-,0,Negatif,5,Sarkas,Jepang:KomentarTidakSetuju
wahyulaksono321,gaji jepang sama indo beda nya berapa ?,-,0,Negatif,2,Sarkas,Gaji:Beda
miow,bukan nya bpk harusnya lebih paham ya,-,0,Negatif,2,Sarkas,Mentan:Blunder
tuhkan,pak bedain negara jepang dan Indonesia umr jakarta sama Tokyo berapa perbandingan nya wkwkwk 😭,-,0,Negatif,5,Sarkas,Aspek:Jepang:TidakAppleToApple
vika28,kalo pendapatan gaji buruh kaya jepang gak bakalan ribut kalo masalah beras naik!!,-,0,Positif,5,Senang,Gaji:Banyak
Boerhand,kakean mangan cubung sak drunge rapat 😂,-,0,Negatif,2,Sarkas,Beras:Mahal
thieroow,"di indo 1 jt ga udh ga bisa buat 1 bulan, gimana ga ribut",-,0,Negatif,5,Marah,UMR Indonesia:Besar
Enaaaaa,UMR jepang gede woy,-,0,Negatif,2,Marah,UMR Jepang:Mahal
no name,ya kalo mau di samain sama d jepang umrnya juga samain pak🤭🥱,-,0,Positif,5,Senang,Aspek:Supportive
purple spider🦛,oon,-,0,Negatif,2,Marah,Beras:Mahal
Nur Ayna 003,ini indonesia pak . coba gajinya kuli naikin 500per hari kan enak,-,0,Positif,5,Senang,Gaji:Kecil
yulita,bpk bisa ngomong krna bpk punya uang.rakyat menderita pak.utk mkn aja susah pak,-,0,Negatif,5,Marah,Mentan:Blunder
bluberryycheese,PAKKK JEPANG AJA GAJINYA BERAPA WOIII 👊🏻,-,0,Negatif,5,Sarkas,Jepang:Mahal
Hei izee💋,🤭🤭🤭,-,0,Negatif,1,Marah,Mentan:Blunder
Siti Roanah,pak pak mbok mikir to jepang gji2 aj lbih mhl kok mlh di smakn dngn jepang .bnr tuh lngsung di jwb sm Bu titik 🙏🤗,-,0,Negatif,2,Sarkas,Mentan:Blunder
Ibu Desi,Bp????😭 Gasalah kah???😭😭😭,-,0,Negatif,5,Sarkas,Beras:Mahal
moon,ini kita kaya di jajah pemerintah ga si,-,0,Negatif,2,Sarkas,Pemerintah:Blunder
fiikrii,pinter bgt kocak di jepang gaji besarr bukan kecil kayak negara yg ga bener inii,-,0,Negatif,1,Marah,Mentan:Blunder
meccashop99,ternyata pinteran gw yg cuma lulusan SMA 😂,-,0,Negatif,1,Sarkas,Mentan:Blunder
Bakkaaa,Menteri kocak !,-,0,Negatif,2,Sarkas,Mentan:Kocak
Callme_CASPER69🧐,naekin wesss biar petani gak dipandang rendah,-,0,Negatif,2,Sarkas,Mentan:Blunder
tiurvan,pak gaji lu mungkin gaada apa2 ketimbang gaji di jepang,-,0,Negatif,2,Sarkas,Gaji:Kecil
Madame Sandra Bella,"Pak saya di finland yg gajinya aja beli beras € 1.6 / kg aja ga complain, parkir €100 ga complain pak kalau gajinya 500 juta/ bln .. dengan semua fasilitas kesejahteraan GRATIS ya, harus apple to apple kalau compare pak Mentri yth",-,0,Positif,5,Senang,Gaji:Kecil;Jepang:AppleToApple
Heru Y,semua Mentri begoo semua ya. udah ga bisa kerja. gaji gede.,-,0,Negatif,2,Sarkas,Mentri:Bego
Wahyu726,"orang"" Jepang lbh bnyk yg kaya drpd yg miskin pak, nah kita disini? sy aja beli sekilo 18 rb lho di Kalimantan. org"" dpr mampu beli ratusan kg sebulanx, kan ada danax....beda dgn rakyat biasa...",-,0,Negatif,1,Sarkas,Jepang:BedaDenganRakyatBiasa
.☘︎ ݁˖,ya oon aja jepang umurnya tinggi oon,-,0,Positif,5,Senang,Jepang:Keren
ari uje,kalau rakyat digajih 100jt perbulan gpp,-,0,Negatif,2,Sarkas,Gaji:BedaDenganJepang
Dwi agung afan,dongo banget dpr beras 100 ribu gaji 1 jt sehari di jepang wkwk,-,0,Negatif,5,Sarkas,DPR:Beras
Tukang Ngider,setingkat mentan otaknya SD😂😂😂,-,0,Negatif,5,Sarkas,Mentan:Blunder
boss muda,otak di kaki tolol,-,0,Negatif,5,Sarkas,Otak:KurangIntelektual
🇮🇩 kaa ika,umr 3juta di samain sama umr 20juta ngakak kali memang pemerintah ini,-,0,Negatif,1,Marah,Pemerintah:Blunder
Nanang Setiawan,gaji jepang sama gaji di indo beda goblok,-,0,Negatif,5,Sarkas,Gaji:Kecil
naaaaaaa🦋,gobloooggggggg!!!!!,-,0,Negatif,1,Sarkas,Mentan:Blunder
Laras🕊,Kok bisa jadiiiiiii,-,0,Negatif,2,Sarkas,Beras:Mahal
Solihin,"tapi petani ber hak punya duit ,, coba sipa di negri ini yg mau jd petani",-,0,Negatif,2,Sarkas,Petani:Kritik
pajri9805,"pak jangan d samain sama jepang jepang gajih y aja perbulan sampai 30 jutaan klau d indonesia UMR aja 3,5jt",-,0,Negatif,1,Marah,Mentan:Blunder
ahmadfauzi8317,anggota DPR digaji aja 80 ribu aja perhari,-,0,Negatif,2,Sarkas,Gaji:Kecil
Ayu Amellia Sy,astaghfirullah.. otaknya gerigitannya aku pendapatan nya aja jepang sama Indonesia berbeda....😭,-,0,Negatif,1,Marah,Mentan:Blunder
papahzabran,rakyat di nyinyirin Mulu 😅,-,0,Negatif,1,Marah,Mentan:Blunder
KAaaa,Dongo,-,0,Negatif,1,Marah,Mentan:Blunder
Sega Campur,GOBLOG,-,0,Negatif,1,Marah,Mentan:Blunder
Afita,"pak klo gaji saya sama kaya tunjangan DPR, mau naik 100rb pun tk masalah, ga bakal ribut😏",-,0,Positif,5,Senang,Gaji:Banyak
"Arief,':',ric+mey!",menteri asal jeplook. indo kau bandingkan sama japan... t0l0l,-,0,Negatif,5,Sarkas,Mentan:Blunder
Feni Feronika,"samain sama negara maju ,edan disno gaji aj dh brp",-,0,Negatif,2,Sarkas,Gaji:Kecil
coldbaby7,"Paa jepang gajihnya aja gede di indo, ih glbk bgt pa",-,0,Negatif,1,Sarkas,Jepang:BedaDenganIndo
sunny,TOLOL YG BENERAN TOLOL 🙏 BANDINGIN SAMA NEGARA MAJU MATAK EDAN,-,0,Negatif,5,Sarkas,Bandingin:SangatTidakSetuju
popcorn11,masalah e gaji ne iki padakno pisan mbe jepangg,-,0,Negatif,2,Sarkas,Gaji:Kecil
nita,enek ih,-,0,Negatif,2,Sarkas,Beras:Mahal
seblak🍝,otaknya sama dengan taikkkkk,-,0,Negatif,2,Sarkas,Otaknya:Bodoh
Nyc_Chan 01,kan Prabowo keberlanjutan. keberlanjutan dgn kebodohan. liat aja kualitas Mentri nya. byk komik lama 🤣,-,0,Negatif,1,Sarkas,Mentan:Kebodohan
Tita Nasty,"kok bisa duduk d bangku ini la bapak ini. . pak jepang gaji nya miliaderrrr di Indonesia gaji 2,4 kerja udh mempertaruhkan nyawa,harga diri, semua d pertaruhan kan 🤣",-,0,Negatif,1,Marah,Mentan:Blunder
linda manja,umr Japan saja 35 jt Indonesia umr 3jtn sbln😂😂😂😂,-,0,Negatif,5,Sarkas,UMR Indonesia:BedaDenganJepang
Raffi MPM,yang petani aja masih banyak yg beli beras,-,0,Negatif,2,Sarkas,Beras:Mahal
yani ramadhani,"kalau beras 100 rb / kilo , gaji suami sehari cuma dpt beras doang sekilo",-,0,Negatif,1,Marah,Gaji:Kecil
Idabayanii23,godekkk bodo godekkk,-,0,Negatif,1,Sarkas,Mentan:Blunder
Fitriiyana26,jepang sesuai gaji pak ... kalau gaji 10juta /bulan,-,0,Positif,5,Senang,Gaji:Kecil
coklatmanis🍫,kenapa orang ga waras bisa lolos jadi dpr si,-,0,Negatif,2,Sarkas,Mentan:Blunder
RianiRian,"nih menteri pada ngapah sih !! asbun banget, njir !!",-,0,Negatif,5,Marah,Mentan:Blunder
30ṣ,TWOLOLLLL KOMPERNYAAA,-,0,Negatif,1,Sarkas,Beras:Mahal
rahsentanu,rutin tololnya,-,0,Negatif,1,Sarkas,Mentan:Blunder
Winda Astiea,"Jepang tuh pemerintah nya mikirin kesejahteraan rakyat,pejabat salah mnta mf lnjut ngundurin diri naaah di indo mana adaaa yg ada mntn napi,tukang korupsi masih dikasih jabatan😳😳",-,0,Negatif,1,Marah,Pemerintahan:Korupsi
S,"bawa² negara maju, kocak😹",-,0,Negatif,2,Sarkas,Mentan:Blunder
ji bou,ngmg bingung kok bisa duduk disitu,-,0,Negatif,2,Sarkas,Mentan:Blunder
sriwahyu7128ayu,"sebenarnya kalau umr nya tingga harga mahal juga gak papa, karena masih bisa kita penuhi, yang jadi masalah umr nya kecil dan harga2 semua naik, jadi serba bingung saya",-,0,Negatif,2,Sarkas,UMR:Beda
Gulali,"gajih 3 jt. 1 kg beras 100rb. beras 1 orang habis 10Kg/bulan. 10*100K ya jadinya 1jt habis buat beras aja. sisa 2 jt buat apa? lauk... lauk udah ngirit bgt 50rb*20 hari, 1,5jt. sisa 500rb buat bensin, nongkrong dll ga ada buat nabung 😵‍💫",-,0,Negatif,1,Marah,Mentan:Blunder
pak sigit_22,"menteri nya prabowo kok banyak yg bisa nya ngomong doang.. Indonesia kok di samain sama Jepang itu gimana, emg mnteri nya dulu sekolah apa enggak sich",-,0,Negatif,1,Marah,Mentan:Blunder
Sweater Buluk🌚,Bedalahhhhhhh woiii,-,0,Negatif,1,Sarkas,Beras:Mahal
bar_b,"masyarakat sudah tidak bisa berkata "" lagi...heran sekali",-,0,Negatif,1,Marah,Mentan:Blunder
meongkampoeng,"orang beg# di kasi jbatan ,membagongkan",-,0,Negatif,1,Sarkas,Beras:Mahal
W&A store,"sesuaikan dengan pendapatan masyarakatmu pek Mentri,apa tujuan swasembada yg kalian perjuangkan kalau harga semakin mahal,logikamu dimana..",-,0,Negatif,1,Marah,Pendapatan:Miskin
NFV,bro pintar nya melebihi kapasitas,-,0,Negatif,1,Sarkas,Mentan:Blunder
NFV,"lah indo udh susah nyari kerja, gajih umur kcil, mala nyuruh kek negara jepang",-,0,Negatif,2,Marah,Gaji:Kecil
NFV,"jepang gaji pokok nya aja besar, wajr harga pokok nya mahl juga",-,0,Negatif,2,Sarkas,Gaji:Besar
kos formosa cwii. lmii.,di Jepang 100 ribu gaji nya juga gede pak UMR di sana 🤣🤣🤣 .. di indo gaji sedikit beras mahal,-,0,Negatif,2,Sarkas,UMR:Beda
zainul arief.,paaakkk 🤣 Jepang pendapatannya besar 😂 Indonesia korupsinya yg besar. 🤣,-,0,Negatif,1,Sarkas,Mentan:Blunder
royalsfs,"Minimal umr dulu dinaikkin bro, beras naik umr ga naik kita makan apa🕺🏻",-,0,Negatif,5,Marah,UMR:Besar
yulia Guccy,"orang yg kaya gini nih butuh guru untuk membimbing,ini malah bilang guru beban rakyat,",-,0,Negatif,1,Sarkas,Guru:BebanRakyat
Gulali,UMR naikin dulu,-,0,Negatif,2,Marah,UMR:Bebas
Uma,Si dongo,-,0,Negatif,2,Marah,Beras:Mahal
ANIMUS INVICTUS,tolol apa gimana nih bapak-bapak,-,0,Negatif,2,Sarkas,Beras:Mahal
Woro Astuti,kayanya aku lebih pintar deh😂,-,0,Negatif,2,Sarkas,Beras:Mahal
shikatoki,"di samain sama jepang, jepang negara nya maju pak gak kayak indonesia gelap",-,0,Negatif,5,Marah,Jepang:KurangDenganIndonesia
Indah windiya030613,coba gaji nya samain Ama jepang anying,-,0,Negatif,2,Sarkas,Gaji:Kecil
Indah windiya030613,UMR jepang pak,-,0,Negatif,1,Marah,UMR:Mahal
Why?,Jangan di samakan oyy🗿,-,0,Negatif,2,Sarkas,Aspek:Jangan di samakan
67899087445,woy ini indonesia bukan jepang 😳,-,0,Negatif,2,Marah,Mentan:Blunder
kepul__,ehh looo ngerasain gx sii jadi petanii klo gxda petani gimna,-,0,Negatif,1,Sarkas,Mentan:Blunder
Darwin,menteri penjilat penindas rakyat kecil,-,0,Negatif,1,Marah,Mentan:Penjilat Penindas Rakyat Kecil
Vvin,pak anda dapat tunjangan beli beras berapa juta sebulan... mau harga beras per kilonya 5jt juga enteng buat kalean...nah kiteee...gaji sehari cuma 100 rb itupun masih dibarengi bayar pajak buat makan kalian setiap tahun nyyaa...bisa banget mulutnyeee ..gregetan guaa,-,0,Negatif,5,Marah,Gaji:Kecil
Ildawithyou,DONGO,-,0,Negatif,1,Marah,Beras:Mahal
CARE FIGHT,Mau ribut gimana pak .. nyari uang 100rb / Hari juga susah😁,-,0,Positif,5,Senang,Gaji:Kecil
naaa♉,🐽🐽,-,0,Negatif,2,Marah,Beras:Mahal
Xanaduu_,Gajinya diriset dluu baanggggggg. Sat😌,-,0,Positif,5,Senang,Gajinya:Baik
HR Audio Haram,UMR naik kapan kok pajak naik terus,-,0,Negatif,2,Marah,UMR:BedaDenganJepang
happiness💅,dia boloong amat ingin ku berkata kasar,-,0,Negatif,1,Sarkas,Mentan:Bolong
D.alliyaa,coba samain umr nya dengan jepang kita ga akan ribut,-,0,Negatif,2,Sarkas,UMR:Beda
Di max🚀,wooo wong tuo sitok iki nk muni kok nyermumoh to🗿,-,0,Negatif,2,Sarkas,Beras:Mahal
user8850615731067,jgn samain indo ma jepang pak jepang brpa upah/gaji,-,0,Negatif,2,Sarkas,Gaji:Kecil
mamanyadaffa🧚,pakk saya juga rela ko beras nya 100rb per KG tp gajih suami saya 20jt lebih ya kaya jepang😅,-,0,Positif,5,Senang,Beras:Mahal
Maintunggal,Mentri tolol,-,0,Negatif,1,Sarkas,Mentan:Tolol
Sayy_Nura,Gaji dan lapangan pekerjaan kapan pak naik dan luas seperti di jepang?😭,-,0,Negatif,2,Sarkas,Gaji:Kecil
fitra ID,"biar petani makmur klo beras mahal biar petani jaya,,jd wajar klo beras mahal",-,0,Negatif,2,Sarkas,Beras:Mahal
🌙🇵🇸,gimana gk impor beras terus itu DPR aja masing-masing orang kebutuhan beras perbulannya diharga 12juta,-,0,Negatif,2,Marah,UMR Indonesia:Besar
Toga Hamonangan,hehehe perekonomian jepang jauh lebih baik dari Indonesia bro ... bagaimana sih,-,0,Negatif,5,Sarkas,Perekonomian:MentanBlunder
Alikka,bapak ini ngk berpikir dulu kalau ngmg asal asalan negara Indonesia mau di banding kan dengan negara luar,-,0,Negatif,1,Marah,Mentan:Blunder
blessed mom,di samain kok sm Jepang.. lah wong pendapatannya jg beda..gini bisa di senayan😭,-,0,Negatif,2,Senang,Beras:Mahal
🌙🇵🇸,"ya udah, naikin umrnya juga dong. di Jepang wajar 100k/kg orang pendapatan perbulan tiap masyarakatnya aja minimal 30juta",-,0,Positif,5,Senang,Jepang:Wajar
daeng tampang,Bapak ini sukanya membandingkan bandingkan 😂,-,0,Negatif,1,Sarkas,Bapak ini:Mengganggu
BLANG STORE,ketika ngomong sesuai otak,-,0,Negatif,1,Marah,Mentan:Blunder
N U R U L,lah kalo 100rb perkilo di indo. uang gaji 1 bulan cuma buat beli beras doang.😅,-,0,Negatif,2,Marah,Gaji:Kecil
Donny.w 11,yg jadi Mentri tolong kasih gaji sesuai UMR tanpa ada tambahan biar tau rasanya harga beras sekilo 100 ribu..,-,0,Negatif,1,Marah,Gaji:Kecil
Sugi jiminlee,nah dia gajinya 100 juta mau naik harga beras 1 kilo dia masih bisa beli coba kalau disamakan gajinya 300 ribu sebulan pasti mentrinya sudah menjerit duluan,-,0,Negatif,2,Sarkas,Gaji:Beda
😶,"jngan cuma harga beras di naikin wooy tpi naikin ugh harga padi harga cabe yg di di lapangan biar petani bisa betul"" sejahtrah",-,0,Negatif,2,Sarkas,Harga Beras:Mentan Blunder
dwi,malu ah maluu,-,0,Negatif,2,Sarkas,Beras:Mahal
Putri🌻,"di jepang buruh pabrik aja 40jt kocak gajinya, segala disamain",-,0,Negatif,5,Marah,Mentan:Blunder
plat R clp,"income nya aja udah beda jauh bgt pak pak haeduhhh,ON OL ON OL",-,0,Negatif,1,Marah,Mentan:Blunder
yusuf sofyan,"duh gusti otak maceman gini kok bisa jadi mentri,,,kalo mau perbandingan harus apple to apple,,asal omon ajah",-,0,Negatif,1,Marah,Mentan:Blunder
nenxthiee,kenapa masih ada aja video2 kaya gini bikin esmosi jiwa,-,0,Negatif,2,Sarkas,Video:Bikin Esimosi Jiwa
Nur Hidayatullah,Maklum orng ga pernah susah jadi begini pemikiran nya,-,0,Negatif,5,Sarkas,Pemikiran:Mengkhawatirkan
RizkaKikuKeko,jepang gaji unr nya sdh puluhan jt😏 dpr ini ada tes tesnya g sih jd guru aja sulit bgt tes tesnya gilirn dpr hrsnya ad tes tesnya jg,-,0,Negatif,1,Sarkas,DPR:Blunder
"@udil,*","jepang mah kerja enak ga di persulit gaji elit wajar mah ,indo kek mna ☺️☺️",-,0,Negatif,5,Sarkas,Jepang:Enak
Lily Commell,"JP negara maju lek, kita ini negara berkembang jls beda gaji dan pendapatan..😒",-,0,Negatif,2,Marah,Jepang:Beda
almahira,nah..siapa yg masukin dia ke gedung itu..t*l*l,-,0,Negatif,1,Sarkas,Mentan:Blunder
yeskiel,agak Laen....ni bapak....😌😌😌😌,-,0,Negatif,2,Sarkas,Mentan:Blunder
🐨,"bedalahh, jepang ma indo jelas jelas BEDAA",-,0,Negatif,2,Sarkas,Jepang:Beda
Siska superstor,Pk mentan amran kok bisa bisanya jadi pejabat,-,0,Negatif,2,Sarkas,Mentan:Bisanya
@mikatmi,pejabat nya pinter ² yaa,-,0,Negatif,2,Sarkas,Pejabat:Mentan
Salia Mailani Syam 🫰🏻,pak pak pak yg miskin makin cpt menin99al pak engga sanggup beli beras 😊 jgn d banding kan sm negara maju pak 😊,-,0,Negatif,5,Sarkas,Beras:Mahal
fia cinta,cuih,-,0,Negatif,1,Marah,Mentan:Blunder
Wahyu novyoon⁹³,"lah....negara jepang bandingan buat Konoh bapak lagi nglawak, jepang pemerintahan nya amanah pak, apa bapak sudah liat pemerintahan di negri konoha ini.....memprihatin kan pak, sekali lagi memprihatinkan😭😭😭",-,0,Negatif,1,Marah,Mentan:BedaDenganJepang
Na Maxx,jepang gaji aja berapa gila beda jauh,-,0,Negatif,2,Sarkas,Gaji:Kecil
finfin,Umr naik dikit aja susah harus demo dulu liat negara jepang gajih 20 +++ ga malu tah,-,0,Negatif,1,Marah,Mentan:Blunder
Araneiyu,pak gaji terendah jepang 10jt perbilan lah kita...jangn bikin kita ketawa secara logika,-,0,Negatif,1,Marah,Gaji:Kecil
anggun sinaga🌻,🤣🤣🤣🤣 sekolah dimna sih pak🤣🤣🤣,-,0,Positif,5,Senang,Sarkas:Entertaining
Eva Erviana155,pak mandi dulu ya 😁😁😁 biar seger,-,0,Positif,5,Senang,Pak Mandi:Dulu
🍼,gk dpr gk menteri sama aja eror semua,-,0,Negatif,2,Sarkas,Mentan:Blunder
finfin,Ya kalo gajih nya sama kaya bapa/dpr ga jadi maslah 100 perkilo juga☺️🫵🖕,-,0,Negatif,1,Sarkas,Mentan:Blunder
Adhitya,kocak ni orng UMR jepang ma indo aja jauh beda 😂,-,0,Negatif,2,Sarkas,UMR:JepangVsIndo
Dikad12,masalahnya rata2 pendapatan peduduk tidak sama seperti di jepang pak ada juga yang beli beras saja masih ngutang,-,0,Negatif,2,Sarkas,UMR Indonesia:BedaDenganJepang
tripurnamasari356,jepang 100/kg pendapatan merek juga besar pak😅 dsini 2000 rupiah saja susah nyari nya,-,0,Negatif,1,Marah,Beras:Mahal
Borealis,Bloon,-,0,Negatif,1,Marah,Mentan:Blunder
HAMBA ALLAH,Memang pemerintah KEBANYAKAN MASIH BANYAK YANG GOBLOK YAAA HADUHHHH,-,0,Negatif,1,Marah,Pemerintah:Goblok
Hannyfashion,ya itu buat elu yg gaji 100 JT ga masalah beras naik di sini yg gaji 1jt sebulan memgap²,-,0,Negatif,2,Sarkas,Gaji:Kecil
Veronica Dwi Cahyani,Pak jepang harga bahan pokok mahal tp setara sama gaji nya. di Indonesia UMR berapa?? jauh bgt sama Jepang😳,-,0,Negatif,2,Marah,UMR:BedaDenganJepang
bolll12,pupuk mahal obat mahal giliran masa panen murah petani dapat apa 🤔,-,0,Negatif,2,Sarkas,Pupuk:Bahaya
🅰️denszz,kocakk gaji jepang sama indo bedaa jauhhhhhhh daghh,-,0,Negatif,1,Marah,Gaji:Kecil
Aa 3012,"Jgn disamakan dgn Jepang pak, di Jepang tdk ada koropsi, di Indonesia Pejabatnya pada koropsi,gaji bpk seratus juta perbulan,sdgkan kami rakyat kecil , 1jt perbln saja kdg tdk pasti.bpk2 ngomong mu enak betul.",-,0,Negatif,1,Marah,Gaji:Kecil
mitsue,Ari sia kunaon Indonesia negara miskin di bandikeun jg negara maju tieu hideung,-,0,Negatif,1,Marah,Mentan:Blunder
IRUNGGEDE,Dpr gk ada multi pungsi 👎🏿👎🏿👎🏿👎🏿👎🏿,-,0,Negatif,1,Sarkas,Dpr:Beda
lastword.,keliatan kocak di adu sama jepang 😂,-,0,Negatif,2,Sarkas,Jepang:Kocak
hibah,langsung d sekak mat..👀 betul Bu betul !?😂,-,0,Negatif,5,Sarkas,Mentan:Blunder
"🌹""حمدية""🌹",to ...Lo ...l,-,0,Negatif,1,Marah,Mentan:Blunder
daiisuki,human error nya keliatan banget🙏🏻,-,0,Negatif,1,Sarkas,Mentan:Blunder
DNR_,Cok umr ga mundak mundak bhn pangan mundak trs,-,0,Negatif,2,Sarkas,UMR:Beda
JKL gallery,goblok yang haqiqi😁...di samain sama jepang..anjaiii,-,0,Negatif,5,Marah,Mentan:Blunder
🧚‍♂️,ketinggiaaann,-,0,Negatif,2,Sarkas,Beras:Mahal
ceya,ya udah naikin umr kita!!!,-,0,Positif,5,Senang,UMR:Banyak
barja 123,suruh aja bapak itu di ambil jepang saya iklas😂,-,0,Negatif,2,Sarkas,Mentan:Blunder
Tjah Ndugal,tuwekk pekok,-,0,Negatif,2,Marah,Beras:Mahal
ayux,terserah bapak ajalah pak🙄,-,0,Negatif,2,Sarkas,Beras:Mahal
sitihanifah2392,"dibandingin ama jepang,emang kita tinggal dimana bang ....😅",-,0,Negatif,2,Sarkas,Jepang:Beda
Istianto1801,"iki piye konsep,e arahhnya ya pasti buat menekan rakyat",-,0,Negatif,2,Sarkas,Konteks Video:Mentan:Blunder
ade gunawan,bulan kemaren mentri pertanian jepang mudur gara gara keceplosan bilang “saya tidak pernah beli beras” sehari kemudian dia mengundurkan diri,-,0,Negatif,2,Sarkas,Mentan:Blunder
iya jualan sekarang mah,lah liat gajih negara lu sama negara jepang,-,0,Negatif,2,Sarkas,Jepang:Beda
🍫cocolip🌷,"Pak Umr Indonesia kalo di Bandingin sama gaji kalian jauh banget woy buset, makanya kalian nyepelehin bgt kenaikan2 gini🤦🏻‍♀️",-,0,Negatif,1,Marah,UMR Indonesia:Kecil
shefaa 𝜗ৎ ⋆.,syarat jd dpr apasi anjj,-,0,Negatif,2,Sarkas,Mentan:Blunder
Pyro Bot,ngomongin harga beras Jepang tapi ga ngomongin upah minimum Jepang... blok blok,-,0,Negatif,2,Marah,Beras:Mahal
Dony Amy,KPK HALO KPK,-,0,Negatif,2,Marah,Mentan:Blunder
fatikhahopppp,gwendengggggg beras e jepang ws mudun regoneee UMR JEPANG NAMBAH,-,0,Negatif,1,Marah,Beras:Mahal
est.1995,bro bandingin sama yg UMRnya berkali lipat di atas Indo 🗿,-,0,Negatif,2,Marah,Banding:Kritis
shalsa,ya jangan di samain bapak😭incom nya aj udah beda @🎀🌷✨🫧,-,0,Negatif,1,Sarkas,Beras:Mahal
sadega75321,mungcung kau enak aja kau ngomong,-,0,Negatif,2,Sarkas,Mentan:Blunder
queenbee,INTI.NYA ITU YANG OMON OMON GAK NGRSAIN GAJI KECIL😌😌😌GAK NGRASAIN KURANG DUIT😌,-,0,Negatif,1,Sarkas,Gaji:Kecil
putrii.cpa 🐾,"heran saya , orang gobl*k kek gini bisa jadi anggota dpr",-,0,Negatif,1,Sarkas,Mentan:Blunder
Hardiansyah,umr jepang ama konoha beda jauh pak,-,0,Negatif,1,Marah,UMR Indonesia:BedaJauh
yellow,liat dlu dari gajihnza jepang umr nya berpuluhan juta sdngkan Indonesia umr nya 5 juta jga tergantung prusaahaanya bang jago,-,0,Negatif,1,Marah,UMR Indonesia:BedaDenganJepang
Annisa Khairia,🤣🤣🤣 pmikiran bgini jdi Mentri..indonesia di bndingi jepang cukur rambut di jepang aja 6 rts rebu pakkk...klw KTA sekilo 100 RB mnding mkn ubi dah sya pak,-,0,Negatif,1,Marah,Mentan:Blunder
Juk Jerus,sibuk rapat mulu,-,0,Negatif,2,Sarkas,Beras:Mahal
kings karina,dongo,-,0,Negatif,1,Marah,Mentan:Blunder
Ra,agak lain,-,0,Negatif,1,Marah,Beras:Mahal
Miss Fung,g0bl0k dia,-,0,Negatif,2,Sarkas,Mentan:Blunder
Ajeng Sekar Prastiwi,SAMAIN DULU GAJI NYA SAMA JEPANG BARUSAN SAMA SAMAIN,-,0,Negatif,2,Sarkas,Gaji:Kecil
PEOPLE=S#IT,bedebah,-,0,Negatif,1,Sarkas,Beras:Mahal
pasti sukses,tinggal dijepang aja situ mad,-,0,Negatif,2,Sarkas,Jepang:NotFair
autoverified,"Jepang cuman 100rb, indo naikin sampai 150rb sy rela asal ump merata 20jt",-,0,Negatif,2,Marah,Beras:Mahal
Rob-Bin Hood,caleg harus menjalani test kemampuan dasar psikologis dan english... layaknya CPNS.....,-,0,Negatif,5,Marah,Caleg:Blunder
Atikalya,"Pakkkkkkk!!!jepang nggak ad DPR yg mkn uang rakyat,..jelas Beda Pak😇",-,0,Negatif,5,Marah,Mentan:Blunder
Citaa,"Mati rakyat kalo beras 100/kg, gila gila",-,0,Negatif,5,Marah,Beras:Mati
iday,apa2 semua naik gaji enggak naik2 malah mereka2 udah kaya raya tambah naik lagi gajinya mereka makin kaya rakyat makin miskin melarat kesusahan buat makan buat beli bahan2 pokok,-,0,Negatif,1,Marah,Gaji:Kecil
Bernadd,pngen teriak di kupingnya...guoblok,-,0,Negatif,2,Sarkas,Mentan:Blunder
aing macan,ot^knya sedikit,-,0,Negatif,2,Sarkas,Harga:Beras:Mahal
Eni39galih,ya Allah pak pak. sampean sekolah ora si yah? serius Takon nyong,-,0,Negatif,5,Marah,Mentan:Blunder
aliw,dungu nya minta ampun,-,0,Negatif,2,Sarkas,Mentan:Blunder
dolays,itu orang make ya?,-,0,Negatif,2,Sarkas,Mentan:Blunder
BNG JUN,dongoooooo,-,0,Negatif,2,Marah,Beras:Mahal
BNG JUN,kocak malah di banding²kan ku pikir UMR kita di gaji USD memng Dasar tll,-,0,Negatif,1,Marah,UMR:Mengganggu
kiiiaaa,bandingin sm jepang🤣,-,0,Negatif,1,Sarkas,Banding:Mahal
RickySandy,"Pak gaji dijepang beda sma di indonesia. Berasnyapun lebih enak pulen , di indonesia beras aja pakai pemutih pak😅",-,0,Positif,5,Senang,Beras:Enak
qorifitria,pak jepang negara serba maju pak dan pemerintah juga mengutamakan kesejahteraan rakyat beda dengan negara kita semua serba naik sementara rakyat miskin masih d abaikan,-,0,Negatif,1,Marah,Pemerintah:Blunder
kuda terbang,pak ayo iku saya main karambol aja yuk ..,-,0,Negatif,1,Sarkas,Pak Ayo Iku:Blunder
ferdian⚡️,"pemerintah Indonesia pada blunder""",-,0,Negatif,1,Marah,Pemerintah Indonesia:Pada Blunder
ChssnoelEvaa,jepang gaji 25 juta,-,0,Positif,5,Senang,Gaji:Banyak
kenjhor_bonsai,"sayang tiktok sensitif kata"" kotor 😌",-,0,Negatif,1,Sarkas,Mentan:Blunder
Cahyo suryo saputro,umr blm kayak jepang jangan banding2kan,-,0,Negatif,2,Marah,Bandingkan:Mentan
anas,heran sama pemikiran anda pak...,-,0,Negatif,2,Sarkas,Pemikiran:Mengganggu
Nauren Asha,"pak km ke jepang aja,ini Indonesia ga cocok sama km",-,0,Negatif,2,Sarkas,Mentan:Blunder
Panca,orang tolol goblok di kasi jabatan .,-,0,Negatif,1,Sarkas,Mentan:Blunder
fanzxx,gaji petani biasa aja 35 ribu itu belum cukup untuk belih beras per kg,-,0,Negatif,5,Marah,Gaji:Kecil
Spill.byuni,otaknya pada di mana siii heran ya ampun 😭😭😭,-,0,Negatif,1,Sarkas,Mentan:Blunder
Sari A,Lah jepang gajinyaaa coba liat anyinggg 😭😭,-,0,Negatif,1,Sarkas,Jepang:Kecil
Nurfani Wintari,kena ULTI ibu negara,-,0,Negatif,1,Marah,Mentan:Blunder
𝙿𝚢𝚡𝚕𝚎``,masa iya Konoha kw di samain sama pencipta konoha🗿,-,0,Negatif,2,Sarkas,Beras:Mahal
justforfun,"Tololnya mulai keliatan, kbnykn makan duit rakyat",-,0,Negatif,5,Marah,Mentan:Blunder
🕊,Jepang tidak ada korupsi pak,-,0,Negatif,5,Sarkas,Jepang:TidakAppleToApple
RA,"pak sesuai kn aj dulu gajinya sama kyk di jepang, baru lh bahan pangan bisa di samakn..ini semuany mahal tapi gaji sgtu aj.. gimna mau nabung buat rumah buat mkn cukup sebulan aj Alhamdulillah 😭",-,0,Positif,5,Senang,Gaji:Kecil
Alfina Mulia Wijaya,ya jepang umr nya berapa pak😭😆,-,0,Negatif,5,Sarkas,UMR:MisleadingComparison
PESAN KHUSUS,jepang negara maju disamain sama negara penuh tikus😂,-,0,Negatif,2,Sarkas,Jepang:NegaraPenuhTikus
FURRRbaby🐻‍❄️,Pantes dia ngomong gitu- soalnya tunjangan untuk beras dia besar jumlahnya 💔💔 tag Jerome,-,0,Negatif,2,Sarkas,Mentan:Blunder
🌺,orang Jepang makan nasi dikit pak orang indo makan nasi sepiring belum nambah lagi🤣😭😭😭🤣,-,0,Negatif,2,Sarkas,Beras:Mahal
n,emang negara kita sama dengan Jepang?,-,0,Negatif,5,Marah,Jepang:BedaDenganIndonesia
LS,"jangan cuma ikut naikinnya doang dong,ah elah...",-,0,Negatif,2,Sarkas,Mentan:Blunder
fans luffy,pekok ta yaopo seh wong iku jepang bayarane gede gede gak akeh korupsi koyok indonesia,-,0,Negatif,1,Sarkas,Mentan:Blunder
hazelnad𝜗𝜚˚⋆,"jepang gajinya gede pak, makanya banyak WNI yg berangkat kerja disana aduuuuh😭",-,0,Negatif,2,Sarkas,Gaji:Banyak
Bahagia,ini ada yg tau g rumah bapaknya,-,0,Negatif,2,Sarkas,Mentan:Blunder
R&M,100 rbu per kg juga jelas penghasilannya lah di konoha🗿,-,0,Positif,5,Senang,Penghasilan:Banyak
KONTEN GAME'S,bapak yg terhormat.. tolong otak nya di pakai.. 😭😭😭,-,0,Negatif,1,Sarkas,Mentan:Blunder
SHUKUR,kok di bandingkan jepang pk...di jepang ekonominya ngak sama lo pk..,-,0,Negatif,1,Marah,Jepang:BedaEconominya
BungaBuket,dia aja kayak ga ngerti apa yg dia omongin,-,0,Negatif,1,Sarkas,Mentan:Blunder
Arya,jepang tingkat korupsinya beda dlogok...,-,0,Negatif,2,Sarkas,Jepang:Kecil
🩵,kalau ditanya balik bisa buat negara ini semaju Jepang bisa gk?,-,0,Negatif,2,Sarkas,Mentan:Blunder
Tedi Syah,"iya jepang negara maju,indonesia banyak korupsi,rakyat menderita,yang bahagia anggota dprd 😅",-,0,Negatif,2,Marah,Mentan:Blunder
N Fadilah99,JEPANG UMR BERAPA BAPAK YG TERHORMAT,-,0,Negatif,5,Sarkas,Jepang:Blunder
orang kaya,KOCAKKKK DIBANDINGIN AMA JEPANG😂 PENDIDIKAN TINGGI OTAK KOPONG😂,-,0,Negatif,5,Sarkas,Mentan:Blunder
ARRA_,umr jepang berapa pak pak,-,0,Negatif,2,Sarkas,UMR Jepang:Kaget
INISIAL N,Toooooooooolooooooooooooooooooollllllllll,-,0,Negatif,1,Sarkas,Mentan:Blunder
nata lee,Mereka ngomong gitu mikir pake otak gk si,-,0,Negatif,2,Sarkas,Mentan:Blunder
Suzan,astaga makin ksna makin. ksni yeee....,-,0,Negatif,1,Sarkas,Mentan:Blunder
Obito_,bayangin aja UMR naik 10 juta saja,-,0,Negatif,1,Marah,UMR:BedaDenganJepang
Koesnadi widodo,Bisa bisa nya orang goblok kok bisa jadi menteri ya....?? 🤪,-,0,Negatif,1,Sarkas,Mentan:Goblok
tsabitozil@22,100% bodoh,-,0,Negatif,1,Sarkas,Mentan:Bodoh
MetaQei,"Gimana dengan rakyat yang gjinya cuma 2jutaa sebulan, apa kita harus pindah ke Jepang juga biar sejahtera 😌",-,0,Negatif,2,Sarkas,Gaji:BedaDenganJepang
Obito_,apa apa naik tapi UMR sgitu gitu aja,-,0,Negatif,2,Marah,UMR:Beda
Kkskr,GABAKAL BENER INDONESIA SELAMA PEMIMPIN NYA BUKAN KIM JONG UN,-,0,Negatif,5,Sarkas,Mentan:Blunder
panggilajabakul,Jangan samakan dg jepang pak. Jepang maju umr luarbiasa disana kesejahteraan luar biasa. Kita itu cuma butiran rengginang,-,0,Negatif,5,Marah,Mentan:Blunder
Om_Koplo0,Maksut pak menteri itu untuk kesejahteraan Petani. Cuman kurang tepat ambil perbandingan dengan Jepang. Tapi Pak Menteri di akhir video sudah memahami kalau tidak bisa dibandingkan income nya dengan Jepang,-,0,Negatif,2,Sarkas,Perbandingan:Beda
Ega Muslim,"tadi nya respek sama Mentri ini ,tp koq malah ngebandiginnya sama jepang ,atuh Antra langit dan bumi ,jepang konoho mah",-,0,Negatif,1,Sarkas,Mentan:Blunder
Koesnadi widodo,Menteri goblok...jepang sama indo kok di samain...😂🤣🤣🤣,-,0,Negatif,5,Sarkas,Mentan:Goblok
memeyriana,"Jepang loh gaji di atas umr,bngt di samakan dengn Jepang 🥺",-,0,Negatif,5,Marah,Jepang:Kecil
a🐧🐯,Indo di samain sama Jepang bjirr😭😭 kok bisaaa???,-,0,Negatif,1,Marah,Mentan:BedaHarga
rv4___,mendo😭,-,0,Negatif,2,Marah,Beras:Mahal
wahyutrihand,T*lol!!!!! Umr jepang berapa bjirrr,-,0,Negatif,5,Sarkas,UMR Jepang:Mahal
nadyaauf,"DONGOW BANGET BJIR. beras disamain sama jepang, tapi UMR langit dan bumi😡",-,0,Negatif,1,Marah,Beras:Mahal
ayyorra,"kok bisa bandingkan sama negara maju tohhh pakkkk , bisa bisa nya kok bisa gituuuu kok paokkk toh pakkk",-,0,Negatif,1,Sarkas,Bandingkan:Mentan
kyyy,"jepang 100k/kg, gaji tg 17-30jt pak",-,0,Negatif,1,Sarkas,Gaji:Kecil
Bang Mamat fudhul,jepang negara maju ke depan indonesia mundur kebelakang,-,0,Negatif,5,Sarkas,Jepang:MundurKeBelakang
Errrr....,"bandingin nya sama jepang?oke lah kalo begitu,kalo gitu bisa dong kerja situ dibandingin sama pemerintahan jepang🤣",-,0,Positif,5,Senang,Bandingin:Beda
Ana🇵🇸,"bandingin sama jepang, harus nya Zimbabwe ye kan😂😂😂",-,0,Positif,5,Senang,Jepang:WorthComparing
AKIV STORE,gajinya di samakan dulu pak 😅,-,0,Negatif,2,Sarkas,Gaji:Kecil
piannnnn,jirrr,-,0,Negatif,2,Marah,Beras:Mahal
yuliika_,Disamakan sama jepangg 😭😭 FASILITAS NEGARA TERCINTAAA INII SAMA GAK SAMA JEPANG PAKK ??!!! DUITNYA MASUK KE KANTONG TIKUS SEMUA !!!!,-,0,Negatif,5,Marah,Fasilitas Negara:Mahal
RoastedCorn,bisa jadi anggota dpr orang kek gitu 🤣,-,0,Negatif,2,Sarkas,Mentan:Blunder
enathea,"pak jepang negara maju sdgkan kita,di jepang UMR jg brp pak sdgkan kita ? klo mau di bandingkan dgn negara jepang stdknya UMR & lapangan pekerjaan di sama kan dgn negara yg bp bandingkan.klo tdk gpp lah kita sbg rakyat biasa ini di gaji 3jt perhari trs beras naik gpp pak ikhlas kita pak🤭",-,0,Positif,5,Senang,Jepang:Kesadaran
Cuteeabiss,Tolil abis si bapak ih,-,0,Negatif,2,Sarkas,Mentan:Blunder
Wan'er,bandingkan dengan negara jepang. jepang negara maju. Indonesian 😳,-,0,Negatif,5,Sarkas,Jepang:NotComparable
MungpungNyalse.,Awwwww jawaban yg mengena itu bu🗿,-,0,Negatif,2,Sarkas,Mentan:Blunder
DERI,jepang beras 100 rb perkilo. Tapi tidak ada gaji 3 juta perbulan pak 😏,-,0,Negatif,1,Marah,Gaji:Kecil
Direksa Kusumadiraga,"polongonaaaa kabina bina aing mah, nyaruakeun jeng d Jepang atuh dele ku babatok mata dia tangkurak, ekonomi d Jepang kumaha?",-,0,Negatif,1,Sarkas,Mentan:Blunder
youngcik,"jepang beras 100rb/kg,gaji yg kerja di jepang sebulan brpa pak?🤭",-,0,Positif,4,Sarkas,Gaji:Kecil
عائشة,Klo mau disamakan sama jepang gaji juga harussss disamakan kyk Jepang. kemajuan juga harusss disamakan kyk Jepang. enak sekali ngomong beras naik sedikit saja ribuutt. kmaren tu yg gajinya banyak ribut. bilang kosan sebulan 3juta tp itungannya jd sehari 3juta kosannya,-,0,Negatif,1,Sarkas,Beras:Mahal
Pak Joko drs,Lebih tepatnya negara mundur sih,-,0,Negatif,2,Sarkas,Aspek:Beras:Mahal
Pak Joko drs,"Di jepang gaji karyawan 40 JT harga beras sekilo 100 rb mah sincai, lag di negara Konoha gaji UMR belum potong angsuran beli beras 100 rb sekilo bisa gulung tikar 🤣",-,0,Negatif,5,Sarkas,UMR:Beda
Mawar,sblm jd perdna mnteri ngmg nya ucch stlh jd prdna mntri ngmgnya ngawooor,-,0,Negatif,1,Sarkas,Mentan:Blunder
Neng Rahmadani,nya beda atuh pak gajih jepang jng konoha ge..lier,-,0,Negatif,1,Sarkas,Jepang:NotFairComparison
RohHub,di kira UMR di hendonesia 30 juta kali perbulan..(menangis dengan nada bernyanyi),-,0,Negatif,5,Sedih,UMR Indonesia:Beda
Encer,"pak, darii mata uangnya ajh beda jauhh. jepang negara majuu,",-,0,Negatif,5,Sarkas,Jepang:Berbeda
🦟,apa ada pegawe jepang gajinya 1juta /bulan,-,0,Negatif,2,Sarkas,Gaji:Kecil
yawsaw,Pusing jadi WNI,-,0,Negatif,2,Marah,Mentan:Blunder
MommyAmeera,"ya ributlah rakyat gajinya umr, lah dpr aja tunjangan beras 12jt",-,0,Negatif,1,Marah,UMR:BedaDenganJepang
Nurita,monyet emang,-,0,Negatif,2,Sarkas,Beras:Mahal
Monkey D' Ace,"Secara tdk langsung Pak Mentri Mnyinggung secara Halus Pemerintah, bgmna Caranya Biar kita Setara dgn negara lain, Kita Negara Pangan Yg besar, Negara kita termaksud Negara Besar soal Pertanian, kenapa kita tdk bisa setara dgn negaa lain,,",-,0,Negatif,2,Sarkas,Pemerintah:Blunder
HAMBA ALLAH,nilai uang nya bos di liat,-,0,Negatif,2,Sarkas,Nilai Uang:Bos
Afni Ulandari,"wajar sih bapak ini ngomong kaya gtu, tunjangan beras nya aja 12jt🙂",-,0,Negatif,2,Sarkas,Mentan:Blunder
Erik,Menteri nya gak ada yang beres,-,0,Negatif,1,Sarkas,Mentan:Blunder
Beenglish🇬🇧,"""betul bu, betul""🤡🤡🤡",-,0,Positif,5,Senang,Beras:Dukung
Nur Akmal,"bapak ngomong enak gaji bapak banyak jadi beras 100 rb tidak masalah kami pak gaji UMR buat kebutuhan sehari2 harus hemat baru cukup kalau GK memang kurang kalau gaji UMR bapak samain seperti jepang tidak masalah pak jangan kan beras pajak naik semua naik bisa kami imbangi gaji besar pengeluaran besar masih bisa,ini pak gaji kecil pengeluaran besar jadi nya mines pak",-,0,Negatif,2,Marah,Gaji:Kecil
@Dany_sartia,"INI ORANG KAYA NYA SEKOLAH NYA SAMPE GERBANG,di bandingin sama jepan9😄 halo pa jepang gaji 40 juta indonesia 4 juta",-,0,Negatif,1,Sarkas,Gaji:Kecil
Dinneu Fitriani,ai sia ngemeng naon ?,-,0,Negatif,2,Sarkas,Mentan:Blunder
jumenenge Wahyu,"jepang beras100 ribu,gaji UMR 20 jutaan,beda Konoha gaji cuma 2 jutaan umr",-,0,Negatif,1,Marah,Gaji:Kecil
kepiting,ah toIoI,-,0,Negatif,2,Sarkas,Beras:Mahal
PM•NoPaL√,wes sak karep2mu😏,-,0,Negatif,2,Sarkas,Mentan:Blunder
RANGGER•BIRU🔵,beras 800 yen 1kg sedang di jepang uang segitu kecil... indomie aja 400 yen braryi 2 bks indomie setara 1 kg beras🤭pinter banget ni orang,-,0,Positif,5,Senang,Beras:Murah
ibuknya Alya,nah situ dpt tunjangan beras berapa cobak😁makannya gak ribut fiem2 baek😐 sini aja yg cuma dpt bantuan yg kadang tidak tepat sasaran pak...🙄masak iya semua mau dinaekin...,-,0,Negatif,2,Sarkas,Mentan:Blunder
Kholida🐝,Masyarakat jga gk bakal ribut klo gaji kaya JEPANG!,-,0,Positif,5,Senang,Gaji:Kaya
djagoeng_manies,"Wah wahhh dah gatel tangan gw, ape sosmed tu orang",-,0,Negatif,5,Sarkas,Sosmed:Mengganggu
pulupulu,apalah dia apalah,-,0,Negatif,1,Sarkas,Mentan:Blunder
setyabhisma,di lain sisi tunjangan DPR buat beras 12juta pak 😅,-,0,Negatif,2,Sarkas,Tunjang DPR:BedaHarga
queerchilmopzeed🌞,makin banyak yang ga makan kalo disamain😭,-,0,Negatif,2,Sarkas,Beras:Mahal
bangkip,tu dengerin penghasilannya sudah berbeda,-,0,Negatif,2,Sarkas,Penghasilan:Beda
Tangsiaman Saragih,jangan bandingkan sama Jepang pa mentri cb trn dlu ke msyrkt mtri ko bdh kli,-,0,Negatif,2,Sarkas,Bandingkan:Mentan
🎊_[®n∆wieZ]_🎊,negoromu dilok en wes makmur a pirobUMR E negoromu,-,0,Negatif,1,Sarkas,UMR Indonesia:BedaDenganJepang
tikatik299,Ari maneh ihhhhhhh mit amiiiit😭😭😭,-,0,Negatif,1,Sarkas,Mentan:Blunder
RANI.APRILIANI,"UMKnya lahh di naikin duluu dan mau brpa pun harga beras pasti di beli pak , dri segi UMK aja jauh bgt pak",-,0,Negatif,1,Marah,UMK:Besar
srnlvesr,"yaa di jepangg makmurr, gajinya sesuai. Negara ancur bgini disamain sma jepang😭",-,0,Negatif,2,Sedih,Jepang:Beda
_swallow223,pak Jepang UMR nya 30 jt. Indonesia emang berapa juta? gila gila gila,-,0,Negatif,5,Marah,Mentan:Blunder
ABR,MALU PAK MALUUU,-,0,Negatif,2,Sarkas,Mentan:Blunder
f,mkirrr apa pak gaji nya rakyat jelata ini aja gmnaaaaaaaaaaaaaaaaa,-,0,Negatif,1,Sarkas,Gaji:Kecil
Very,"beda anjjj, jepang sesuai pendapatan dsna tinggi",-,0,Positif,5,Senang,Jepang:SesuaiPendapatan
Cancer 67,"knp para mentri dan dpr era pak prabowo model begini smua,,, apa krna mkn beras 12 jt perbulan ya,,beleng beleng semuany",-,0,Negatif,1,Marah,Mentan:Blunder
S,Toll :(,-,0,Negatif,2,Sarkas,Mentan:Blunder
Sibebek,UMR taekkn 10x lipat tolol hayang siga Jepang mh..goblog iiiih,-,0,Negatif,1,Sarkas,UMR:BedaDenganJepang
fyaaa,bisa diem dulu ga sih satu hari aja. makin hari makin bikin emosi!,-,0,Negatif,2,Sarkas,Mentan:Blunder
awankinton28,MENYALA BU KETUA AING,-,0,Negatif,1,Marah,Mentan:Blunder
misbach981,hahaha pak...rakyat di jepang itu semua sejahtera pak..beda rakyat di indonesia sensara,-,0,Negatif,5,Marah,Mentan:Blunder
Riris🙈🙉,"kok tolol si,",-,0,Negatif,2,Sarkas,Mentan:Blunder
Rnaprl,belegug,-,0,Negatif,1,Marah,Mentan:Blunder
ARIE YANDHA,tol*l,-,0,Negatif,1,Marah,Mentan:Blunder
do,ya udah gaji indo kayak gaji jepang aja,-,0,Negatif,2,Sarkas,Gaji:Kecil
Siti Nuraeni2,kocak disamain ama jepang😭,-,0,Negatif,2,Sarkas,Jepang:Kocak
ashaaaaa,jalur dukun bisa kayaknya ini,-,0,Negatif,1,Sarkas,Jepang:BedaDenganUMRIndonesia
𝐆𝐎𝐃𝐃𝐄𝐒𝐒 𝐎𝐅 𝐅𝐈𝐑𝐄,menteri pertanian menteri nya bekas jokowi 2p dan kini jadi menteri titipan paduka solo🤭 cek hartanya luar binasa🤭,-,0,Negatif,1,Sarkas,Mentan:Blunder
anindita,jangan sama ini sama negara luar dong liat dulu penghasilan rakyat nya,-,0,Negatif,1,Marah,Mentan:Blunder
ato yhuuu,"gw pikir yg jadi menteri itu rata rata sekolah tinggi dan pinter-pinter.. ternyata duga gw salah, gak harus pinter dan gak harus sekolah tinggi",-,0,Negatif,2,Sarkas,Mentan:Blunder
KAL,AI SIAA KUNAON?,-,0,Negatif,1,Marah,Mentan:Blunder
Alma👧🏼,kluar lagii nihhh si bodoooh 1,-,0,Negatif,1,Sarkas,Beras:Mahal
m.saleh,jepang negara maju jgn banding kan gaji jepang 30 juta .. negara kita gajinya 3 juta...pak ....pak ...pak,-,0,Negatif,2,Marah,Gaji:Kecil
CP NLE,"kalo mau harga berasa sgtu,samain UMR kita seperti Jepang, pekerja pabrik disono aja gajinya udah 28jt++ perbulan, pekerja bangunan disono udah 20jt++ sedangkan dinegara ini sebulanya paling banyak 4,2jt, kalo mau omong gtu lihat data penghasilan warga Indonesia rata2, percuma rapi kalo pikiran kalah sama anak sd",-,0,Negatif,5,Marah,UMR:Beda
Chivas,si BPK baru bgn TDR disuruh ngomong di dlm rapat akibat nya nglinduuurrr,-,0,Negatif,2,Sarkas,BPK:Blunder
Telur Dadar,"pak, coba bandingin gaji Jepang sama indo pak jgn waton ha he ho gtu",-,0,Negatif,1,Sarkas,Gaji:Kecil
Bru brasa,Mentri kok tolol,-,0,Negatif,1,Sarkas,Mentan:Tolol
kareshii.MV,Jepang 30jt sedangkan Indonesia 3jt brrti klo di jepang 100.000/kilo sisa 29.900.000 dan di Indonesia 3.000.000 brrti 10.000/kilo sisa 2.990.000 kyaknya itu seimbang supaya petani sejahtera tp klo menurut saya supaya sejahtera caranya yaitu memberikan harga sesuai jabatan orang contoh jika rakyat biasa wajib harga murah tetapi jika pejabat gaji 50jt keatas harus di beri hrga 500ribu/kilo,-,0,Negatif,2,Sarkas,Harga:Beda
Pumpkin 🎃,🗿,-,0,Negatif,1,Marah,Mentan:Blunder
ehe,org kek gini bisa jadi dpr,-,0,Negatif,1,Sarkas,Mentan:Blunder
nike,Ngmg ga pake mikir..ckckcck,-,0,Negatif,1,Sarkas,Mentan:Sarkas
gangbeo,"terus knp indonesia gak bisa seperti jepang , padahal SDA kaya",-,0,Negatif,5,Marah,"SDA:Kaya,Mentan:Blunder"
mamari,umr jepang berapa ? umr indonesia berapaaa ? stress yaa lama lama,-,0,Negatif,1,Marah,UMR Indonesia:Kecil
.・゜゜・,pengen ngomong kasar sumpah💀💀💀,-,0,Negatif,2,Sarkas,Mentan:Blunder
mental baja,"beras Jepang mahal juga sesuai kualitas nya. di Indo mahal dikit gak tau nya di Oplos. penghasilan rakyat disana juga jauh diatas disini. dan rakyat nya sejahtera, dan Jepang gak KORUP wehhhh. haduhhh pak prabowo, tolong lah pembantu""mu itu suruh pake otak nya klo ngomong. lahhh situ enak gaji banyak, rakyat income tertinggi berapa coba. lagi lagi lagi rakyat disalahin. 🥺",-,0,Negatif,5,Marah,Mentan:Blunder
Cepi,lu enak gajihnya gede tod,-,0,Netral,3,Sarkas,Gajih:Beda
Sabana,gobl0k anj,-,0,Negatif,1,Sarkas,Mentan:Blunder
waeyooo?,"beda lah, gaji di Jepang aja gede 😅lah indo UMR msih 1 sampe 3 jt masih bandinginin Ama jepang kocak",-,0,Negatif,2,Sarkas,UMR:Beda
jailatno,"jelas ribut, harga barang naik gara2 gajih pulau menteri dan DPR/MPR naik, sedang kan gajih buruh dan petani dll tidak naik, ini sangat membebani para masyarakat Indonesia",-,0,Negatif,1,Marah,Gaji:Beda
.,tapi jepang gak ada yang kurop pak otak nya di mana sih orang ini,-,0,Negatif,5,Sarkas,Jepang:Blunder
najdzarr,"jauh2 banding kan dengan jepang,mikir jepang UMR nya berapa indo 3 Ampe 4jt doang paling",-,0,Negatif,1,Marah,Mentan:Blunder
Vincenzo,ini instansi isi nya bedabah semua kah ?,-,0,Negatif,2,Sarkas,Mentan:Blunder
ᖇᕼᗰᗩᑎ•ᑕEᒪEᗷES,langsunh kena ulti,-,0,Negatif,2,Sarkas,Beras:Mahal
rara,beliau yang ngomong aku yang malu😭 bener2 kaya asal bunyi,-,0,Negatif,1,Sarkas,Mentan:Blunder
sntaa,dpr oon,-,0,Negatif,2,Sarkas,Beras:Mahal
yudhap,serius mau ngebandingin sama jepang? jangan cuma diberasnya,-,0,Negatif,2,Sarkas,Jepang:Beda
Pange,"iyo bener pak tapi penghasilan mek 1,2 iki nggo tuku beras yo tekor",-,0,Negatif,2,Sarkas,Penghasilan:BisaKurang
S O F H I E,emang goblik,-,0,Negatif,2,Sarkas,Beras:Mahal
Madre Store,ya ampun kok to to the lol,-,0,Negatif,2,Sarkas,Beras:Mahal
@kims~,fix make ni orang,-,0,Negatif,2,Sarkas,Mentan:Blunder
digoo⚡,pikirin gaji nya juga lah,-,0,Negatif,1,Sarkas,Gaji:Kecil
iF🦕,jepang tdk bisa hidup dengan UMR kita pak😭😭,-,0,Negatif,2,Marah,Jepang:BedaUMR
🦑Libra girl🦑,"bapa ga ngerasain bapa blm pernah ya pegang uang pas""an bingung ngatur karna harga bahan pokok pada mahal🥺",-,0,Negatif,1,Sedih,Harga:Beras:Mahal
Apri🦖,coba rakyat juga dapat tunjangan beras pasti gak ribut😭,-,0,Positif,5,Senang,Tunjangan:Beras
1966.6501,PAK YA ALLAH PAKK. Ini karena tunjangan bapak gede jadinya lupa ekonomi masyarakat yang sebenarnya gimaa😩,-,0,Negatif,2,Marah,Mentan:Blunder
diki,"tempo mah rakyat sorangan,lain jepang😭😭",-,0,Negatif,2,Sedih,Beras:Mahal
Call me Ai.u,"Beras naik, tunjangan beras pun nanti naik.",-,0,Negatif,2,Sarkas,Tunjangan:Beras
Gita,"ya kalo lu mau nyamain sama jepang, samain juga gaji pekerja sama jepang lah kocak",-,0,Negatif,2,Sarkas,Mentan:Blunder
DiahAril,suwe2 rakyat mu entek keluwen pak ..negara konoha d bandengno ambek jepang lha wong d kono wong manak ae di kei duwek lha rakyat mu KB ae mbayar 😂🤣,-,0,Negatif,5,Sarkas,Mentan:Blunder
Nurmala youna,loh ko gBlog gblog si dpr,-,0,Negatif,1,Sarkas,Mentan:Blunder
_vann,lahhh😭😭 mata uang indo sama jepang aja udah jauh bat,-,0,Negatif,1,Sarkas,Mata Uang Indo:Mahal
Sayesss aja daripada,congorrr muuu pakkk,-,0,Negatif,1,Sarkas,Mentan:Blunder
Aurora Jingga,bapak otaknya dimana kah? guoblockkkk bet,-,0,Negatif,1,Sarkas,Mentan:Blunder
Putra sekawan,"presiden sekarang pilih mentrinya ngak berbobot, kebanyakan ordal sama titipan😁😁😁",-,0,Negatif,2,Sarkas,Mentan:Blunder
️,"Jepang mah nilai duitnya gede pak, yaallah bedaaa di sini. Umr cuma dikit tapi kebutuhan pokok naik, yg ada minesss pak minesss",-,0,Negatif,2,Marah,UMR:BedaDenganJepang
tiang alit 🤘🤘🤘,pak gajimu gd la gaji suamiku cuma kuli kalau beras ampk 100 ribu .....udhlh mau jadi apa rakyat ......ngk semua punya sawah pak kita beras beli ?????,-,0,Negatif,1,Marah,Beras:Mahal
Ccaa🦖,kont,-,0,Negatif,1,Marah,Mentan:Blunder
dutanetizenidn,dongooooo bgt ni org goblokkk,-,0,Negatif,1,Sarkas,Mentan:Blunder
B. Mhdia,tolol banget,-,0,Negatif,1,Sarkas,Mentan:Blunder
Otcha🤎,Ikan kakap ikan tongkol,-,0,Negatif,2,Sarkas,Beras:Mahal
Baby✨,"lah ga apple to apple bandinginnya, kocak emang mereka",-,0,Negatif,2,Sarkas,Jepang:TidakAppleToApple
Yu,Jepang 100ribu/kg karena ekonomi sama UMR ya tinggi lah indo 🤣🤣🤣,-,0,Positif,5,Senang,Jepang:DapatDiBandingkan
🐳,apalah disamain sama jepang 😭😭,-,0,Negatif,2,Sedih,Beras:Mahal
yoweymeh,bapanya siapa dah?,-,0,Negatif,2,Sarkas,Bapanya siapa dah?:TidakPertinent
de Albuquerque,Ya lu ga ngerasa. Gajilu gede tunjangan lu gede 😂😂😂,-,0,Positif,5,Senang,Gaji:Banyak
user6591027377,udh jelas dikorup sama dia🤭🤭🤭,-,0,Negatif,2,Sarkas,Mentan:Blunder
Arcadia design architect,beras 100 ewu/kg. jatah blonjo mok 50ewu.... kurangane mok Kon golek neng ndi pak....,-,0,Negatif,1,Sarkas,Beras:Mahal
Damay,"jepang rakyatnya sudah sejahtera, diindonesia masih bayak yg blm sejahtera rakyatnya.",-,0,Negatif,5,Marah,Mentan:Blunder
Amey,bapa ari maneh,-,0,Negatif,2,Marah,Mentan:BedaHarga
iaa,"goblokk dibandingkan ma jepang, jepang negara majuu😭",-,0,Negatif,2,Sarkas,Jepang:Blunder
Ne,t o l o l,-,0,Negatif,2,Marah,Harga:BerasMahal
mang aep,maksudnya mau mensejahtrakan petani itu bicara blm selesai ....kita indo pinter. nya keritik 😁😁😁 lucu juga,-,0,Positif,5,Senang,Mentan:Lucu
kekhay,"jepang sama Indonesia beda paa .. bapa juga pasti ribut ,, kalo gaji anda d turunkan 😁🙏🏼",-,0,Positif,5,Senang,Jepang:DapatDiBandingkan
PelangiFDS🌈,@PRABOWO SUBIANTO_RI.1 🇮🇩 @Gibran Rakabuming,-,0,Negatif,1,Marah,Mentan:Blunder
Flamingo🦩,Seorang Mentri tapi ga pantas jadi Mentri😌,-,0,Negatif,1,Sarkas,Mentan:Blunder
🌼Daisy🌼,"aduh pintarnya, membandingkannya gak apple to apple atuh si bapak",-,0,Negatif,5,Sarkas,Jepang:TidakAppleToApple
Miranti Ho,belum prnah ngerasain susah itu ap bpk nya,-,0,Negatif,2,Sarkas,Beras:Mahal
PelangiFDS🌈,Ternyata bener orang pintererr jadi begok 😏,-,0,Negatif,5,Sarkas,Mentan:Begok
Dely Lestari,pengen ngomong kasar😏,-,0,Negatif,2,Sarkas,Mentan:Blunder
🥰Dafa Faisal🥰,kok peeasaan bah Wowo diem Bae ni anak anaknya pada ngomong gini.ternyata sama aja KLO dah diatas lupa sama yg dikung,-,0,Negatif,1,Sarkas,Mentan:Blunder
nOVia,BEDA NEGARA BEDA UMR BAPA KUH 🤭,-,0,Negatif,5,Marah,Beda Negara:Kritik
mamaayradanasma14,mau banding2in sama jepang cenah 🤣🤣 dia tau gk sih gajih di jepang paling kecil 15jt paling gede puluhan juta lah di konoha gajih pabrik aja ada yg 2jt ..,-,0,Negatif,1,Sarkas,Jepang:Beda
ℳ,"tapi kasian petani juga sih, pupuk mahal tapi jual padi murah🥲",-,0,Positif,4,Sedih,Petani:Kasihan
Sunflwr,pikir aja gaji kita emang setara jepang ..,-,0,Negatif,2,Sarkas,Gaji:Kecil
Banana_,"Kalau mau naikin harga beras dan tidak diprotes ya harus umrnya juga naik, nyamain sama jepang ya umrnya harus setara jepang kalau memang mau",-,0,Negatif,2,Sarkas,UMR:BedaDenganJepang
Kvinn_,"pas di samain ma negara lain, sedangkan negara nya sendiri kek gini",-,0,Negatif,5,Marah,Mentan:Blunder
denadaary,Siapa yg milih diaaa woy,-,0,Negatif,5,Sarkas,Mentan:Blunder
Fazzril Hudha✅,"ayo pak naikan sedikit beras biar petani padi makmur... banyak sawah yang gak di urus. anak muda sekarang jarang yang mau turun ke sawah. biar ekonomi tumbuh di petani padi, sekarang gotong royong di sawah sudah mulai hilang, operasional di sawah sekarang besar",-,0,Positif,4,Senang,Petani padi:Dukung
Ayang 🇹🇼🦄,ya Allah semoga orang ini merasakan menjadi org ribut itu😫,-,0,Negatif,5,Marah,Mentan:Blunder
yaa,kocak kocak,-,0,Negatif,2,Sarkas,Beras:Mahal
haneroo,mikir kids,-,0,Negatif,1,Marah,Mentan:Blunder
Cho☘️,????????apaesi,-,0,Negatif,2,Sarkas,Beras:Mahal
YOHANES,tinggal beli doang apa salahnya ...,-,0,Negatif,2,Sarkas,Beras:Mahal
hashshaja,bodoh,-,0,Negatif,1,Sarkas,Mentan:Bodoh
AzharKholqi,"hahahaha makin sini makin gila aja Konoha, kalok soal Mandingin yaudah samain aja sistem pemerintahan nya, UMR di ratakan 7/8 juta, trus jangan lagi ada pengangguran trus skolah geratis kalok bisa digaji bagi yg mau skolah. trus stiap rakyat ada tunjangan dari pemerintah bisaa gaak?",-,0,Positif,5,Senang,Sistem Pemerintahan:Baik
Viona Bajri,"jepang warganya di jamin negara ,lah indo nyari uang aja Sush nya mnta ampun 😌",-,0,Negatif,5,Marah,Mentan:Blunder
Eky,"gw ga nyalahin itu menteri yang penting dia udh ngakui ""serendah itu betul bu"" yang penting disini udh paham jadi ga salah kecuali dia ngebantah",-,0,Negatif,2,Sarkas,Mentan:Blunder
....,bandingin juga gaji di jepang sama indo pak jangan harga bahan pangan nya aja😌,-,0,Negatif,2,Sarkas,Bandingkan:Kritik
Nilaakalila,"Pak” mau kasih tau jepang gaji besar sesuai lah yak, lah klw indo mau menangis dengan angka umk nya😌",-,0,Negatif,2,Sarkas,Mentan:Blunder
green,mata uang cuy,-,0,Negatif,1,Sarkas,Mata Uang:Cuy
2oe,DPR TLL jepang UMR brp? indo brp? anggota dewan TLL,-,0,Negatif,5,Marah,DPR TLL:BedaUMR
Kedai Goblin,"Nanti aku bilang ke ibu"" pasar kalo beras mahal karna patokan kita harga beras di jepang 🙏🏻",-,0,Negatif,2,Sarkas,Beras:Mahal
Dewi Wulandari,mau ngetik tapi takut meledak hp nya melebihi kapasitasnya 🤣🤣🤣,-,0,Positif,5,Senang,Netizen:Supportive
Faeyza boyolali,cangkemu seng genah pak...,-,0,Negatif,2,Sarkas,Mentan:Blunder
stobeli,guoblok,-,0,Negatif,1,Marah,Mentan:Blunder
Ncek...,otaknya tololllllllllll,-,0,Negatif,1,Sarkas,Otaknya:Blunder
Viinnnnn,pejabat indo ga guna semua.,-,0,Negatif,2,Sarkas,Pejabat Indo:Blunder
mayareca,umr ee bedo goblok,-,0,Negatif,1,Sarkas,Beras:Mahal
bagas putra,logikanya dimana disama samain jepang,-,0,Negatif,1,Sarkas,Logika:Miskin
betawi bersaudara,ko di bandingin sama jepang?🫢 beda kelas atu bapackkk,-,0,Negatif,1,Sarkas,Jepang:BedaKelas
Na Ana,semakin bodoh aja Mentri indonesia ini,-,0,Negatif,1,Sarkas,Mentri:Blunder
Immcqh,yg kyk gini kok jadi menteri🤣,-,0,Negatif,2,Sarkas,Mentan:Blunder
MakiZen,🗿,-,0,Negatif,1,Marah,Mentan:Blunder
Indah,"Gini aja. Lu nyobain jd rakyat yg hidupnya pas""an dan harus nerima aturan dan ngelihat pejabat yg hidupnya makin hari makin mantap itu",-,0,Negatif,1,Marah,Mentan:Blunder
Dewi Wulandari,hehh,-,0,Negatif,2,Sarkas,Beras:Mahal
aspiiiiiiiiiiyah,Ngelawak apa gimana si pak,-,0,Negatif,2,Sarkas,Mentan:Ngelawak
Iyong Sitorus,mau kau buat 200rb pun harga beras per kg GK apa loak asal gaji kau samakan gaji d indonesia SM jepang,-,0,Negatif,1,Sarkas,Gaji:Kecil
pinas🩰,sekolah ga sih dia malah bandingin sama negara maju🤮,-,0,Negatif,2,Sarkas,Mentan:Banding
bebyvee,🙅🏻‍♀️🧠,-,0,Negatif,1,Marah,Mentan:Blunder
Denzz.,sekalian aja naikin beras 1kg 3 juta,-,0,Negatif,1,Marah,Beras:Mahal
♑,wkwkwk bandingin kok sm negara majuuuuuuuuuuuu😂 sedang negaramu mundor alon2😂,-,0,Negatif,2,Sarkas,Banding:Kritik
excle,beda tolo* beda. di sana umrnya gede. disini 6juta dibawah. beg* banget jadi mentri,-,0,Negatif,2,Marah,Mentan:Blunder
ヤヤ(yaya),"seleksi DPR dan seleksi menteri,jangan cuma mengandalkan uang",-,0,Negatif,2,Sarkas,Seleksi DPR dan Seleksi Menteri:Beda
Niki shankin,remek,-,0,Negatif,2,Marah,Beras:Mahal
Nadiyani,"pak Jepang negara maju , sedangkan kita negara mundur",-,0,Negatif,2,Sarkas,Jepang:Beda
R,kebanyakan duit tmbh eror,-,0,Negatif,2,Sarkas,Harga:BerasMahal
Saft,Stresss🗿,-,0,Negatif,1,Sarkas,Mentan:Blunder
anak bungsu✨,"kalau gitu gaji buruh pabrik dll,harus naik juga dong😌",-,0,Positif,4,Senang,Gaji:Naik
Iyong Sitorus,menteri sampah..pejabat sekarang sudah gila2 kebijakannya..,-,0,Negatif,1,Sarkas,Mentan:Sampah
past people,Ya umr indo brpa dlu anjirrr wkwk ngakak bngttt,-,0,Negatif,5,Sarkas,UMR Indo:BedaDenganJepang
haiPio,wkwk laaa lu beli beras aja dijatah negara kocakk😂,-,0,Negatif,2,Sarkas,Beras:Mahal
Sanka LIO_VBR,Indonesia d bandingkan sama japan koplok sekali mentri pertanian sekarang,-,0,Negatif,1,Marah,Mentan:Blunder
...,thuolol,-,0,Negatif,1,Marah,Mentan:Blunder
superboyy,kok bisa pejabat model bgni 😂😂 samakan dgn jepan negara super maju itu.. malu saya😂😂,-,0,Negatif,5,Sarkas,Mentan:Blunder
karee,Pa ketawa banget,-,0,Negatif,2,Sarkas,Beras:Mahal
Virgo_B,"ya klo gaji nya sama kyak jepang jga gak Msalah beras hrga 100k,ini dpr lulusan apa sih kok bego bngt soal gini",-,0,Negatif,5,Sarkas,Mentan:Bego
Blues08,Tai dikasi nyawa ini,-,0,Negatif,2,Sarkas,Beras:Mahal
user1339538044098,samain sama jepang edan,-,0,Negatif,1,Sarkas,Jepang:Beda
Nila K,asbun🤨,-,0,Negatif,2,Sarkas,Mentan:Blunder
Nas,"ini la penting nya di seleksi dlu klau mau jdi DPR, klau cumn modal duit aja ya gini, jdi nampak x T0000lool nya. di samakan pulak jepang sama indo😂",-,0,Negatif,5,Sarkas,Mentan:Blunder
rafika_ryan,ga usah bahas perbandingan harga beras pak.. bandingin dulu aja gajinya umr nya fasilitasnya... giliran bahas gaji buat dinaikin sembunyi ga mau keluar...kocak😪,-,0,Negatif,5,Sarkas,Gaji:Dinaikin
رینا علي,Knp menteri sekarang kebanyakan error,-,0,Negatif,2,Sarkas,Mentan:Error
Ira Tirawati370,gajih na teu sarua tolol😏,-,0,Negatif,1,Sarkas,Mentan:Blunder
Lukekkk ✪,100 ewu umr e piro gok,-,0,Negatif,2,Sarkas,UMR:BedaDenganJepang
inisialR,masak menteri ngebandingin kita SMA jepang wkwkwkwkwkwk Mentri goblok,-,0,Negatif,1,Sarkas,Mentan:Goblok
kocimoa,"pendapatan indo bedaaa sm jepanggg pak, kesehatan aja gratis blm yg lain. kita semua apa apa bayarrr😭, mkanya beras naik ngaruhhhh bgtt ke rakyat",-,0,Negatif,1,Sedih,Beras:Mahal
Dwi Pramita67,jepang jepang 25 juta bertarung dengan UMR Jateng yang cuma 2.2 hallowww pak pakkk,-,0,Negatif,1,Marah,Mentan:Blunder
Thansencollection,Klo umr kyak d jepang naik 200 rb pun gue jabaniin bapyaaak😏,-,0,Negatif,1,Sarkas,UMR Indonesia:Banyak
Yeti_nyiiteung,"bukan jepang pa heloooo ,, indonesia kitaaa",-,0,Negatif,2,Sarkas,Jepang:BukanIndonesia
Rifdan,Gajine wg indonesia piro mbok dipikir teko sek semono gede gombong ngono kok weki,-,0,Negatif,2,Sarkas,Mentan:Blunder
Eno1609,"kok gua malu sendiri yaaa, ada mentri seperti ini😌",-,0,Negatif,2,Sarkas,Mentan:Blunder
omangcansss,"Pak jepangg negara maju apa2 dpt bantuan, besaran gaji jauh sama di indo😑",-,0,Negatif,2,Sarkas,Gaji:Kecil
dindaaja994,yaudah KLO gtu UMR aja om yg disamain sama jepang gimana??,-,0,Negatif,1,Marah,Mentan:Blunder
Sai aku??,Liat umr jepang kocak😂,-,0,Positif,5,Senang,UMR Jepang:Kocak
Arief Aledza,klw bgtu kasi sm aja gajinya di negara Jepang sm negara Indonesia karyawan swasta bisa nda tuh 😂😂,-,0,Negatif,5,Marah,Gaji:Kecil
rijong92,"ini mentri lulusan apa ya. koq Indonesia d bandingkan sma Jepang. Jepang negara maju woyyy. rakyatnya jga hmpir sejahtera smua. lah klau Indonesia rakyat nya msh bnyak yg kekurangan. lho mau nyekik rakyat dngn menaikkan harga beras. bisa"" rakyat Indonesia bnyak yg kelaparan. koq orang kya gni bsa lolos jdi mentri ya",-,0,Negatif,1,Marah,Mentan:Blunder
orzorasalonkerinci,100 kg / hari bapak beli gk terasa d rekening bapak. makany udh bandingi k jepang.. kebanyakan ngelawak🤣🤣,-,0,Positif,5,Senang,Beras:Murah
araa,yeu kocak,-,0,Negatif,2,Sarkas,Beras:Mahal
a,eh iq nya berapa ya ko bandingin ga apple to apple kocakkkkk☺️🫵🏻,-,0,Negatif,5,Sarkas,Jepang:NotAppleToApple
LilVirgo❄️,"naik 100rb/kg sh sah aja gag msalah.. yg pnting umr 100jt perbulan pak, 🤪",-,0,Positif,5,Senang,UMR Indonesia:Kecil
𝓈𝑒𝓁𝑜,bego bgt dah ngebandingin sama Jepang,-,0,Negatif,2,Sarkas,Beras:Mahal
andinn,"BEDA LAH JEPANG SAMA INDONESIA!! jepang negara maju ,UMR di sana tinggi sangat beda jauh dengan di sini gimana sih!",-,0,Negatif,5,Marah,Jepang:Beda
Soyyo,"orang biasa aja tau gaji jepang smaa indo beda, masa dia DPR berani2nya bandingin indo sama jepang masalah beras",-,0,Negatif,2,Marah,Beras:Mahal
hii i'm here 🪸,"pak, Jepang udh maju dr beberapa tahun lalu. 🤣🤣 ya jelas ribut atuh pak",-,0,Positif,5,Senang,Jepang:Keren
Adi rusiyanto,Di sama kan sama penjajah... Goblokkkzzz...,-,0,Negatif,5,Marah,Mentan:Blunder
jk1997,UMR smain Jepang jg pakk,-,0,Negatif,1,Sarkas,UMR:Malah
amaa🧏🏻‍♀️,@SEBLAK CIHUY BAWEAN🔥🍜✨:COBAK GAJINYA SAMAIN KAYAK JEPANG ANYING,-,0,Negatif,1,Sarkas,Mentan:Blunder
zachira45,di Jepang gajinya gede pak kita rakyat biasa menghasilan sehari cuma 70rb di pikir dong pak,-,0,Negatif,2,Marah,Gaji:Kecil
yen,kocak lu,-,0,Negatif,2,Sarkas,Beras:Mahal
ll29,25 jt bersaing dengan 2.5 jt gimana tidak menyala wiii☺️,-,0,Negatif,1,Marah,Beras:Mahal
orzorasalonkerinci,siap2 pasukan netizenn🤣🤣,-,0,Negatif,1,Marah,Mentan:Blunder
adesulas3,makin kesini mentri2 wowo makin nyepelekan warga dan mensejahterakan tikustikus GOT,-,0,Negatif,1,Sarkas,Mentan:Blunder
Aren Latte,iyaa ribut kita beli sendiri soalnya kalian kan ada tunjangannya,-,0,Positif,5,Senang,Kita:BeliSendiri
Ayuprlisa,Gobl*k,-,0,Negatif,2,Marah,Beras:Mahal
MADURANESE,gk hbis fikir sma pjabat ini dongo nya kbngetan,-,0,Negatif,2,Sarkas,Pjabat:Bodoh
krisitamely,Sumpah iihh org” bodoh bgini ko bisa duduk disitu,-,0,Negatif,5,Marah,Mentan:Bodoh
widi astuti,o on pisan herab,-,0,Negatif,2,Sarkas,Beras:Mahal
Joyora,"jauh x kau bandingkan Indonesia dgn Jepang, macam gak ada aja sodaramu yg kismin",-,0,Negatif,1,Sarkas,Bandingkan:Beda
issmallstore,ini contoh pendidikan tinggi tapi gk cerdas😳,-,0,Negatif,1,Sarkas,Pendidikan Tinggi:Miskin
sifa,alah negri konoha di bandingin sama jepang coba pemerintahan nya tuh di samain sama jepang gaji masyarakat nya di samain sama jepang,-,0,Negatif,5,Sarkas,Pemerintahan:Blunder
Annastasya,anj,-,0,Negatif,2,Marah,Beras:Mahal
freelovedjeanz,aahhh ingin berkata kasaaaarrrr 😭,-,0,Negatif,1,Sedih,Beras:Mahal
fadjarpoetraragil,gajimu sudah standar jepang pak...mending kalian pindah urusin jepang...jangan di indonesia lagi....,-,0,Negatif,5,Marah,Mentan:Blunder
Erlinda,gua gk pinter matematika tp jg gk seg*blk ini jg anjjj sama2in Indonesia sm Jepang 😭,-,0,Negatif,1,Sedih,Beras:Mahal
mira23310,jepang 100rb perkilo ya lu pikir UMR Indonesia berapa kalo beli beras 100rb mati rakyat,-,0,Negatif,1,Marah,Mentan:Blunder
P!nk Unicorn °❀⋆.ೃ࿔*:･,Muak bgt muak🥰,-,0,Negatif,1,Marah,Mentan:Mahal
millaty Fauziyah,"Kalo ngomong anggota dpr ga mau dibandingin sama rakyat jelata,,, nah ini yg katanya rakyat jelata dibandingin sama jepang yg udah lebih makmur dari rakyatnya 😒",-,0,Negatif,1,Marah,Mentan:Blunder
DIKAA,"dan Jepang gk ada tikus""berdasi di banding kn Indonesia",-,0,Negatif,5,Sarkas,Jepang:Keren
fir 🍒,WKWK LAWAKKK 😭,-,0,Positif,5,Senang,WKWK LAWAKKK:Bahagia
Eva Qurrotul,mau minta tambahan tunjangan beras apa gimane?,-,0,Negatif,2,Sarkas,Beras:Mahal
Saiful_fourty,Sik omong ora Gowo katok... soal e otak e nag ngisor,-,0,Negatif,5,Sarkas,Mentan:Blunder
ᎠƐហį. Ⱥ,"lucu bnget dia. dia pikir mikir indo negara maju. mau disama""in",-,0,Negatif,1,Sarkas,Mentan:Blunder
Eva Qurrotul,mabok dia mabok,-,0,Negatif,1,Sarkas,Mentan:Blunder
surih,bisa nya sma kn 🇯🇵😂 gaji nya rakyat 🇮🇩kecil masi d bawa rata rata.. dan masi byk yg gangur.. dgr mentan .. masi byk yg gangur✅,-,0,Negatif,1,Marah,Gaji:Kecil
no name,your eyes ya pak gaji bulanan di jepang berapa tunjangan dan kesejahteraan di jepang juga dijaga pemerintah,-,0,Negatif,2,Sarkas,Gaji:Beda
Humanbeing,"stop deh bandingin sama negara-negara yg bahkan lebih maju dari kita, bandingkan yg apple to apple.",-,0,Negatif,2,Sarkas,Banding:AppleToApple
Lidiia MinElf,"otaknya dimana sihh umr 2,5 juta di bandingin sama 20juta 😭",-,0,Negatif,1,Sarkas,UMR:Mengkhawatirkan
ZonaFYP,ini otaknya di pakai mikir atau di biarin buat pajangan ya?serius nanya,-,0,Negatif,5,Sarkas,Mentan:Blunder
caith BA Liquid,beli rokok yang harganya mahal sanggup giliran beli beras yang harganya naik dikit langsung serasa mau mati,-,0,Negatif,1,Marah,Mentan:BedaHarga
synaaaaaaaaaaaaaaaaaaaaa,kepada apa ? 🗿,-,0,Negatif,1,Sarkas,Mentan:Blunder
Kak RN,Mensejahterakan petani bukan cara menaikan harga berasnya tp turunkan harga pupuk dan suplay kebutuhan pupuknya petani..mentri kok dungu,-,0,Negatif,1,Marah,Mentan:Dungu
candyloveeey,emang goblokkkkk,-,0,Negatif,1,Sarkas,Beras:Mahal
ini puji,"petani JUGA pekerjaan. jadi plis pikirin juga nasib petani. harga gabah yang 6500 itu bisa dibilang belum nutup modal, apa lagi kalo cuma 4ribu ya allah ya robi. kita nunggu uang bisa 3bulan 4bulan. mikirin caranya gimna uang bisa cukup sampek panen selanjutnya. SEKALI LAGI PIKIRIN NASIB PETANI.",-,0,Negatif,2,Sedih,Nasib Petani:Kesulitan
gtwspaa,di jepang cari pekerjaan ga langka bang😂 sedangkan di indo langka nyoo😂,-,0,Negatif,2,Sarkas,Jepang:LebihBisa
babyygirllll,hedeuh gblok bgt,-,0,Negatif,2,Sarkas,Beras:Mahal
Hallo princes ♎,yooo semua garaaa gara korupsinya meraja lelah,-,0,Negatif,1,Sarkas,Mentan:Korupsi
markcholate,"pak minimal gaji nya 30jt 🗿 biar petani sejahtera, konsumen juga bisa menikmati.",-,0,Positif,5,Senang,Gaji:Kurang
black,samain noh upah Jepang sama negara kita.baru bilang bgtu,-,0,Negatif,2,Marah,Beras:Mahal
rzl__,gaji di Jepang 10x lipat nya indo,-,0,Negatif,2,Sarkas,Gaji:Kecil
gatot kaca,orang ini gak ada kaca apa,-,0,Negatif,5,Sarkas,Orang ini:Gak Ada Kaca Apa
VEN . LI,jepang negara maju pak.. kita indonesia apa 😏,-,0,Negatif,2,Sarkas,Jepang:Kecil
pantspedia,gaji di jepang itu di bayar perjam 100.000 di Indonesia brp?,-,0,Negatif,2,Sarkas,Gaji:Beda
ka ka likha,pak menteri juga ingin petani sejahtera..obat pupuk apa2 mahal,-,0,Negatif,2,Sarkas,Pak Menteri:Blunder
Midaaaa,pakk serius nih bapak bandingin Indonesia dengan Jepang 😭😭,-,0,Negatif,2,Marah,Beras:Mahal
slllrn,otaknya?,-,0,Negatif,5,Marah,Mentan:Blunder
surih,bu titi,-,0,Negatif,2,Marah,Beras:Mahal
svrlns,Jepang ya toollll,-,0,Negatif,2,Sarkas,Jepang:Sarkas
🆁🅸🆉🅺🆈,uteke ra digae.. pendapatan wong indo piro ndeng😫,-,0,Negatif,1,Kecewa,Beras:Mahal
ada apa kakanda,,-,0,Negatif,2,Marah,Harga:Beras:Mahal
ekairyanto621,"jepang negara makmur pak, udah sejahtera rakyatnya.",-,0,Negatif,2,Sarkas,Jepang:Mahal
RinduEmak_90,"Dia ngomong tanpa mikir dulu, njirrrrr",-,0,Negatif,2,Sarkas,Mentan:Blunder
anggunytsa,Tll amatsi wkwk gapunya otak,-,0,Negatif,1,Sarkas,Mentan:Blunder
TiungNindy,Pendapatan kita berapaaaaaaaaaaaaaaaaaaaaaaaaaaa,-,0,Negatif,2,Sarkas,Pendapatan:Beda
Zilu,Ya bedalahhhhhh lu samain sama Jepang,-,0,Negatif,2,Sarkas,Aspek:Beras:Mahal
Primadona Cyber,harga 100rb boleh tapi khusus untuk penjabat ajh ga sih,-,0,Negatif,2,Sarkas,Penjabat:Mahal
miesoe masge,"g kbyang pola pkirny gmn k dsmain sm Jepang,, parahh",-,0,Negatif,1,Marah,Mentan:Blunder
rumygrey,tiap hariii adaaaaaa ajaaaaa omongannya yg bikin murka tuh,-,0,Negatif,1,Sarkas,Omongannya:BikinMurka
aelism,ettt dah,-,0,Negatif,2,Sarkas,Beras:Mahal
sase,lu ngomong apa si pakkk,-,0,Negatif,2,Sarkas,Mentan:Blunder
IWALY,"GA APPLE TO APPLE LAH ANJIR NYAMAIN JEPANG, KOSYAK INI",-,0,Negatif,5,Sarkas,Jepang:NotAppleToApple
agung,"bukan petani yg sejahtera,biar korupnya makin gede...petani mh dri dulu segitu² aja dapetnya,BTW ortu gua petani jdi tau hasilnya,segala alesan biar petani sejahtera",-,0,Negatif,1,Sarkas,Petani:Kesalahan
keyyoo0w,coba berpikir secara logika 😇,-,0,Negatif,2,Marah,Beras:Mahal
N🌷,"100kg punn tpi liat jg gajinyaa gmnaa seimbanggg cokk harga bahan"" mahal tpi hasil kerjnya jg tinggi",-,0,Negatif,2,Sarkas,Harga:Beras:Mahal
Na Yuta,"GAJIII JEPANG JUGA KLO DI RUPIAHIN 20jt PAAKKK, itu jg baru pokok nya belum tunjangan2 yg lain kaya lembur dll. Mau Bandingin tp ga Apple to Apple aahhhh",-,0,Negatif,5,Sarkas,Jepang:TidakAppleToApple
Kak Nopi,kurasa org2 pemerintahan yg pinter cmn dikit. sisanya yg penting ngomong,-,0,Negatif,1,Sarkas,Pemerintahan:Blunder
G17_rrrwawww🦁,cocoteeeeeee😏😏,-,0,Negatif,1,Sarkas,Beras:Mahal
mitra_ayu,"paakkkk..jepang 100rb/kg tp gajinya brapa pak per bulannya? laaahhh...kita gaji aja UMR, bahkan ada banyak yang 750rb/bln bahkan lebih dikit. kok ya dibandingkan sama jepang? yang bener aja pak? beras naik diharga 16rb/kg aja kita ngos²an pak, daging mahal, semua bahan pangan mahal. pengen anak² bangsa cerdas gimana kalau asupannya aja kita ngos²an. jangan lah bandingin sama dompetnya bapak dan kawan² bapak. coba bener² turun ke rakyat, gaji UMR 4-5jt belum tanggungan yang lain². coba tanya rakyat gimana? jadilah wakil rakyat yang amanah pak, janganlah jadi wakil rakyat yang mewakili nikmatnya aja. coba deh bapak bulanannya 4jt/bln, tanpa punya rumah dan anak 4. belum buat kontrak, sekolah dan kebutuhan lain. biar tau pak gimana rakyat yang jelata ini rasain",-,0,Negatif,5,Marah,Mentan:Blunder
yon_asril,terkadang pemikiran trllu tinggi membuatmu petaka bro,-,0,Negatif,1,Sarkas,Pemikiran:Mengganggu
candeelice,Ih rada sengklek,-,0,Negatif,2,Sarkas,Beras:Mahal
Yuni,apa apan dibandingkan dengan jepang 😂😂,-,0,Negatif,2,Sarkas,Jepang:Beda
rvndhyy,makek ni org,-,0,Negatif,2,Sarkas,Mentan:Blunder
ARIES ♈️,waras pak,-,0,Negatif,2,Sarkas,Mentan:Blunder
icel♎️,ya Allah DPR kok modelane ngene kabeh seh😭 sedih banget😭😭,-,0,Negatif,2,Sedih,DPR:Blunder
clynophile0605,Di SAMAAIN sama Jepang on ol😭😭😭😭😭,-,0,Negatif,1,Sarkas,Mentan:Blunder
Ardiel Gunawan,Tong kosong nyaring bunyi nya,-,0,Negatif,2,Sarkas,Beras:Mahal
🅰️ndii,Bakayaro,-,0,Negatif,1,Sarkas,Beras:Mahal
Azhura,gaji negara jepang mah puluhan juta lah disini gajih cuma 2 juta🗿,-,0,Negatif,5,Marah,Gaji:Kecil
WIRA.HONDA.AHMADYANI,"ngomong opo pakkkk, isin isinn",-,0,Negatif,2,Sarkas,Mentan:Blunder
bram🔹,penduduk jepang sama Indonesia mana yg byak,-,0,Negatif,2,Sarkas,Jepang:Beda
alia shopping,"GAJI MNKNYA NAEKIN, JANGAN KEBANYAKAN POTONGAN ANJ... GUE IRT PUSING NGATUR UANG PAS PASAN!!!!!!",-,0,Negatif,1,Marah,Gaji:Kecil
Kozuki Oden,"ini satu ajj yang cuman bisa gongng,kok di sama negara maju yang umr beda jauh bgaikan langit dan bumi",-,0,Negatif,1,Marah,Mentan:Blunder
Bintang Bola ⚽️,dia dari planet mana woy,-,0,Negatif,2,Sarkas,Mentan:Blunder
Mama of two 𐙚,Ya allah duso gak yo misuhi dpr,-,0,Negatif,2,Sarkas,Mentan:Blunder
sofa🍀,"gimna cerita nya di samain sama jepang , beda atuh bapak huhhh",-,0,Negatif,2,Sarkas,Mentan:Blunder
Yoorin,@Bangbanghit.ent stresss kayak ngide bgt ngebandingin ama jepang anjir,-,0,Negatif,1,Marah,Mentan:Blunder
mboh,pejabat² kenapa goblok2 bnget si anj,-,0,Negatif,1,Sarkas,Pejabat:Goblok
gatausiapa,dongo bgt anj,-,0,Negatif,2,Sarkas,Beras:Mahal
Ghaghi0102,tdk ribut jki kta pak krn kta yg punyaa berasss2 indonesiaa😂😂😂,-,0,Positif,5,Senang,Beras:Murah
ela,di jepang gajiya 3juta perhari pa jangan di samai pa gimana sih indonesia perbulan 3juta aduh bapak,-,0,Negatif,1,Marah,Gaji:Kecil
Salvy살퓌✨,"ya karna gaji di sana juga sepadan , hla Indonesia?",-,0,Negatif,2,Sarkas,Gaji:Kecil
pantspedia,menteri gob blok ga punya o tak,-,0,Negatif,5,Sarkas,Mentan:Blunder
🍃,ehhh malah di samain harganya sama jepang😭 gajinya aja udah beda pakk 😒,-,0,Negatif,2,Marah,Harga:BerasMahal
yazua’c,"di jepang naik harga beras tp pajak di kurangi, dan income jpng masih bisa nabung 2 bulan z bisa beli iphone, di indo klo mu beli iphone nabung brp taun dulu pa,? Ngaco bandingkan sm negara 🇯🇵,,, klo mu bandingkan liat dulu gajinya,,,dan liat pejabatnya dulu, disini pejabat yg ketauan korupsi mundur karna malu,,, di indo masih ketawa2 g jelas wlpun lagi pake rompi oren, miris",-,0,Negatif,5,Sarkas,Jepang:TidakAppleToApple
Bahrul kun,Umrnya beda pinterrr🗿,-,0,Negatif,2,Sarkas,UMR:Misal
agung,"ni mentri² yg kegini yg nyusahin rakyat doang,gabisa bedain mana negara maju,mana bukan...jadi menteri jalur ordal ya ke gini jadinya",-,0,Negatif,1,Marah,Mentan:Blunder
YM19,pak Mentri ko sekarang begini ya,-,0,Negatif,1,Sarkas,Pak Mentri ko:Blunder
어ㅣ디,goblokkkk jepang gaji 20 juta ....,-,0,Negatif,2,Sarkas,Gaji:Kecil
Risky12,dongo,-,0,Negatif,1,Marah,Mentan:Blunder
taa_,masalahnya harga beras naik tapi gaji karyawan nggk naik2 pakk gimana tuhhh??,-,0,Negatif,2,Marah,Gaji:Berkurang
NengDiannnn,emang penghasilan INDONESIA BERAPA SI 😏SEGALA BANDINGIN AMA NEGARA MAJU *JEPANG*.. KALO BERAS 100RB PerKG ELU YA YANG BELIIN BERAS BUAT RAKYAT. LOL DI PIARA LU,-,0,Negatif,5,Sarkas,Beras:Mahal
Fell,disamain sama Jepang lol,-,0,Negatif,2,Sarkas,Jepang:Disamain
piya,maksud lu apa ege? jepang mah gaji nya tinggi 😂,-,0,Positif,5,Senang,Gaji:Besar
𝕊𝕪 𝕎𝕚𝕓𝕣𝕒𝕥𝕒,pak jaga mulut.... yang benar,-,0,Negatif,1,Marah,Mentan:Blunder
mang oge,negara maju japan,-,0,Negatif,1,Sarkas,Jepang:NotComparable
givemefive,oon,-,0,Negatif,2,Marah,Harga:Beras:Mahal
wuri h,gob,-,0,Negatif,2,Marah,Harga:Beras:Mahal
Syashopie$,Gajinya cok bedainnnn lah,-,0,Negatif,2,Sarkas,Gajinya:CokBedainnnnLah
Tiyas Dwi,"ngene lo pak,,, 100.000 bagi Jepang ki ibarat 1000 bagi indo,,",-,0,Negatif,1,Sarkas,UMR Indonesia:BedaDenganJepang
Fitry Ali Zuhdi,"""naik sedikit ribut,"" paaakkk,..! GAJI KITA SM MEREKA AJA JAUH BERBEDA PAAAKKK,..!! jd pejabat tu SMART dikit kek,!",-,0,Negatif,1,Marah,Gaji:Kecil
Tiaa🌷,Jepang gaji sebulan 20 jt Indonesia baru 2 jt🫣,-,0,Negatif,1,Marah,Gaji:Beda
yudinskuy,yauda kalo betul diem mending diem,-,0,Negatif,2,Sarkas,Beras:Mahal
6thsummerst,UMR LU BRAPA ANYING BANDINGIN AMA JEPANG,-,0,Negatif,1,Marah,UMR:Mahal
meylijayantii,gblkk,-,0,Negatif,2,Marah,Harga:BerasMahal
Jeon Jungkook🐰,dia bilang gitu pake o**k gasih?,-,0,Negatif,5,Sarkas,Mentan:Sarkas
ilfansj,"Di samain sm jepang mulu, kyk gaji udah sm kyk jepang aja 😅",-,0,Negatif,2,Sarkas,Mentan:Blunder
Letoy_969,"guru bukan beban negara, beban negara itu DPR",-,0,Negatif,5,Sarkas,DPR:Beban
AnisaAishwa2721,bagi kou yang mampu. yang gak mampu mati kelaparan. memikirkan negara orang negara kita di bnrin dulu baru di liat negara orang 🥱😤,-,0,Negatif,1,Marah,Mentan:Blunder
omba•ngaoo,ayook demoo kebalikan harga jaman pak harto,-,0,Negatif,2,Sarkas,Harga:BedaDenganJepang
Cyn🍒,serius di banding²in sama negara lain,-,0,Negatif,1,Marah,Mentan:Blunder
mhdita,mentri tertol*l😏,-,0,Negatif,1,Sarkas,Mentan:Tertolol
an,bisa ga bikin kualitas berasnya sebagus beras jepang? beras premium dikit aja dah di oplos,-,0,Negatif,2,Sarkas,Beras:Mahal
Sintaaa,TAKBIRRR,-,0,Negatif,1,Sarkas,Mentan:Blunder
บรรณพิทย์,"LO NGEBANDINGIN KURS NYA SALAH ANJ, LO PIKIR DUIT INDO KURS NYA GEDE😭😭😭",-,0,Negatif,5,Sarkas,Kurs:Beda
'Z',bu titik ngomong langsung ciut😆,-,0,Negatif,5,Sarkas,Mentan:Blunder
Ayay,Ini ga apple to apple bambangggg,-,0,Negatif,5,Sarkas,Jepang:TidakAppleToApple
rizal,pak jepang keuangan stabil sedangkan indonesia rakyatnya masih kebingungan menjadi kerja,-,0,Negatif,1,Marah,Mentan:Blunder
mas_Jawa1992,pejabat2 ngomongnya kasar..jd jangan salahkan kalo rakyat kritik juga kasar !,-,0,Negatif,2,Sarkas,Pejabat:Kasar
Nurmah,UMR jepang setara gaji dewan. bukan setara dengan rakyat jelantaah,-,0,Negatif,2,Sarkas,UMR:Kecil
Varyani,Astaga dmna letak kepintarannya 😳,-,0,Negatif,1,Sarkas,Kepintarannya:Beda
Zu.ri,Otak ada g,-,0,Negatif,2,Sarkas,Beras:Mahal
mwlnaa_0,sekumpulan anjing,-,0,Negatif,1,Sarkas,Mentan:Blunder
skr🐾,loff bu titiek,-,0,Negatif,2,Sarkas,Beras:Mahal
Adiva05,aduh...bubarin aj ni lah udah..mkin Saket otak yg disono tuh😳,-,0,Negatif,1,Marah,Mentan:BedaHarga
KodokKayang,UMR NYAA NAIKIN KAYA JEPANG PAK,-,0,Negatif,5,Marah,UMR:BedaDenganJepang
Doni&Novi🍭,beras 100 /PG pa gajih saya aja 1500😅,-,0,Negatif,2,Sarkas,Beras:Mahal
shuezyu,umr jepang brp anyingg??? bsbsnya dibandingin sm indo,-,0,Negatif,1,Marah,UMR Indonesia:Mahal
￶￶.,Jepang gk ada yang korupsi pak,-,0,Positif,5,Senang,Jepang:Good
lordkarbiter_,"Logic pejabat sini tuh, harga2 barang pengen disamain sama negara maju tapi ga peduli gaji rakyatnya sama kayak negara terbelakang",-,0,Negatif,1,Marah,Mentan:Blunder
nuriyati,Kami gak papa beras naik asal gaji bapak gk naik,-,0,Negatif,2,Sarkas,Gaji:BukanMasalahBeras
andiii,"beda atuh anying jepang jepang indo indo, pendapatan na ge beda jauh, ganti ku @yuliga2804 gra",-,0,Negatif,1,Sarkas,Pendapatan:BedanyaJauh
MejikuhibineedYou,DPR TER NAJIS,-,0,Negatif,1,Marah,Mentan:Blunder
VJ Ryanz,kacau banget nih orang😂,-,0,Negatif,2,Sarkas,Beras:Mahal
elangh,nih ya pak simpelnya aja nih saya mah ini ekonomi masyarakat jepang 📈 ini ekonomi masyarakat Konoha 📉,-,0,Negatif,2,Sarkas,Aspek:Economisasi
khrn.ns17,"Jepang gada pak yg tinggal dikolong jembatan,gada rumah nya dri triplek tambal",-,0,Negatif,5,Sarkas,Jepang:KomentarTidakLogis
Tina Majid,kalo gaji kami sama kayak bapak gakpp 1kg 100ribu,-,0,Negatif,5,Marah,Gaji:Kecil
Duyung🧜🏻‍♀️🧜🏻‍♀️🧜🏻‍♀️,"Gaji juga harus dinaikan pak,.gaji dpt lebih besar dr pada gaji nakes",-,0,Negatif,2,Sarkas,Gaji:Kecil
༻𝓓𝓥 ༺,minimal punya otak anjir gaji perhari ga smpe 100rb dongoo,-,0,Negatif,5,Marah,Gaji:Kecil
Macha,"Heeh goblok penghasilan perbulan nya berapa geblek, umr di indonesia 17jt perbulan rakyat gabaakal berisik",-,0,Negatif,5,Marah,UMR Indonesia:BedaDenganJepang
mine🦠,ampun Bubar aha dpr,-,0,Negatif,2,Sarkas,Beras:Mahal
Kh||HRWorkingGirl,YA KARENA LU DAPETT UANG TUNJANGAN BERAS 😤,-,0,Negatif,2,Sarkas,Beras:Mahal
Yohanes Joko,Tololll ni mentri....,-,0,Negatif,1,Sarkas,Mentan:Blunder
pipitee,"gajih disanaa besar woii ,enak bgt anda ngmgnya",-,0,Positif,5,Senang,Gajih:Besar
Inti Kean,jooss jawaban ibunyaa..,-,0,Negatif,2,Sarkas,Mentan:Blunder
Mbak firoh,gak mikir rakyat kecil ni orang.. Jepang negara maju woyyy,-,0,Negatif,2,Marah,Mentan:Blunder
s,DISAMAIN KOK SM JEPANG GOOO BEGOOO,-,0,Negatif,5,Sarkas,Jepang:Blunder
kuding91,koplok cungur paya bitu,-,0,Negatif,1,Sarkas,Beras:Mahal
@ zainuri 722,"jepang dan Indonesia sangat beda jauh KLO dijepang negaranya maju sedangkan di Indonesia banyak pejabat""yg korup hanya mementingkan diri sendiri",-,0,Negatif,1,Marah,Mentan:Blunder
akuranii,"pak coba lapangan kerja nya juga buka sebanyak kayak di jepang pak, jangan ngomong doang, kenapa gak ribut kami soal kenaikan beras gaji umr umk aja itu sebenarnya belum bisa untuk kehidupan yg layak di zaman sekarang hadehhhh",-,0,Negatif,1,Marah,Gaji:Berkurang
anmelyaa,gaji ga sebesar kaya d jepang tp harga mau d samain😳,-,0,Negatif,2,Sarkas,Gaji:BedaDenganJepang
a°❀⋆.ೃ࿔*:･,yee menurut lu aje pakk,-,0,Negatif,2,Sarkas,Mentan:Blunder
FauziFatr,KOCAK‼️,-,0,Negatif,1,Marah,Mentan:Blunder
hggaming2000,koyok ngene jadi mentri? koiso ikuloo😳.,-,0,Negatif,2,Sarkas,Mentan:Blunder
mellove,beg0,-,0,Negatif,1,Marah,Mentan:BedaHarga
KALAMALAM,kok bnyak orng2 oon di sono ya,-,0,Negatif,1,Sarkas,Mentan:Blunder
brandsyy,JANGAN BANDINGIN SAMA JEPANG YANG NEGARANYA UDAH MAJU 1000LANGKAH DARI INDO!!,-,0,Negatif,5,Marah,Jepang:BedaDenganIndo
pcrjenoo,halah on ol nyaa,-,0,Negatif,2,Sarkas,Beras:Mahal
hadiqstore,ini mentri😏😏😏,-,0,Negatif,2,Sarkas,Mentan:Blunder
fajar,Bapak lucu😂,-,0,Netral,5,Sarkas,Bapak:Lucu
Saragih,boleh dong rakyak indonesia minta hukuman bagi koruptor seperti di KOREA UTARA 😛,-,0,Negatif,2,Sarkas,Koruptor:Mentan
Rafi Pratama,otak angota DPR di mn di samain jepang,-,0,Negatif,1,Sarkas,Otak Anggota DPR di Mn di Samain Jepang:Blunder
bulus jantan,"krus mata uang nya aja udah beda lulusan apa anda itu kok lebih pintar yang lulusan sd pak""",-,0,Negatif,1,Sarkas,Mentan:Blunder
dilan storeee,Yo Kono pak manggono neng jepang,-,0,Negatif,2,Sarkas,Mentan:Sarkas
HS. MOTOR12,"pak di jepang kerja di pabrik GK hrs pake ijasah S1 pak,KLO disini",-,0,Negatif,1,Sarkas,Jepang:Beda
ahyar__,ya Allah,-,0,Negatif,2,Marah,Beras:Mahal
WR 🐍,cangkemu tutupi pake karung beras😡,-,0,Negatif,2,Sarkas,Beras:Mahal
triscawr,Kocak ini yg ga sekolah siapa sihhh😫,-,0,Negatif,2,Sarkas,Mentan:Blunder
hy.pikss81,Klau di jepang perintahnya malu untuk korupsi,-,0,Negatif,1,Sarkas,Jepang:Kritik
Mpi🤖,Lol bgt,-,0,Negatif,2,Sarkas,Beras:Mahal
Milley,"Ilmu dia sama kek org Jepang ga , paok paok sd ga si dia",-,0,Negatif,1,Sarkas,Ilmu:MentanBlunder
kanelop,"yg harus lu Brantas itu mafia berasnya, kadang hasil panen di beli murah tapi sampe pasar harga tinggi, gk bakal di Brantas orang yang main harga orang2 pemerintahan juga",-,0,Negatif,1,Marah,Beras:Mahal
𝓡𝔂𝓥𝓲,Tolilll dijepang gaji kita brpa😂😂kocakk,-,0,Negatif,2,Sarkas,Gaji:Kecil
siluman macan kumbanh,hadeh Jepang pajak aman g naik² naik trus kaya indo Jepang pemerintahannya anti korupsi g kaya indo korupsi milyaran sampe triliunan cuma di penjara 5tahun denda 100m,-,0,Negatif,2,Marah,Pajak:Beda
eCil1iYa02,coba jadi rakyat gaji 3jt sebulan mau gak......pak,-,0,Negatif,1,Marah,Gaji:Kecil
Trio Puncak Store,Hidup Cuma Sekali Malah Jadi WNI 😭,-,0,Negatif,2,Sedih,Beras:Mahal
17.10,beras di jepang 100 rb/kg karna gaji nya juga bukan 3 jt an pa😭,-,0,Negatif,2,Sarkas,Gaji:Kecil
𝖂𝖆𝖓ちゃん🦄,"sesuai anjay, disini gaji tinggi",-,0,Positif,5,Senang,Gaji:Tinggi
asdfghjkl12345_07,"kocak, kualiats berasnya aja beda🤣",-,0,Positif,5,Senang,Kocak:Beras
Rina,jepang gaji perbulannya gede bos mafia DPR Donggo,-,0,Negatif,1,Sarkas,Gaji:Kecil
BOAL 🐾,"jepang bukan umr gajinya .. org hamil aja di kasih fasilitas , .. boro di konoha capek deh...",-,0,Negatif,1,Marah,Jepang:BedaGaji
😁,ini orang kok bisa ya jadi Mentri🥺 negri apa ini ya Allah,-,0,Negatif,2,Sarkas,Mentan:Blunder
C a r o l i n a 🌼,lah lu bandingin diri lu sama Jepang ?? ya beda lah langit bumi🤣,-,0,Positif,5,Senang,Bandingan:Netral
Oliv,Malahh di samain sma jepang anjayyyy umrnya aja beda jauh,-,0,Negatif,2,Marah,Beras:Mahal
sagitarius girl♐,pengen banget ngomong kotor depan muka dia🙏😓,-,0,Negatif,2,Sarkas,Mentan:Blunder
FaiZal Pake Z,Orang bodoh begitu ko bisa bisanya jadi mentri yah😂,-,0,Negatif,1,Sarkas,Mentan:Bodoh
thya💋,penghasilan di jepang sama di indo beda pak JD wjr KLO naik dikit ribut gimana sieh jgn suka banding2in sama negara luar pak,-,0,Negatif,2,Sarkas,Banding:Kritik
𝕣𝕚𝕗𝕢𝕚𝕖𝕖𝕖𝕖𝕖𝕖,Emng otaknya rada”,-,0,Negatif,2,Sarkas,Otak:Bodoh
Kokolooud,LOL,-,0,Negatif,2,Sarkas,Beras:Mahal
Pahot Parhusip,dungu,-,0,Negatif,1,Marah,Mentan:Blunder
Kokolooud,Blog,-,0,Negatif,1,Marah,Mentan:Blunder
heyyfinn,kok bisa org kek gini jadi dpr,-,0,Negatif,5,Sarkas,Org kek gini:Blunder
アフィフ,Moso menteri ngmongnya goblok kyo ngene,-,0,Negatif,1,Sarkas,Mentan:Goblok
Yerdiansha Azahary,Gak apple to apple bandingin nya !! Di bandingin ma jepang .. astagaaaaaaa,-,0,Negatif,2,Sarkas,Jepang:TidakAppleToApple
.,"bisa ga si mentri² ga usah bandingin negara lain, negara lain mentrinya ga ada yang korupsi udh gtu gajinya gede"" dan pajaknya juga kecil, lah ini mentrinya korupsi terus, gaji kecil, pajak yang ga masuk akal apa rakyatnya ga sekarat",-,0,Negatif,1,Marah,Mentan:Korupsi
Random,yg dibandingan cuman harga berasnya doank.... wkwkwkwk,-,0,Positif,5,Senang,Beras:Mahal
heyyfinn,jangan disamain sm negara maju doclo jepang minim korupsi. beda sm negara Konoha sarang tikus semua,-,0,Negatif,1,Sarkas,Jepang:KurangAppleToApple
gegealterego,EEHHH KOCAAKKK OTAKNYA MANEE,-,0,Negatif,1,Sarkas,Mentan:Blunder
song association 🎶,"pa klo UMR kita di atas 15jt baru bisa di bandingin, gimana sih😭 ini mah UMR paling kecil aja 1,5 mau di bandingin sama 15jt perbulan😭😭😭",-,0,Negatif,1,Sedih,UMR:Beda
yosa.desta,negara mundur di samain sama negara maju,-,0,Negatif,2,Sarkas,Negara:Mundur
yogi puji lestari,"gereget nih lama2,",-,0,Negatif,2,Sarkas,Beras:Mahal
밀라🌸,di samain sama jepang🤣,-,0,Negatif,1,Sarkas,Jepang:Di Samain Sama
babiulov,Halooo pak hay hayyy gaji kami UMR,-,0,Positif,5,Senang,Gaji:DapatDiterima
AniSila99,gaji dijepang bahas juga pak,-,0,Positif,5,Senang,Gaji:DapatDiterima
september🍓,"pakkkkkkkkkk 100rb per kilo, gaji mereka 60jt perbulan, jangan kau bandingkan dengan 500rb perbulan",-,0,Negatif,1,Marah,Beras:Mahal
queen💋💌,"trs gmn pak yg gajinya g nyampe umr masa iya harga beras 100ribu per kilo, kl mau harga segitu semua pekerja standarnya 2 digitlah",-,0,Negatif,1,Marah,Gaji:Kecil
Siska05,UMK LU NAIKIN DULU 50JT / BULAN .. NAH NTAR BERAS MAU 1KG 100.000 GA MASALAH,-,0,Negatif,1,Marah,UMK:Mahal
jimingirls,goblok anjj,-,0,Negatif,1,Sarkas,Mentan:Blunder
f,dungu,-,0,Negatif,1,Marah,Mentan:Blunder
f.hannn,dongo,-,0,Negatif,1,Marah,Mentan:Blunder
Yra,seakan kiamat buat kami para rakyat kecil😭😭😭😭😭😭😭😭😭,-,0,Negatif,1,Sedih,Beras:Mahal
Dinoooo🦖,Gaji ga nambah2 tapi semuanya naek kan tolol,-,0,Negatif,2,Sarkas,Gaji:Kecil
strawberry13,guamah dah capek hadeh hadeh mulu klo liat berita ini😌,-,0,Negatif,5,Sarkas,Berita:Mengganggu
DeiraSky27,Kan itu negara maju pak.. lagian UMR kita berapa sih?,-,0,Negatif,2,Sarkas,UMR:Mundur
mamanya elsha,sebenernya mereka mau mempermudah hidup rakyat apa mempersulit hidup rakyat ya ?,-,0,Negatif,2,Sarkas,Mentan:Blunder
Swan Devy,"liat mata uangnya pakkkkkkkk..... us $ terhdp yen 146, 87 us $ terhdp rp 16. 231 kok di banding bandingke pak pak........🤣🤣🤣🤣🤣🤣🤣🤣🤣🤣🤣🤣🤣🤣🤣🤣🤣🤣🤣🤣🤣🤣🤣",-,0,Positif,5,Senang,Jepang:Logika
Dinoooo🦖,Dongoooooo,-,0,Negatif,1,Sarkas,Mentan:Blunder
April,klau gaji buruh di samakan di jepang gmn pak??,-,0,Negatif,5,Marah,Gaji:Berkurang
wan,ai sia mikir teu sih,-,0,Negatif,2,Sarkas,Beras:Mahal
Ptmh.Azz,bloon,-,0,Negatif,1,Marah,Mentan:Blunder
Amiraa shop,asli ini gue yang bener bener bego !!!😅,-,0,Negatif,1,Sarkas,Mentan:Bego
Neng Dewy🎀,Bodoh 😭,-,0,Negatif,1,Sarkas,Beras:Mahal
Bieee,dia ngk tahu gaji rata rata masyarakat Indonesia masih di bawah 2jt 🥲,-,0,Negatif,1,Marah,Gaji:Kecil
Syf,Blokgoblok,-,0,Negatif,1,Marah,Mentan:Blunder
hadehhaduh,ekonomi nya bagusan jepang atau indo? gitu aja,-,0,Negatif,2,Sarkas,Eonomi:Beda
isn't mine,blokgblok,-,0,Negatif,1,Marah,Mentan:Blunder
kuncoro.,ari sia sok tara mikir perbedaan harga jeng jepang,-,0,Negatif,1,Sarkas,Jepang:BedaHarga
MyDemon,"Yahh gaji jepang mah besar, harga beras sekilo 200rb aja mereka tetap bisa beli😭",-,0,Positif,5,Senang,Gaji:Besar
nova🌷,NGAPAIN DIBANDINGIN AMA JEPANG WOI BEDA JAUHHHHHHHHHHH 1/1000000000😭😭,-,0,Negatif,5,Marah,Jepang:BedaTerlaluBesar
ara,"beras jepang sama beras indo beda lol, jepang masyarakat nya di Ayomi negara nya pemerintahannya, Indonesia di jajah negaranya sendiri lupa ya anda",-,0,Negatif,5,Sarkas,Beras:Malah
ria✨,ini seriusan anggota DPR isi otaknya begini 😭,-,0,Negatif,1,Marah,Mentan:Blunder
Samuel Bryan,kwalitas pejabat di Indo 😅😅,-,0,Negatif,2,Sarkas,Pejabat:Kualitas
die,kenapa di samain sama negara lain lol,-,0,Negatif,2,Sarkas,Aspek:Beras:Mahal
️,"ntah padahal baru naik sedikit udah ribut,padahal di planet Pluto aja udah 3 miliar wah murah banget,aja biasa🗿",-,0,Positif,5,Senang,Beras:Murah
ell🐥,JANGAN SAMAKAN DGN JEPANG WOYY,-,0,Negatif,2,Sarkas,Jepang:Blunder
sidik widiiii •_•,di jepang menterinya pada waras,-,0,Positif,5,Senang,Jepang:Pintar
ozilzz,"mentri2 kelaparan merajalela,, otak2 pki mulutnya enteng bangets.",-,0,Negatif,1,Sarkas,Mentan:Blunder
dwi,"ingin ku berkata kasar 😩. UMR di jepang berapa? Indonesia banyak berasnya alias banyak para petani klo di jepang sedikit. coba anggota DPR gajinya UMR dulu deh! biar pada ngerasain ngatur duit UMR dan ga punya aset tuh gimana? ntar ada yg ngomong lagi, ""makannya usaha atau jualan""…!!!! semua itu butuh modal. gaji UMR bisa ga ngutang aja udah Alhamdulillah",-,0,Positif,5,Senang,Gaji:Kecil;Jepang:TidakAppleToApple
Acha El,heh jepang sama Indonesia udah jelas beda 😌 JEPANG coy mau disamain sama Indonesia lu liat dari segimana pun tetep beda jauh lagi 😌,-,0,Negatif,5,Sarkas,Jepang:Beda
waffa🧑‍🏭,UMR beda bosss,-,0,Negatif,2,Marah,UMR:Beda
mas ady aez,PAK2 DI FIKIR NGAPA.. KITA INI HIDUP DI NEGARA YG MNA PEMIMPINNYA BANYAK YANG KORUPSI,-,0,Negatif,1,Marah,Mentan:Blunder
Happymoon_16,Dorrrr!!! Muncul lagi katak dalam tempurung 😂,-,0,Negatif,2,Sarkas,Katak:Dorrrr!!!
janganrewel,Hadehhh orang otak udang kok bisa masuk dpr sih,-,0,Negatif,2,Sarkas,Mentan:Blunder
Maro Juntax,@Gibran Rakabuming @gerindra koq bisa jd Menteri ini org Boss ? di samain sama Jepang wkwkwk 🤣🤣🤣,-,0,Negatif,1,Sarkas,Mentan:Blunder
cybiluuuu,GOBLLLLLLLLL😭😭😭😭,-,0,Negatif,1,Marah,Mentan:Blunder
Hila Al Amin,ini bneran di samain SMA jepang 🤣🤣 TOLOL,-,0,Positif,5,Senang,Beras:Lucu
din_,ya gini aja berasnya 100ribu dijepang sebulan nya pun lebih dri umr sini kocakkk,-,0,Negatif,1,Marah,Beras:Mahal
🫀,disamain sama Jepang malahan kocak wkkw,-,0,Negatif,2,Sarkas,Jepang:Kocak
lololoe,on ol,-,0,Negatif,1,Marah,Mentan:Blunder
Tea n Tea,"woooh, pantas anggaran beras anggota dpr 12jt/bulan. ternyata ikut harga beras negara lain. pinter banget ngitung nya",-,0,Negatif,2,Sarkas,Mentan:Blunder
elfaris,bubar keun DPR,-,0,Negatif,5,Marah,Mentan:Blunder
Yuwidya Astari,Tontonannya Jepang ya Pak?,-,0,Negatif,2,Sarkas,Jepang:NotFair
피해자 2025,mentri kok goblok,-,0,Negatif,1,Sarkas,Mentan:Goblok
Taichan_,gaji buruh di Jepang berapa anj ya samain juga dong,-,0,Negatif,2,Sarkas,Gaji:Beda
Kartika Anggraini,Kmakkkk gak wee,-,0,Negatif,1,Sarkas,Beras:Mahal
putri🦁13,bawahan2nya ini loh sebenernya yg bermasalah 😩,-,0,Negatif,2,Sarkas,Bawahan:Mengeluh
bundaZe collection,"kocakkkkk, beda umr pak😡",-,0,Negatif,2,Marah,Beras:Mahal
Avn,kayanya dia ga makan nasi,-,0,Negatif,2,Sarkas,Mentan:Blunder
irianamita 💜,astaghfirullah.... dibandingkan dengan negara yg UMR nya sudah melangit ...,-,0,Negatif,2,Marah,Beras:Mahal
Ibu'e Alea,"yo ribut to paakkkk pakkk orang semua2 naik tapi gaji masyarakat ga naik cari kerja susah yg susah ga dibantu malah tambah susah, iki konsepe piye?",-,0,Negatif,1,Sarkas,Gaji:Kecil
Nila,"ya sesuai sama gaji pak,ga liat apa gaji di Indonesia itu berapa?? heran klo gaji di Indonesia sama kek di jepang harga beras naik juga ya gapp",-,0,Positif,4,Senang,Gaji:Kecil
Hena Anggraeni,yeuh pak gaji saya guru honorer aja 300 rebu sebulan kudu beli beras sakilo na 100 rebu. mati perlahan,-,0,Negatif,1,Marah,Gaji:Berkurang
fin.a⋆. 𐙚 ˚,"BEDAIN UMR JEPANG SAMA INDO YAAAA ANJ, LOL BGTT IH😭",-,0,Negatif,5,Marah,UMR Jepang:Beda Dengan UMR Indonesia
VII🪻,eee pak kurs uang jepang dan Indo beda oooyyy,-,0,Negatif,2,Sarkas,UMR Indonesia:Beda
cyn,PAKKKK YA ALLAH PAKKK,-,0,Negatif,1,Sarkas,Mentan:Blunder
fajar30,kinerja kalian kayak Jepang?,-,0,Negatif,1,Sarkas,Kinerja kalian:Blunder
U_V125,"Gaji paling kecil,mata uang berapa, cari perbandingan harga paling tinggi, emang pejabat sekarang ya!!! Klu mau mikirin kemakmuran masyarakat negara harus beli mahal hasil dr petani,tapi ini sebaliknya",-,0,Negatif,2,Marah,Gaji:Kecil
PP IDUL ADHA,gini ajah samain ajah gaji DPR dengan guru honorer meh karasa kmha nikmatnya hidup ...🤣😂,-,0,Negatif,2,Sarkas,Gaji:Beda
Ciiboll,"pak lo minta buat beras, yg lain kerja keras untuk bisa beli beras",-,0,Positif,5,Senang,Beras:Murah
Cilpi 🍒,"Kok iso2ne di pada no ambek jepang ilo 😂 ayo pak tangio pak, ojok nglindur ae kah",-,0,Negatif,5,Sarkas,Mentan:Blunder
morning_person,pakkk gaji buruh di jepang berapa pakkkkkkkk,-,0,Positif,5,Senang,Gaji:Besar
Siti khomariah,"Disamain sama Jepang yg gaji nya puluhan juta ,kocak",-,0,Negatif,1,Sarkas,Gaji:Kecil
sdr,"kalo mau jadi kaya jepang, gaji rakyat juga harus tinggi lah goblok",-,0,Negatif,5,Sarkas,Gaji:Kecil
MAOU,negoro ko ngene kok di banding-bandingke 🎵🤣,-,0,Positif,5,Senang,Banding-Banding:Netral
wallwoof,Tololnya😭🤣,-,0,Negatif,5,Sarkas,Mentan:Blunder
moer3008,"asal jeplak KL ngomong ,, sekolah g sich ni orang",-,0,Negatif,5,Sarkas,Mentan:Blunder
duniatiwaaa,ya udh UMR nya ikutin Jepang sok gera moal rariweh di jamin😂😂😂,-,0,Negatif,5,Sarkas,UMR:BedaDenganJepang
firazakir0,ingin ku berkata kasar 🤧🤧,-,0,Negatif,2,Marah,Mentan:Blunder
💃🐣miiiiuu,INII DPR MACAM APA KOPLAK BET OTAKNYA,-,0,Negatif,5,Sarkas,DPR:Ketidaksetujuan
RIZAL YP,100rb perkilo karena umr nya tinggi jugaa minimal 20jt.. lahh kita yg umr paling tinggi 4jt mau di samain kek jepang!!!,-,0,Negatif,1,Marah,UMR:Beda
hellow✨✨,"kl mw bandingin jngn cma berasnya anj.. dy beras harga sgitu pendapatannya sbln puluhan juta,lha rakyat indo aja gajinya masih bnyk yg d bwh umr d bandingin sma jepang,lawak bngt😂😂",-,0,Negatif,5,Marah,Beras:Mahal
𝐆𝟕 irfannn,"gmn mau protes,gajinya aja dikit dpr gmn si mendnng lu jadi ojol aja gmn tuh",-,0,Negatif,1,Sarkas,Gaji:Kecil; Mentan:Blunder
Delfood,"Bisa sih income-nya sama dengan Jepang kalau SDA benar benar dikelola jauh dari korupsi, tapiii... yah sudahlah",-,0,Negatif,2,Sarkas,SDA:Korupsi
andaihere,emang paling cerdas ngambil contohh pemerintah kita ini. 🥰🤏🏻,-,0,Negatif,5,Sarkas,Pemerintah:Blunder
Samhori Turbaco🧞,pak jangan samakan indonesia sama jepang itu negara maju nah kita korupsinya yang maju,-,0,Negatif,1,Marah,Mentan:Blunder
AZS,orang pintar tapi kepintaran jadinya LOLOT,-,0,Negatif,1,Sarkas,Mentan:Blunder
lareine(ФωФ),"kesimpulan bapak mentan : jadi mentri ga perlu pinter, yang penting ngomong 👍",-,0,Negatif,1,Sarkas,Mentan:Blunder
Guntur putra,anying,-,0,Negatif,1,Marah,Beras:Mahal
mamio.id,"btl sx pak , tp masa indo mau di samakan kyk jepang …… ya jangan to pak 😩😩😩😩😩",-,0,Negatif,1,Marah,Mentan:Blunder
Ramdan,harga beras di bandingkan dngn jepang tapi umr nya ga di bandingkan bpk😭😂,-,0,Negatif,2,Sarkas,UMR:Misleading
evisfya,lah di Jepang rata rata gajinya brapa pak? ngacanya ketinggian,-,0,Positif,5,Senang,Gaji:Kecil
ica pulang ada bakso,yah deodongeongo,-,0,Negatif,2,Sarkas,Beras:Mahal
nisaa,dongooo dongoo,-,0,Negatif,1,Marah,Mentan:Blunder
Ahmad Erdy Septian,Info UMK Jepang pak DPR😬,-,0,Negatif,1,Marah,Beras:Mahal
TtiSslwti,tau gak dia UMR jepang brp?,-,0,Negatif,1,Sarkas,UMR Jepang:Kegiatan
Nurulmakkiyah.A3,mau di samain UMR di jepang puluhan juta di Indonesia 3jtan itupun ada pajak😌,-,0,Negatif,5,Marah,UMR Indonesia:BedaDenganJepang
Hafshah°•,kocak .... 😭,-,0,Negatif,2,Sarkas,Beras:Mahal
R,otak nya gak di pake ne pas rapat,-,0,Negatif,2,Sarkas,Otak:Mengganggu
M Khairul Umam,itu kan pendapatannya beda dgn kita yg miskin,-,0,Negatif,1,Marah,Pendapatan:BedaDgnKitaYgMiskin
pendesahhandal,Nyontoh jepang jgn tanggung2 pak. Disana ktauan korupsi lgsung beda alam.,-,0,Negatif,1,Marah,Jepang:Kritik
Stay Hard,emangnya kualitasnya samaa pakkk,-,0,Negatif,5,Sarkas,Kualitas:Beda
Ekky DP,umr e koyo jepang 20 juta wani ra pak? 🙂,-,0,Positif,5,Senang,Jepang:KurangMahal
iwan motovlog,mending beras mahal biar para petani bisa balik modal hasil panen nya soal nya kaga seimbang antara modal dan hasil panen murah nya harga jual,-,0,Positif,4,Senang,Beras:MenguntungkanPetani
Yenii,coba kalo umr indonesia 35jt oke ga masalah,-,0,Positif,5,Senang,UMR Indonesia:BisaDibandingkan
sii anak tengah,"pak, naikin UMR tiap daerah biar bisa kebeli beras 100rb/kg petani pun sejahtera",-,0,Positif,5,Senang,UMR:BisaKebeliBeras100rb/kg
laksanawati,jngn dibandingkan dngn Jepang pak orang minta solusi biar gak naik paham,-,0,Negatif,2,Sarkas,Jepang:Beda
Wangdari,"Jepang ga pelit sama rakyat nyaaa.. semua mahal tp gaji nya mahaaallllllllllll bapaaakkkk, tunjangan untuk rakyat banyaaakkk, bhkan ibu hamil dan anak sekolah ajaa punya tunjangan sendiri yg dikasih negara.. Indonesia yg gede cuma pajak sama royalti, tanpa tunjangan apapun kecuali DPR yg tunjangan nya GEDE. PAHAAAMM G SIHH..",-,0,Negatif,5,Marah,Pajak dan Royalti:Bahaya
gaktau,"bro nyamain negara maju sama negara yang entah negara atau bukan😆 gaji tinggi di jepang ya karna mereka bertanggung jawab, di potong sama buat asuransi kesehatan dll jadi ada apa apa bisa di cover sama negara",-,0,Positif,4,Senang,Jepang:Kesadaran
Kikuk,beda penghasilan cuk,-,0,Negatif,1,Marah,Beras:Mahal
iisdewi,paaaak indonesia kaya akan hsl padi nya knp bs naik?hrs nya gmn caranya rskyat ttp dpt hrga terjangkau,-,0,Negatif,1,Marah,Mentan:Blunder
orbit planet mars,beras mahal tapi petani rata rata di bawah 😔,-,0,Negatif,2,Sedih,Beras:Mahal
sofayy,Beda penghasilan pa punten atuhh,-,0,Negatif,2,Sarkas,Penghasilan:Beda
ZAENZI.ID,berarti indo gajinya harus sama kaya jepang dong yakkk,-,0,Negatif,1,Sarkas,Gaji:Kecil
satria,jelas dpr bego 🤣🤣🤣,-,0,Negatif,2,Sarkas,Mentan:Bego
aarippp,STRESS KALI MALAH DISAMAIN SAMA NEGARA YG UDAH MELANGKAH JAUH KETIMBANG KONOHA YG BURIQ INI,-,0,Negatif,1,Sarkas,Mentan:Blunder
call me put,gaada 5 th bubar dah negara,-,0,Negatif,5,Sarkas,Mentan:Blunder
𝙁𝘼𝙉𝙎 𝘾𝙍𝙊𝙉𝙊,lulusan paud,-,0,Negatif,1,Marah,Mentan:Blunder
zkqpfh🍉,Menteri tol*l,-,0,Negatif,1,Sarkas,Mentan:Blunder
Cₐₕyₐ🦋,bisa².nya di bandingin sama jepang,-,0,Negatif,2,Sarkas,Beras:Mahal
gemoy92,anjj dongo bgt ni mentri😂,-,0,Negatif,2,Sarkas,Mentan:Sarkas
MAOU,negoro kok ngene kok di banding-bandingke 🎵,-,0,Negatif,2,Sarkas,Bandings:Blunder
sistersss_👯,percuma sih harga beras naik klo padi/beras dibeli oleh tengkulak bukan pemerintah,-,0,Negatif,2,Sarkas,Harga:BerasMahal
Zoƨƨƨƨƨ ⚡,"Di bandingkan dengan jepang , 🤯🤯🤯🤯🤯 gak habis pikir 🙏",-,0,Negatif,1,Marah,Jepang:Beda
miyau,halo pak jepang negara maju nah kita,-,0,Negatif,1,Sarkas,Jepang:Kecil
Jeryy,lama lama ku buat negara-negara ku sendiri,-,0,Negatif,2,Sarkas,Mentan:Blunder
edy keceng,"coba naikin 100 rb per kg klo lo samain sama luar ,mau lihat se-Indonesia kompak maju nurunin tahta kalian",-,0,Negatif,1,Marah,Mentan:Blunder
denokandini7,"Jepang aja gajinya berapa weyyy, kok bisa sih bandingin ama jepang😭",-,0,Negatif,1,Sarkas,Jepang:KokBisa
Vic Mushy,"Goublouk ! Pembodohan rakyat, jahat, nhajjhhiiss !!! Chhhuuiihhh !!!",-,0,Negatif,1,Marah,Pembodohan rakyat:Jahat
Shop ris,yaa gajinya juga beda anying,-,0,Negatif,2,Sarkas,Gaji:Beda
✿ tempat berteduhツ,kebanyakan nonton drakor hingga g bisa liat UMR indo & Jepang,-,0,Negatif,5,Marah,UMR Indo:BedaDenganJepang
lolibrapuella,"Mencoba berfikir baik dan positif. Mingkin ya mungkinnnn, niat si bapak baik menaikkan harga beras agar petani beras pendapatannya lebih tinggi. Tapi bener yg ibu bilang gak bisa dibanding dengam jepang.",-,0,Netral,3,Sedih,Harga:BedaDenganJepang
Rumah_necis🏡,Ga papa 100k per kg asalkan UMR kita 20-25jt😁,-,0,Positif,5,Senang,UMR:Besar
Maryammimom,pak prabowo pilih mentri berdasarkan apa sih pak? titipan?,-,0,Negatif,2,Sarkas,Mentan:Titipan
ssenippah,dia ni beneran mentan?,-,0,Negatif,2,Sarkas,Mentan:Blunder
afka,"wallahi wallahi , innalillahi ya allahhhhhhh . jpn gajih satu bulan setara gajih 1 tahun indo 😭",-,0,Negatif,1,Sedih,Jepang:BedaGaji
velowieeee,beliau sekolah?,-,0,Negatif,5,Sarkas,Mentan:Beliau Sekolah
astianjassari,di bandingkeun jeng jepang...hahhaa gaji indonesia sbrha jepang 30.000.000 indonesia 3 juta...hhhaaa,-,0,Negatif,1,Sarkas,Gaji:Kecil
Aku Hitam,100 ribu/kg tapi Gaji disana berapa ? Jangan disamakan jugaa menblokkk,-,0,Negatif,2,Sarkas,Gaji:Kecil
Y,"Jepang kau sama kan dengan konoha,,Astagaaa malu banget🫣kita kalah jauuuuuuuuuuuuuuuh pak",-,0,Negatif,1,Marah,Jepang:Kalah
Neng Wahyu 😺,min admin mentri nya kok di luar BUMG semua 🤧@gerindra,-,0,Negatif,2,Sarkas,Mentan:Blunder
Rachma♌,pak bangun pak ..,-,0,Negatif,2,Sarkas,Mentan:Blunder
@leshaShop,umr jepang di bandingkan dengan umr indonesia🤣,-,0,Negatif,5,Sarkas,UMR Indonesia:Mahal
raytzyyyy__,mikir dong anjjjjjj,-,0,Negatif,1,Sarkas,Beras:Mahal
Robii Awalull Mutaqin,begooo,-,0,Negatif,2,Sarkas,Beras:Mahal
m.erdiansyah pratama,tebak iq,-,0,Negatif,1,Marah,Mentan:Blunder
bocah petualang,piye too pak..... yg umr juga dipikir toh. blom lagi yg kerja serabutan. minimal sejahtera kan dulu rakyat bawah.,-,0,Negatif,2,Marah,Mentan:Blunder
edy keceng,"jangan lo samain sama luar kocak gaji lo gede belum sampingan lo juga gaji sekecil itu lo sanain sama luar ,meski sedikit orang yg gapunya juga banyak kocak",-,0,Negatif,1,Sarkas,Gaji:Kecil
dindadidudedo,ASTGAFIRULLAH ASTAGFIRULLAH,-,0,Negatif,2,Sarkas,Beras:Mahal
sukaaacombroo,"Baru naik sedikit 😭 Kalo pun harga beras sampai 100rb perkg di Indonesia, ga semua rakyat Indonesia bisa beli dengan harga beras segitu pak😭 yang harga beras sekarang 15-16rb per kg aja ga semua orang mampu pak belinya. Harusnya dipikirin juga pak rakyat yang ga mampu",-,0,Negatif,2,Sedih,Beras:Mahal
Aliffa88,Bicittttt,-,0,Negatif,2,Sarkas,Beras:Mahal
Setyamanis,pendapat jepang berapa anj..ngga usah banding bandingin,-,0,Negatif,2,Sarkas,Pendapat Jepang:Blunder
_,ORA MATANG,-,0,Negatif,2,Marah,Beras:Mahal
Gita🦊,pak cobaaa liat UMR jepang berapa?,-,0,Negatif,1,Sarkas,UMR Jepang:Kecil
ningsihklaten890@gmail.com,pendapatne we is bedo wooo eee,-,0,Negatif,1,Marah,Mentan:Blunder
nopay,GAJI NYA SAMAIN KAYA JEPANG PAK LOWONGAN PEKERJAAN NYA JUGA LUASIN,-,0,Negatif,5,Sarkas,Gaji:Kecil
Rapi pake P,negara korup mau dibandingkan dengan negara maju 🗿,-,0,Negatif,1,Sarkas,Negara Korup:Mentan Blunder
Gival Giovani,Jepang gajinya berapa?,-,0,Negatif,5,Sarkas,Gaji:Kecil
Putra Pratama,pye to kihhh,-,0,Negatif,2,Sarkas,Beras:Mahal
narrr,"jepang 100rb per kg lah dia umr nya hampir nyentuh 50,000,000",-,0,Negatif,1,Sarkas,Jepang:BedaUMR
Ervan Fajridin,kok bisa si jadi menteri sih,-,0,Negatif,2,Sarkas,Mentan:Blunder
indahHakim,bukan tentang ribut naik sedikit banyak nya tapi plisss liat keadaan rakyat nya pak ga semua mampu 😭😭,-,0,Negatif,5,Sedih,Rakyat:Kesulitan
Olivia Sylvia,naek dikit lu bilang?,-,0,Negatif,1,Sarkas,Mentan:Blunder
.,pada intinya maen adal comot mentri aja si pak prabowo,-,0,Negatif,1,Sarkas,Mentan:Blunder
mamahpica🐦‍⬛,heran sama pejabat sekarang,-,0,Negatif,1,Marah,Mentan:Blunder
👑,AAKKKKHHHHHH STUPIDD!!!!!!!,-,0,Negatif,1,Sarkas,Mentan:Blunder
edy keceng,woi pak kalo gitu gajinya naikin buat semua buruh atau harga borong sama dengan jepang,-,0,Negatif,2,Marah,Harga:BerasMahal
Syaifuel Arya,bandingin harga berass🤣🤣🤣 bandingin UMR nya juga lah kocakk🤣🤣,-,0,Positif,5,Senang,Bandingan:Beras
user4139557834432,beras 100rb/kg petani berangkat kesawah naik Alphard,-,0,Negatif,5,Sarkas,Beras:Mahal
トラ🐯,beda umr pakkk,-,0,Negatif,2,Marah,UMR:Beda
bemby,gblk bgt anjjjjj,-,0,Negatif,1,Sarkas,Beras:Mahal
BoBa.,ini yang katanya 100 JT / bulan ya😅,-,0,Negatif,2,Sarkas,Beras:Mahal
putro,liat dulu perekonomian Jepang lurr,-,0,Negatif,2,Sarkas,Jepang:BedaEconomy
ssereniko,Kok disamain sama jepang pak? Ah tulalit 😅😅,-,0,Negatif,2,Sarkas,Mentan:Blunder
V,Orang mabok klo dikasih mic kaya gini,-,0,Negatif,2,Sarkas,Mentan:Blunder
pikaaaaa🐳🐱,membandingkan hal yang ga setara,-,0,Negatif,1,Marah,Mentan:Blunder
Day🐾,"Stress 100 ribu perkilo, gak mikir banyak rakyat susah di luar sana. Lama lama pada gak bisa makan kalo 100 ribu perkilo 😩",-,0,Negatif,2,Marah,Beras:Mahal
nataya,utek opo ndot iki,-,0,Negatif,1,Sarkas,Beras:Mahal
🍒,disamain sama jepang yg negara maju 😭,-,0,Negatif,2,Sarkas,Jepang:Beda
ayy__,Bedaaa kelasss cokkkkkkkkkk,-,0,Negatif,1,Sarkas,Beras:Mahal
kibong,woiii dpr dongo apa apa lo naekin...pajak naek semua naek gaji DPR naek ...yg susah siapa dongo yg susah rakyat buat ngegaji lo pada....tolol,-,0,Negatif,1,Marah,DPR:Korupsi
ayyu90,Kenapa sih dia bicara ga dipikirr Dulu? knpa ga ada yg pinter2 di dpr?,-,0,Negatif,1,Sarkas,Mentan:Blunder
ayy__,OOOOOONNNNNNNNNNNNNNNN,-,0,Negatif,1,Marah,Mentan:Blunder
Rie_-,ok GPP pak beras mau JD 100rb sekilo juga asal UMR sama kaya jepang. gimana berani ga?!,-,0,Negatif,2,Marah,Mentan:Blunder
Nanda,Bodoh kali jadi mentri,-,0,Negatif,1,Sarkas,Mentan:Bodoh
Ophelia 🪷,"Lah gw magang di Jepang aja sebulan 15juta, ya wajar harga beras 100ribu Disini UMK aja ga ada 10juta coo, dikasih 100ribu ya megap-megap Ya Allah kenapa pejabatku seperti ini",-,0,Negatif,1,Marah,Mentan:Blunder
ayy__,Oooooonnnnnnnnnnnn,-,0,Negatif,1,Sarkas,Mentan:Blunder
HEL🔥,HEH KALAU NGOMONG DIPIKIR DLU NGAPA,-,0,Negatif,2,Sarkas,Mentan:Blunder
Ria hasvita,gliran gaji PNS yang naik diem giliran harga beras naik ribut. padahal sangat pantas bagi para petani untuk dapat hasil sesuai sama kerja kerasnya,-,0,Positif,4,Senang,Petani:Sesuai
ayy__,Ooon ooonnn kabehhhhhh kocakkkkk,-,0,Negatif,1,Sarkas,Mentan:Blunder
sabarin aja,kalau mau rapat otak di bawa pak jangan tunjangan diang yang gede otak kosong,-,0,Negatif,1,Sarkas,Mentan:Blunder
irun,LAH GEBLEK BANGET,-,0,Negatif,1,Sarkas,Mentan:Blunder
devidekocraft,"klo beras d banding in ama jepang, giliran gaji dan fasilitas DPR d bandingin ama swedia/denmark aja pura2 be u bu de e de g, di baca?.....",-,0,Negatif,1,Sarkas,Beras:Mahal
Fashion Mahmud,"Harga berasanya 100rb perkg, gaji mereka minimal 30jt 😂",-,0,Negatif,5,Sarkas,Gaji:Kecil
Lapak Mima Pirsa,wkwk tapi banyak yang cita-citanya pindah ke jepang tuh pak 😂,-,0,Negatif,2,Sarkas,Mentan:Blunder
🌷💐💕🍭,negara maju di samain ama negara berkembang🗿🗿,-,0,Negatif,2,Marah,Mentan:Blunder
dyannda17,pakkk sadar pakk..,-,0,Negatif,2,Sarkas,Mentan:Blunder
moormaidd🧜🏻‍♀️,bloon,-,0,Negatif,1,Marah,Mentan:Blunder
luthfiyah,DONGO,-,0,Negatif,1,Marah,Beras:Mahal
iik,pantes tunjangan beras nya 12juta 🤪,-,0,Negatif,1,Sarkas,Tunjangan:Beda
r,tolo,-,0,Negatif,1,Marah,Mentan:Blunder
Ayu Wulandari,100rb/kg tp selidiki dulu pak UMR disana berapaaaaa,-,0,Negatif,2,Sarkas,UMR:Mengkhawatirkan
eggplant,"ya alloh kayaknya anaknya malu kagak ya ,bpknya ngomong kek gini",-,0,Negatif,5,Sarkas,Mentan:Blunder
Gun,Begok d smaain sma jepang,-,0,Negatif,2,Sarkas,Beras:Mahal
awsksjk,"ya Allah boleh ngomong kasar gk sih... gereget bgtt, gaji negara bp ga sepadan sm gaji negara jepang.... cara ngelawak gk kyk gini pa..",-,0,Negatif,1,Marah,Mentan:Blunder
tzuyan,lebih pintar rakyat nya dari pada DPR nya😁,-,0,Negatif,1,Sarkas,DPR:KurangPintar
God bless,lah gaji di jepang berapa? kocak😂,-,0,Positif,5,Senang,Gaji:Kocak
mieayam,PETANI GA SEJAHTERA PAK SAMPE SKRNG!!,-,0,Negatif,5,Marah,PETANI GA SEJAHTERA PAK SAMPE SKRNG!!:TidakSetuju
naveni vandia,Jepang gajinya berapa? kalo mau samain harga samain juga gajinya biar seimbang. negara lain mah harga bahan bahan mahal gajinya juga sesuai,-,0,Negatif,2,Sarkas,Gaji:Kecil
heripurwanto33,bandingno anger ae,-,0,Negatif,2,Marah,Banding:Kritik
"Hi, ini Rinnie",pak tkw jepang aj gajinya gede Pakkkkk,-,0,Negatif,2,Sarkas,Gaji:Kecil
hahhh appaahhh,antara termasuk logika atau termasuk logila pak,-,0,Negatif,1,Marah,Mentan:Blunder
Rn²+Ga,knp sih dpr pada tolol² orng ny,-,0,Negatif,2,Sarkas,DPR:Blunder
Itsta,Istigfar gua ngeliat kelakuan dpr sekarang,-,0,Negatif,2,Sarkas,DPR:Kelakuan
Doell Rokhim,gajine ra podo goblokkkk,-,0,Negatif,1,Sarkas,Komentar:Mengganggu
hffun,"mata uang aj kecil,tenaga kerja besar gaji kecil, wajar ajaaa kita komplen apa* naik,aku kerja 1.2 juta per bulan,mikirnya bukn main pusing bnget 😂",-,0,Positif,5,Senang,Gaji:Banyak
✨💋,"YA BAPAA KALO NAEEK CUMA SGTU GAAAA NGOMEL ORG DPT TUNJANGAN BERAS 12 JT, IH ANJ KITA JUGA KALO DPT TUNJANGAN SGTU GA BAKALAN NGOMEL² AH 😌",-,0,Negatif,5,Sarkas,Mentan:Blunder
Ghani Andra,kocak bet ni kolot,-,0,Negatif,2,Sarkas,Beras:Mahal
Abu ani here🐮,Bapak siapa itu woyyyy,-,0,Negatif,2,Sarkas,Bapak:Netral
Sugianto,pekerja indonesia berapa UMR nya bpk menteri kalau 40 juta perbulan merata baru kebeli,-,0,Negatif,1,Marah,Mentan:Blunder
A,sebenernya mereka pinter ga sih 😳,-,0,Negatif,1,Sarkas,Mentan:Blunder
Njeeelllll🍒,Ini aku yg sarap apa gmn sih😢,-,0,Negatif,2,Sedih,Beras:Mahal
ZumrotulWaa,DARI SEGI GAJI DAN KUALITAS BERAS AJA BEDAAA ANJIR,-,0,Negatif,1,Marah,Beras:Mahal
Andhita zea,"pak pak umk bojonegoro mok 2,5 jt nak beras rego semunu podo ae mbi mateni secra alon2",-,0,Negatif,1,Sarkas,Mentan:Blunder
user123456,Naikin juga lah gaji 🤣. barang2 naik gaji gitu2 aja,-,0,Positif,5,Senang,Gaji:Naik
Doell Rokhim,guoblokkk,-,0,Negatif,1,Marah,Beras:Mahal
Nugii Nugraha,[sticker],-,0,Negatif,1,Marah,Beras:Mahal
Fathia.izzati,"tolil , d samain sama jepang",-,0,Negatif,2,Sarkas,Jepang:Beda
user93737,TONG KOSONG NYARING BUNYINYA,-,0,Negatif,5,Sarkas,Mentan:BunyinyaMahal
Hennie,"bapak ini lulusan mana pak ?? kok nyamainnya sama jepang ? lihat umr Indonesia?lihat lapangan kerja ? memadai nggak pak ya ampun ,,🤣",-,0,Negatif,1,Marah,Mentan:Blunder
Ⓖⓤⓛⓤ ⓕⓐⓓⓘⓛ,jepaaang,-,0,Negatif,1,Sarkas,Jepang:Beda
Tyasetya,sudah diwakilkan sm si ibu jambul itu..,-,0,Negatif,2,Sarkas,Mentan:Blunder
febry,"kok mbandingin ,skrg km kl dibandingkan dgn org jepang gmn?kualitasnya aja beda kl ngmg dipikir dl",-,0,Negatif,1,Marah,Mentan:BedaKualitas
Skasgard,"gaji sama tunjangan aja gede, pemikirannya OON, kesel ga si lu dengernya? Dikira semua rakyat Indonesia nerima gaji dan tunjangan kaya anggota DPR kali @arvianiarvi24",-,0,Negatif,5,Marah,Gaji:Kecil;Pemikirannya OON
R1zkyGp25,Jepang beras mahal tapi sesuai dengan pemasukan masyarakat,-,0,Positif,4,Senang,Beras:Sesuai
idqi,lah Jepang beras gak ada dioplos. lah indo 🤣,-,0,Positif,5,Senang,Jepang:BerasGakAdaDioplos
Daeng Baji,hahah🤣🤣 dungu,-,0,Negatif,1,Sarkas,Mentan:Dungu
Indah,pecat ja,-,0,Negatif,2,Marah,Beras:Mahal
♍♍,jangan di samain sama Jepang lah negara maju kocak😭😭,-,0,Negatif,2,Sarkas,Jepang:Kocak
Sigembul,pindahin keluargaku ke jepang pak saya mau tinggal disana tapi tolong ongkosin aja semua keluarga saya ya semua jangan ada yang ketinggalan nenek kakek saya,-,0,Negatif,1,Marah,Mentan:Blunder
torrabikacapuccino,"jepang gaji nyaa jauhh pak dibanding negaraa ini pakkk🤭🥺🙂, bandingi kok sama negara maju",-,0,Negatif,1,Marah,Jepang:Beda
azura,goblog bgt asli,-,0,Negatif,2,Marah,Beras:Mahal
Kamz,SEDONGO INI BISA JADI MENTRI?? SELEKSI NYA GMN DAH 🗿,-,0,Negatif,1,Marah,Mentan:Blunder
ini.dinar,beda mata uangnya woiiii,-,0,Negatif,5,Sarkas,Mata Uang:Beda
Fun🍃,Dpr tuh otaknya pda dimana,-,0,Negatif,5,Sarkas,Dpr tuh otaknya pda dimana:Blunder
plo,dia punya otak buat mikir sebelum congornya babibu GK sih,-,0,Negatif,2,Sarkas,Mentan:Blunder
sayangmomsss,"Mukanya kaya orang bingung, kayanya harus banyak belajar. semangat pak pasti gabisa",-,0,Negatif,5,Sarkas,Mentan:Blunder
urfairygirl,dpr ini perlu debat secara langsung sama rakyat,-,0,Negatif,1,Marah,Mentan:Blunder
evisagita,astaghfirullah,-,0,Negatif,2,Sarkas,Beras:Mahal
Ultraman muslim,awalnya aja baik😅,-,0,Negatif,2,Sarkas,Beras:Mahal
akbar chan♎️,beh cangkeman,-,0,Negatif,2,Sarkas,Beras:Mahal
່rr4hmiiᥫ᭡,JEPANG PAK JEPANGGG. NEGARA INI DI BANDINGKAN DGN NEGARA SEMAJU ITU???? WHATTTT???? PANTASKAH??,-,0,Negatif,5,Sarkas,Jepang:Blunder
abdulilahi659,yen ama rupiah udah beda jauh om:v🗿,-,0,Negatif,2,Sarkas,UMR Indonesia:BedaDenganJepang
Duna Ratih,aku makin vertigo setiap harinya😢😢😢,-,0,Negatif,1,Sedih,Beras:Mahal
690,"lah disamain sama jepang, dri pemikiran lu aja udh jauh ama org"" jepang😂",-,0,Negatif,5,Sarkas,Jepang:Blunder
しとき,DPR TUH ADA OTAKNYA GA SI GUA TANYA,-,0,Negatif,5,Marah,Mentan:Blunder
🦩IG:_adhfzn_,"gapapa samain sama jepang, asal UMR nya di setarain dulu🤣",-,0,Positif,5,Senang,UMR:BisaDipahami
Tariiiiiiiiiii,Tol ol ih,-,0,Negatif,2,Sarkas,Beras:Mahal
imasse🫶💜💜,otak na di dengkul,-,0,Negatif,5,Sarkas,Beras:Mahal
Pgn jdi kratos,"GENERASI BOOMER JADI PEJABAT, OTAK NY DONGO SEMUA",-,0,Negatif,5,Sarkas,GENERASI BOOMER JADI PEJABAT:Blunder
assihsarraswatii,"astghfirullah yg sya tau doa org tersakiti itu terkabul jdi sya minta Ya Allah miskinkan kehidupan para anggota anggota DPR ini smpai ke 7 turunan"" nya Ya Allah saya mohon!! 🤲🤲🤲",-,0,Negatif,1,Marah,Mentan:Blunder
HR😶‍🌫️,"malah di bandingin sama jepang ,huaaaaaaa😭",-,0,Negatif,1,Sarkas,Beras:Mahal
Ibu Daun,Ngmnge enak e rk neniiii pak,-,0,Netral,3,Ngmnge,
waonejr678,goblok...,-,0,Negatif,1,Sarkas,Mentan:Blunder
tenzi,umr aja beda anj jepang sama indo😭,-,0,Negatif,1,Marah,UMR:Mahal
DEV🕊,Kocak anjir,-,0,Negatif,2,Sarkas,Beras:Mahal
Moccachino,oh jadi perkara ini tunjangan dpr buat beras 12jt?,-,0,Negatif,2,Sarkas,Tunjang:DPR
Muhammad_tarmiji,dsamakan dengan jepang kocak aahh 🤣,-,0,Negatif,2,Sarkas,Jepang:Kocak
Aenikhusaeni96,Pak umr Indonesia miris🥺,-,0,Negatif,5,Marah,Pak UMR Indonesia:Mahal
mamaiyang95,"klu gaji kami kaya kamu kami ega ribut,coba klu gaji kamu kaya kami giman kamu menagapinya klu ngomong pikirkan dulu makanya klu kerja jgn cuma duduk aja liat dilapangan ,bagi mana keadaan rakyat nya",-,0,Negatif,2,Marah,Gaji:Kecil
susanti👋,bisa masuk surga jalur wni ke nya🫂,-,0,Negatif,2,Sarkas,Mentan:Blunder
❄️theonlyone,"Japeng vs Indonesia, JAAAAUUUUUUHHHH BGTT PERBEDAANNYA LAH 100:1",-,0,Negatif,5,Sarkas,Jepang:BedaDenganIndonesia
SMK IMAM GHOZALI,UMR 20 juta dibandingin sama UMR 4 juta. jauh,-,0,Negatif,2,Marah,UMR:Beda
Fizjune🥰🤗,"lebih baik lagi sama2 naik pak,hrg beras naik ekonomi rakyat jg ikut naik.",-,0,Negatif,2,Sarkas,Harga:BerasMahal
plat N x-pare,beras 100rb/kg gaji Kuli 90rb/hari sangat keren,-,0,Positif,5,Senang,Beras:SangatKeren
rahayuuuuu,dongo banget anjir tu orang😭,-,0,Negatif,1,Sarkas,Mentan:Blunder
AD,karna disana gaji sesuai dengan kebutuhan.di konoha gaji kurang jelas yg ada bnyk utang di mana-mana,-,0,Negatif,2,Sarkas,Gaji:Kecil
"ℝ𝕖𝕪,𝟟𝟟",NI MENTRI LAWAK DARI MANA KONOHA DI BANDINGKAN SAMA JEPANG JELAS JAUH LAAHH😂😂😂😂😂,-,0,Negatif,5,Sarkas,Mentan:Lawak
istri setia,"lol gaji Jepang ajh puluhan juta,Indonesia gaji nya msk beras hrgy 100rb",-,0,Negatif,5,Marah,Gaji:Beda
Hendy HENDYLIM,😂😂😂😂,-,0,Negatif,1,Sarkas,Beras:Mahal
mama raffi,begok tu dpr,-,0,Negatif,2,Sarkas,Mentan:Begok
Withluvf_,DPR tu pada sekolah ga si? tiap omongan yg keluar dari mulut mereka kocak semua😭,-,0,Negatif,1,Sarkas,Mentan:Blunder
azwan1988_,"UMR jepang SM Indonesia beda jauh pak,,mikir",-,0,Negatif,2,Marah,UMR:Bedasalah
pilupiii*ੈ✩‧₊˚,OOn,-,0,Negatif,2,Marah,Harga:Beras:Mahal
Siwizzy,"kenapa di bandingkan sama negara Maju pak,, 😭",-,0,Negatif,2,Sarkas,Aspek:BedaHarga
Ilham Kurnia Putra,Orang sepinter apapun ketika masuk kabinet jadi bodoh.,-,0,Negatif,1,Sarkas,Mentan:Bodoh
mama julius,naikkan UMR sama dengan Jepang biar kami tidak ribut...,-,0,Positif,5,Senang,UMR:Beras
Nugu Fugu,goblokkkkkkkkkk,-,0,Negatif,1,Sarkas,Beras:Mahal
ziyadabkari,ini mentri apa tukang sayur ya kok bodoh nya,-,0,Negatif,1,Sarkas,Mentan:Bodoh
⠀᠌⠀᠌⠀᠌⠀᠌⠀᠌⠀᠌⠀᠌,goblok ih,-,0,Negatif,1,Sarkas,Mentan:Blunder
gumanmuri69,apakah dg beras naik petani kita sejahtera ya pak atau yg pejabatnya yg sejahtera,-,0,Negatif,2,Sarkas,Mentan:Blunder
Utami #Uut,jepang umr piro ndes.....ndes...goblok...menteri opo iki...,-,0,Negatif,1,Sarkas,Mentan:Goblok
dimsum malang🌼,100ribu perkilo di Jepang gaji karyawan nya brpa pak? waduh dibanding kan dengN Jepang rek,-,0,Negatif,1,Marah,Jepang:BedaHarga
hoamm,otak klo isinya 💩 gini nih.. ngomong kaya muntah..gak lewat otak dlu.,-,0,Negatif,1,Sarkas,Mentan:Blunder
moonfairy,tll,-,0,Negatif,2,Marah,Harga:Beras:Mahal
Vina sardywinata,pak disana gaji gede,-,0,Negatif,2,Sarkas,Gaji:Kecil
FAHRULLL L nya tiga,loll,-,0,Negatif,2,Sarkas,Beras:Mahal
dani-48,"mukanya itu , mau ........",-,0,Negatif,2,Sarkas,Beras:Mahal
R..,matanee,-,0,Negatif,1,Marah,Mentan:Blunder
RajuttKuy,udah balik lagi makan singkong makan jagung udah paling bener bikin sehat juga 😂,-,0,Positif,5,Senang,Aspek:Sehat
Fahmi azizzzz,Gobs,-,0,Negatif,1,Marah,Mentan:Blunder
𝕮𝖆𝖕𝖗𝖎𝖈𝖔𝖗𝖓,di jepang aja gaji gede mumet mikirin beras mahal kocak🗿 aplgi di indo gaji kecil beras dinaikin,-,0,Negatif,5,Marah,Beras:Mahal
ivii,elu siapa si anj kapan gua milihnya😭,-,0,Negatif,2,Sarkas,Mentan:Blunder
ninditaaarrrggghhh,kenapa mentri2 tuh pada oon,-,0,Negatif,1,Sarkas,Mentan:Blunder
abcd,"jepang gajinya gede. Indonesia kerja serius gaji bercanda, kerja bercanda gaji serius",-,0,Negatif,5,Sarkas,Gaji:Bercanda
Rara,gendengggg umr jepang 20jutaaa,-,0,Negatif,2,Marah,UMR Jepang:Mahal
Lizah20,itu orang ciri2 sekolah sampe gerbang doang ?,-,0,Negatif,5,Sarkas,Mentan:Blunder
Ryan Nevile,"mendingan kita ekspor ke jepang ,,,biar para petani sejahtera,,,kita makan roti aja kayak orang eropa kan mudah🤣😂😅",-,0,Positif,5,Senang,Ekspor:Bersyarat
Youngg,kok bisa orng bgni jdi pejbt,-,0,Negatif,5,Sarkas,Beras:Mahal
yes🐼,bapak kau laa.. disamakan pula sma jepang 🥴,-,0,Negatif,2,Sarkas,Mentan:Blunder
unyilll667,ngomong yang masuk akal lah gaji UMR jepang sama indo smaa g 😁,-,0,Negatif,2,Sarkas,Gaji:Beda
🌷 ໋֢,kocak,-,0,Negatif,1,Sarkas,Harga:Beras:Mahal
Oyet mu,kalo gaji di Indonesia 25 sapa 30 juta ya nga papa pak kalo beras di Indonesia 100 ribu 300 juga gua beli 🗿,-,0,Negatif,2,Sarkas,Beras:Mahal
pAkLurah02,"wes Goblok, mlah dadi DPR sisan",-,0,Negatif,5,Sarkas,DPR:Kritik
kiji,negara mundur dibandingin sama jepang 😂,-,0,Negatif,2,Sarkas,Jepang:Blunder
Mba Risc,gaji umr juga beda jauh pak🤣🤣,-,0,Positif,5,Senang,Gaji:Kecil
wonuu,y umr merka 13jeti cokk ada otak g si😭😭,-,0,Negatif,2,Sarkas,UMR Indonesia:BedaDenganJepang
kolor seojun,"beda gaji pak woii beda jauhhhh , gila kali ya",-,0,Negatif,2,Sarkas,Gaji:Beda
ai daniati15,jepang gajih 30juta sabulan indo gajih 3juta sabulan sok rek ngabandingkeun mah,-,0,Negatif,1,Sarkas,Jepang:BedaGaji
bukanfrozen7,"Ribut ribut, lu kira Gaji kita sama kaya lu lu pada hah????? DONGO",-,0,Negatif,5,Sarkas,Gaji:Kecil
@momyalvano,begok,-,0,Negatif,2,Sarkas,Beras:Mahal
AR,ini serius omongan wakil rakyat??,-,0,Negatif,1,Marah,Mentan:Blunder
0%,ya iyalah kalo UMR nya kayak Jepang mah oke2 aja[sulk],-,0,Negatif,5,Marah,UMR:BedaDenganJepang
yulianaarum3,jepang beras harga segitu karna gaji di sana besar klo di indo beras naik gaji g di naikin gimna mau pd g ribut,-,0,Negatif,2,Sarkas,Gaji:Kecil
Sylvia Sylvi835,Enak aja kl ngomong tuch mulut,-,0,Negatif,1,Sarkas,Mentan:Blunder
kiw kiwww,beda pendapatannya jg Bapaakkkk 😭😭😭😭,-,0,Negatif,2,Sarkas,Pendapatan:Beda
Cahya yaya🫧,"Yang begini perwakilan rakyat ? Boro” ngewakilin rakyat, yang ada menyusahkan rakyat",-,0,Negatif,1,Marah,Perwakilan Rakyat:Boro
NengEPIT,paling enak jaman pak jokowii😭😭😭😭😭,-,0,Negatif,5,Sarkas,Mentan:Blunder
jajananamanini,kalo UMR indo 20jt mah gpp pa mau beras naik kaya Jepang juga,-,0,Negatif,2,Marah,UMR Indo:BedaDenganJepang
Lini Caper,"ya Allah bapak tau GK ada Lo masyarakat yg penghasilan nya 50rb sehari JD KLO beras 100rb sekilo , gimana mereka beli lauknya pak,bapak ma enak ngomong doang",-,0,Negatif,1,Marah,Beras:Mahal
SischaPraditya,kudu misuhi ae aku beras konoha madakno ambe jepang 😅😅😅,-,0,Negatif,5,Sarkas,Beras:Mahal
asahi,ya di bandinginnya sama jepang 🥰,-,0,Negatif,2,Sarkas,Bandingan:Malah
Calonmanten 🧚🏻‍♀️,kocak 🤣,-,0,Negatif,1,Sarkas,Beras:Mahal
B 444 GAS,mentri skarang bnyak do ngo 🧠 nya isi 💩,-,0,Negatif,1,Sarkas,Mentri:Blunder
Adon,T O LO L,-,0,Negatif,2,Sarkas,Beras:Mahal
mm said,ya iyalah ribut karna susah cari uang kerjaan susah,-,0,Negatif,2,Sarkas,Harga:BerasMahal
haeiiismm..,gila ya? berarti satu karung sejuta😂,-,0,Negatif,2,Sarkas,Beras:Mahal
J,Naikkan dulu Pak harga sawit sama harga karet kalau 100.000 ribu perkilo. Baru bisa naikkan harga beras.,-,0,Negatif,2,Sarkas,Harga:Beda
ini manusia,umr indonesia di bandingin sama umr jepang ah kocak 😭😭😭😭,-,0,Negatif,1,Marah,Beras:Mahal
ameliafee,s bapa dpt duit beras kan 12jt pwrbulan,-,0,Negatif,1,Sarkas,Gaji:BedaDenganJepang
Apriliayu,"13rb/kg aja banyak masyarakat pinggiran yg tidak bisa makan pak😭 sedangkan bapak tunjangan berasnya tinggi, ya itu harga 100rb untuk bapak dan rekan saja",-,0,Negatif,1,Sedih,Beras:Mahal
dwivanoarsa,"di magetan jatim,kami upah sehari cm 40 ribu rupian.dh gk nyampek nalar orang kecil.😭",-,0,Negatif,1,Sedih,Gaji:Kecil
lemon,orang dongo kalau jadi menteri ya gini,-,0,Negatif,2,Sarkas,Mentan:Blunder
ig : @marthaasilviaa,"di jepang harga bya udh 100rb/kg, t4i umr di jepang 20an jt, umr di jakarta 5jtan. Aduh capek bgt kenapa pemimpin indo gak pintar. Gen z tunjukkan pesona kalian, maju tahun depan perbaiki ini negara konoha",-,0,Negatif,1,Marah,Pemimpin Indo:Blunder
Ayu Yuliantari,Terserah bpk aja lah🙂,-,0,Negatif,2,Sarkas,Beras:Mahal
Eva ningsih,gobloooooooook jepang ga ada korupsi rakyatnya makmur,-,0,Negatif,5,Sarkas,Jepang:Korupsi
nuree,"yg bner aja,bukanya sejahterakan negara malah membedakan dengan negara orang,yg pling maju lagi negara yg dibandingkan,oyyy.... jepang UMR nya berapa .....",-,0,Negatif,1,Sarkas,Mentan:BedaDenganNegaraLain
INI DIA,yang pinteran dikit lah,-,0,Negatif,2,Sarkas,Mentan:Blunder
Ikky Hung,"dahlah capek sama makhluk "" gak tau diri sejenis mereka",-,0,Negatif,2,Sarkas,Mentan:Blunder
tickaa😍😍,"d jepang rakyatnya pade kaya lah indo..rakyatnya ajh d buat miskin,boro2 mo beli beras 100rb.",-,0,Negatif,1,Marah,Jepang:Boro
Mahika_Rani,jgn melihat keatas bos..dijepang org pada takut korupsi bos!!!,-,0,Negatif,2,Sarkas,Mentan:Blunder
wlowlowle_,Kocyakkkkk,-,0,Negatif,1,Sarkas,Mentan:Blunder
not found,d0ngo,-,0,Negatif,2,Marah,Harga:Beras:Mahal
𝘈𝘳𝘢𝘢𝜗𝜚,Anjjj betulllll ini orang 😭,-,0,Negatif,2,Sarkas,Mentan:Blunder
pian.,makanya kalo ada bantuan subsidi pupuk/obat langsung ke petani jangan lewat pejabat pasti diembat,-,0,Negatif,2,Marah,Beras:Mahal
mbak ndut,woiii gaji UMR d jepang brapa anjir sedangkan di indo GK semua org dpt gaji UMR yg kecil itu,-,0,Negatif,5,Marah,Gaji:Kecil
adit,"ya kalau semua naik UMR juga naik, malah disamain sama negara maju yg umurnya aja beda jauh, kebutuhan sana tinggi ya itu berkorelasi dgn UMR nya, ini siapa ini Cok",-,0,Negatif,2,Sarkas,UMR:BedaDenganJepang
TasyaAprl,Pak UMR aja udah beda pak,-,0,Negatif,2,Sarkas,UMR:Beda
jihan baid,"mataaaneee... dibandingkan jepang, sm malaysia aja kembang kempis😅",-,0,Negatif,1,Sarkas,Aspek:Beras:Mahal
alex 5🖤🫵,pak sdh hampir 500.000 / karung mahal samakann sama jepang berapa sumber pendapatan mereka,-,0,Negatif,1,Sarkas,Pak:Mahal
Ciel Laras,heh pendapatan kita ma mereka itu beda,-,0,Negatif,2,Sarkas,Pendapatan:Beda
B,yaaa bedaa anj . UMR dan tingkat kemakmuran rakyatnya aja udahh bedaa,-,0,Negatif,1,Marah,UMR:Beda
hilda,"WOIII JEPANG, umr nyaaa berapa x lipat indo??? lo kira umr indo 10jt apa ya????",-,0,Negatif,5,Marah,Mentan:Blunder
ruryalia,"mentri otak geser, ko orang ky gini, bs sih di jadikan mentri",-,0,Negatif,1,Sarkas,Mentan:Blunder
day,"kok bisa2nya dia bandingin sama jepang yang jelas2 negara maju, gak masuk diakal banget sih pak",-,0,Negatif,1,Marah,Mentan:Blunder
Angga wibowo,gaji naikin juga pak jepang gajinya 2 digit 🙃,-,0,Positif,5,Senang,Gaji:Banyak
Gamora.ginger.ibel.❤️❤️❤️,pak serius nih di bandingkan ama jepang? ama malaysia aja juga udah kalah kita pak 😌,-,0,Negatif,5,Marah,Mentan:Blunder
rer,gaji 2 juta cukup apa,-,0,Negatif,2,Sarkas,Gaji:Kecil
Rumy,wah wah nantangin rakyat lagi...,-,0,Negatif,1,Marah,Mentan:Blunder
Deviant,lebih berisi obrolan di tongkrongan gak sih,-,0,Negatif,1,Marah,Mentan:Blunder
Potato Head,"Lah nyamain sama negara maju? Ya kalo gitu kesejahteraan masyarakat nya disamain dulu kakekkk, jangan cuma apa2 naik",-,0,Negatif,2,Marah,Beras:Mahal
nanaaa 𐙚˙⋆.˚ ᡣ𐭩,nih dpr cuma lulusan sd kah?😭,-,0,Negatif,2,Sarkas,DPR:Kritik
Aries🩻🩻,pdhl annnk SD sj lbih paham 🥵,-,0,Negatif,5,Sarkas,Mentan:Blunder
risyanti_25,gpp pak harga beras setara jepang asal gajih pegawai di Indonesia 600 yen /perbulan pak ...,-,0,Positif,4,Senang,Gaji:Banyak
one bite💋,sebenarnya pinter ga sih dia ini,-,0,Negatif,2,Sarkas,Mentan:Blunder
dearnayyaa,@Apriliya:dongo banget nih dpr lulusan apa si anjjj,-,0,Negatif,2,Sarkas,DPR:Blunder
fendiii,ojok longor,-,0,Negatif,1,Sarkas,Mentan:Blunder
Ayahnya Qinara Hisyam,Indonesia UMR nya berapa paaaaak kalah jauh sama Jepang ngada ngada nih orang,-,0,Negatif,1,Marah,UMR:Malah
harniiyt. sng,perkembangan jepang TDK SM dgn indo bapakke,-,0,Negatif,1,Sarkas,Jepang:Berbeda
frhanafif,"kok disamain dengan jepang, gaji umr aja udah beda jauh🗿",-,0,Negatif,2,Sarkas,Aspek:BedaGaji
mamih ipeh,lah. ... di bandingin sama jepang,-,0,Negatif,2,Sarkas,Jepang:Beda
cah ayu,umr berapa😂😂,-,0,Negatif,1,Sarkas,UMR:Beda
GisBeauty🍒,UMR samain jepang mau kamu naikan 200 ngikutt🙄🙄🙄....,-,0,Negatif,1,Marah,UMR:BedaDenganJepang
oryzadendrA,gajinya juga harus naik minimal setara UMK jepang paaaakkkkkk,-,0,Negatif,5,Marah,Gaji:Kecil
rizka septiani aulia,ERORRR ERORRR MALAH NYAMAIN SAMA JEPANGGGGGG,-,0,Negatif,1,Marah,Mentan:Blunder
seagul,Di skak wkwkwk,-,0,Negatif,2,Sarkas,Beras:Mahal
🤍,gob**,-,0,Negatif,1,Sarkas,Mentan:Blunder
R,dongoooo,-,0,Negatif,2,Marah,Beras:Mahal
pitriarum,Oon,-,0,Negatif,2,Marah,Beras:Mahal
atin,toling ubakmu,-,0,Negatif,1,Sarkas,Mentan:Blunder
wong bagos Ae,pekok lah,-,0,Negatif,2,Sarkas,Beras:Mahal
ssweettooth_,Matane,-,0,Negatif,2,Marah,Beras:Mahal
𝙖𝙣𝙤𝙩𝙝𝙚𝙧.𝙚𝙯𝙯𝙖✰,disamain sama jepang negara maju? wkwkwk. udah dpr ttep aja tolol,-,0,Negatif,5,Sarkas,Mentan:Blunder
🦋,LUCUUUUUUUUU,-,0,Negatif,1,Sarkas,Beras:Mahal
Pradifta234,mentri siapa sih ini🤣,-,0,Negatif,5,Sarkas,Mentri:Blunder
Mieayam969,dongo semua DPR skrg,-,0,Negatif,2,Marah,Mentan:Blunder
Aquarius🫆,Tolo*nya ke ta*2 anj di samain sama negara maju gajih gede masyarakat sejatra gk kaya di konoha😆,-,0,Negatif,1,Sarkas,Mentan:Blunder
Geby🦖,"jepang gaji 20jt ,indo 2jt minta beras 100kg",-,0,Negatif,1,Marah,Gaji:Kecil
nyanyahadid,goblok banget😭😭😭,-,0,Negatif,1,Sarkas,Mentan:Blunder
niseee,one day one statement dongo dari dpr.,-,0,Negatif,1,Marah,Mentan:Blunder
KR99,tol k****l,-,0,Negatif,1,Sarkas,Mentan:Blunder
dessy,secara bayar nya juga beda pak 😭😭😭,-,0,Negatif,2,Sarkas,Beras:Mahal
dizaaaa,TOL,-,0,Negatif,1,Marah,Harga:Beras:Mahal
qiellzz_,pemerintah jepang buat masalah dikit dia mundur lah ini didemo 7 hari 7mlm pun ngk ngaruhh,-,0,Negatif,1,Marah,Pemerintah Jepang:Blunder
Cacahyun,seketika nyebut G0bL0kkkkkkkkkkkk,-,0,Negatif,1,Sarkas,G0bL0kkkkkkkkkk:Mahal
Imron,"coba dibandingkan dengan Malaysia pak, Malaysia jauh lebih murah padahal di Malaysia tidak pernah aku jumpai sawah yang nanam padi",-,0,Negatif,2,Sarkas,Beras:Mahal
natasyeahhh,GOBLOKKKK😭,-,0,Negatif,1,Sarkas,Mentan:Blunder
RapunzeLL,"ya gaji karyawan , guru dll juga blm sejahtera pak .. kalo sejahtera jangankan 100/kg 1jt/kg pun kami semua sanggup !!",-,0,Positif,5,Senang,Gaji:Kecil
Sur Adi,sebelum ngomong pikir pak dijepang berapa gaji nya bandingkan fiinfonesia,-,0,Negatif,5,Sarkas,Gaji:Beda
JUNIOR MISTERI chanel,"jangan samakan jepang denga indo bro ,, indo koruptor bnyak bro",-,0,Negatif,2,Sarkas,Jepang:Beda
WANGSIT FARM,Waduh waduh,-,0,Negatif,2,Marah,Beras:Mahal
Egaa Enggawati,manusia ini turun dari planet mana?,-,0,Negatif,5,Sarkas,Mentan:Blunder
chillfishh,"dibandingkan dengan jepang,ntar dibanding umrnya bingung jawab apa",-,0,Negatif,2,Sarkas,Aspek:Beras:Mahal
Mariafa1020,"cuma petani yang mengerti,",-,0,Negatif,1,Marah,Mentan:Blunder
komsiahshop,paling parah ini eranya prabowo bokbrok bgt bawahannya,-,0,Negatif,1,Marah,Mentan:Blunder
jonet_drmwn,tapi penghasilan beda pak..duh jan,-,0,Negatif,2,Sarkas,Penghasilan:Beda
♈ Aries Bae....,ywdh naikin aj TPI gaji ny SMA Kya di jepang,-,0,Negatif,2,Sarkas,UMR Indonesia:BedaDenganJepang
liyaaaaa | IG :@liyanrlt,di samain sm jepang???? gaji aja beda jauh pakkk allahuakbarrrrrrr takbirrrrrrrr,-,0,Negatif,1,Marah,Mentan:Blunder
Reauroaxa_Cyantica ®️©️✅,Pajak lho Turunin biar Beras Naeeeekk,-,0,Negatif,5,Marah,Pajak:Besar
fannynose,aduuuh pak jgan samakan jepang sm negara kitaa. di jepang negara yg sangat maju di indonesia Negara Mundur wir,-,0,Negatif,5,Marah,Jepang:Beda
akiis22,DI JEPANG UMR TERENDAH 30JT PAKKK🤣🤣🤣🤣 kocak kali beliau satu ini,-,0,Negatif,5,Sarkas,Jepang:Beda
Mas Riz,konsumen penikmati petani kesejahteraanya terjaga niatmu apik pak tapi kalau dipikir anda itu sebenrnya bodoh atau pintar ya .. upah buruh indonesia nggak merata pak ..untuk naik susah .tapi harga pokok naik trs .tambah perpajakan naiknya gila gilaan .. yg di naikan bukan upah buruh tapi malah dpr ya .. kalau bpk sakit mending nggak isah kerja istirhat aj di rumah .,-,0,Negatif,1,Marah,Mentan:Bodoh
gaada,kalo gitu samain UMR nya kaya di jepang. BISA GAKKK????? Asal bandingin aja tanpa mikir,-,0,Negatif,1,Marah,UMR:Beda
Rayyan garden 🏡,gajinya Indonesia beda sama jepang pakkk ;!!!!,-,0,Negatif,1,Marah,Gaji:BedaSamaJepang
olipsss💋,ADUHHHH MRKA NII MIKIR DLU GA KLO NGOMONG?? RISETTT DULU BISA GAAAK?,-,0,Negatif,1,Marah,Mentan:Blunder
fahmimrb,Pengen Kali Aku Berkata Kotor Tapi Di Hapus Tik Tok🤣,-,0,Negatif,5,Sarkas,Mentan:Blunder
vhy vthree,"siapa sih dia, asal nyablak aja, sudah muak sama pemerintahan konoha",-,0,Negatif,1,Sarkas,Mentan:Blunder
ocilll 🐱🐱🐱,orang kelewat pinter jdi apa gini mikirny 😡,-,0,Negatif,1,Sarkas,Mentan:Blunder
STRFCRKI,ya umr nya beda kocak,-,0,Negatif,2,Sarkas,UMR:BedaKocak
nay,jepang negara maju pa ekonominya udah melesat,-,0,Negatif,5,Sarkas,Jepang:Keterangan
Tiyaa,Umr jepang brp? Umr indo brp pak?? ALLAHUAKBARRRR,-,0,Negatif,5,Marah,UMR Indonesia:Mahal
Andini,"anyiiiing, kan gajinya jg beda nyiiing 😮‍💨",-,0,Negatif,2,Sarkas,Gaji:BedaNyiiing
w,NGAKAKKK😭,-,0,Negatif,1,Sarkas,Mentan:Blunder
🐨,"Yahh lu samain indo sama jepang?😭😭😭😭 Tolong bgt ini mah, infrastruktur lu ajaaa jauhh dari jepang😭😭😭",-,0,Negatif,5,Marah,Mentan:Blunder
"ini ,Ella🌼🌺",hrus nya Anggota DPR modelan tua begini d ganti SMA ank jmn sekrng,-,0,Negatif,2,Sarkas,Mentan:Blunder
Expert20,"Jawaban yang tolol,seorang mentri ko gini amat,masa negara maju mau di samakan dengan berkembang 😆🤣🤣🤣🤣",-,0,Negatif,5,Sarkas,Mentan:Blunder
dungdungdit,"ingin ku berkata kasar 🙂 logikanya kemana pak ngasih perbandingan aja gabisa, duh punya menteri kok begini amat yaaa",-,0,Negatif,2,Sarkas,Mentan:Blunder
Iis aisah (gudang dua mustika),jepang beras 100rb/kg...gajih di jepang 30jt/bln..😅,-,0,Negatif,2,Sarkas,Jepang:BedaHarga
dhanier,gajinya brapa blok di jepang 🥲,-,0,Negatif,2,Sarkas,Gaji:Kecil
DuniaMobilSeken,"ini ibarat membandingkan langit dan bumi, 😅",-,0,Negatif,1,Sarkas,Aspek:MembandingkanLangitDanBumi
kurameng,TOLOL SE DAGING DAGING,-,0,Negatif,2,Sarkas,Beras:Mahal
A🥷🧠,mungkin Gaji Bpk ini Tinggi🤣,-,0,Positif,5,Senang,Gaji:Besar
king syarif 10,setuju beras naik supaya petani sehahtra..sebab biyaya pupuk dan lain2 juga mahal,-,0,Positif,4,Senang,Beras:Naik
Ripaa,astagfirullah bapak istigfar dulu yuu😭,-,0,Negatif,2,Sedih,Beras:Mahal
nabila𐙚,Goblok di pelihara,-,0,Negatif,1,Marah,Mentan:Blunder
pia maharani⋆. 𐙚 ˚,bapa ngomong gt krna dpt tunjangan beras 12jt lah kitaaaaaa????? klo kita semua dapet tunjangan dri pemerintah 12jt beras naik jga ga masalah😂,-,0,Positif,5,Senang,Tunjangan:Bisa
Umma Lathif🌹,"cape banget, ada ajah gebrakkannya ya allah😭",-,0,Negatif,2,Sarkas,Mentan:Blunder
FAN,Tll bgt ni orang anj,-,0,Negatif,2,Sarkas,Beras:Mahal
Arinakuu,kuarepmu pak 😮‍💨,-,0,Negatif,2,Marah,Mentan:Blunder
jennifer🐍,"😭😭😭😭😭 rakyat indonesia masih dijajah sama tikus"" ini",-,0,Negatif,1,Marah,Mentan:Blunder
vikiiiiiiii,TOLOLLL,-,0,Negatif,2,Sarkas,Beras:Mahal
Sagara.tani,"Ayolah, harga dari petani sudah sangat murah, petani pun juga harus sejahtera. Harga pupuk yg bagus sekarang mahal, belum pestisida, operasional dll. Pendapatan petani akan naik dikit udah ditentang, lalu bagaimana dengan pendapatan DPR yg naik 3jt per hari?",-,0,Positif,4,Senang,Petani:Sejahtera
ReyShaka Mumtadz Arrasyad,Gaji di jepang beda pak🥺🥺 di indo gaji 4 juta / bulan udah bener2 ngirit.beli ini itu masi di bagi2 pak buat keb lain bukan buat beli beras aja🥺🥺,-,0,Negatif,2,Sarkas,Gaji:BedaPak
nisaa 🧚🏻‍♀️,"dia ngomong gitu sadar ga sih?? Lah lu mang enakk gaji gedekk yg rakyat kecil begimana, ya jelas komplain laaa. DIBANDINGIN KOK SM JEPANGG",-,0,Negatif,1,Marah,Mentan:Blunder
Silvia dee,ya kalo ganjinya disamain kaya jepang sih ok2 ajaa,-,0,Positif,4,Senang,Ganjinya:Bisa
fahmimrb,Hahaha Jepang Negara Maju🤣,-,0,Positif,5,Senang,Jepang:Keren
STORYMU,kocak... jepang umr kerja gede... indo umr 3 jutaaan.. di samain sama negara maju... 🤣🤣🤣 ini siapa yg ngomong?,-,0,Negatif,5,Sarkas,Mentan:Blunder
fatailah noor,"orang jepang kaya, "" pk",-,0,Negatif,5,Sarkas,Orang Jepang:Kaya
parjoogenk,bubarkan sajaaa,-,0,Negatif,2,Marah,Beras:Mahal
febrianadhini,oke gpp beras 100ribu/kg tp UMR kita 30 juta ya pak,-,0,Negatif,2,Marah,Beras:Mahal
syahdanrh,pikirannya gimana sih lah loe bandingin sama jepang UMR ajah udah jauh gajih disna lebih besar,-,0,Negatif,1,Marah,Mentan:Blunder
Ade Candra,"ya udah pak, kami mau 100rb per kilo, tp umr kami harus sama dengan jepang iya pak",-,0,Negatif,2,Marah,Mentan:Blunder
na.,"Y kerja di Jepang umr,keuanganny brp di indo brp? Bahan tani naek hasil tani y naek ,yg dirasakn buruh pabrik atau pekerja lain untuk kenaikan bahan pangan y gmn ya mikir” sedangkan hdp bukan untuk makan doang.. 50rb kepasar dpt ny dikit minyak 20rb cabe 1/4 13rb beras 1liter 8rb-13rb blm printilanya itu cukup 2-3hari kalo beras normal orng aja sehari seliter seminggu 7liter kalo sebulan aj duitny bukan main kalo ditambah bahan” lainny.",-,0,Negatif,2,Sarkas,Beras:Mahal
nii🦋,"beras 100/ kg,kalian mah enak semuanya di tanggung dari duit rakyat,rakyat banting tulang demi kemakmuran dpr😂😂😂",-,0,Negatif,5,Marah,Beras:Mahal
iqbalherdiansyah94,UMR na ge beda ajig,-,0,Negatif,1,Marah,UMR:Beda
hidupberuntungpenuhkelimpahan,pak amran baru pertama ke jepang kah?,-,0,Negatif,2,Sarkas,Pak Amran:Blunder
-_-,Jepang negara lah UMR tasik 2jt anjir minimal sadar dulu ini negara kek mna,-,0,Negatif,1,Marah,Jepang:BedaUMR
aerynn_,"DIAAAAAAMMM!! kalau belum bisa memberi solusi jangan bandingin, jangan bikin puyengg",-,0,Negatif,1,Marah,Mentan:Blunder
ig@nirmayairmaya,beda pendapatan pak busset,-,0,Negatif,1,Marah,Mentan:Blunder
Irsyad anak baik,Petani di kalteng sudah cukup sejahtera dengan harga padi sekarang,-,0,Positif,5,Senang,Petani di kalteng:Bahagia
SoniaHaidar,BELEGUG🤣🤣,-,0,Negatif,2,Sarkas,Beras:Mahal
𝓗𝓾𝓽𝓪𝓫𝓪𝓻𝓪𝓽,klo dia dibandingkan sama pemerintahan jepang gimana?,-,0,Negatif,2,Sarkas,Mentan:Blunder
ohhzekkkk.,jorrr mantog ka jepang🤣,-,0,Positif,5,Senang,Jepang:Keren
Ngkestore,ya gak gitu anjjjjjjjj😭😭 lu mau naikin beras 100rb ky jpn minimal umr nya ya 20juta🥴,-,0,Negatif,1,Marah,Beras:Mahal
Baimcalista23,"Umr jepang sm umr jkt dll bedaaa....knp mentri2 skrng ga berbobot semua,enak lu mkn dr duit pajak",-,0,Negatif,1,Marah,Mentan:Blunder
dianseptiani380,menteri2 ini pilihan siapa sih😳,-,0,Negatif,2,Sarkas,Mentan:Blunder
debyyyyy,gak usah Bawak kata insyaallah kalok kareppe dewe,-,0,Negatif,5,Sarkas,Beras:Mahal
SoniaHaidar,dari gaji aja udah beda bapak🤣🤣🤣kocak kocak di samain sama jepang🤣🤣🤣,-,0,Positif,5,Senang,Gaji:Besar
iy0o_d,KOSONGG,-,0,Negatif,1,Marah,Beras:Mahal
sagi🐼,beras aja di oplos 😏,-,0,Negatif,2,Sarkas,Beras:AjaDiOplos
aullllllll,stresss,-,0,Negatif,2,Sarkas,Beras:Mahal
Mbk hilma✿♡,"lo pikir nyambung pak ? disana semua imbang pak gaji rakyat biasa aja besar bahkan babu juga gajinya besar, Indonesia Guru aja gajinya 150rb..",-,0,Negatif,2,Sarkas,Gaji:Kecil
karin227,kata gua juga mending diem.. 😑,-,0,Negatif,2,Sarkas,Mentan:Sarkas
inibela,lu ngmng bgni pd mikir kaga si,-,0,Negatif,2,Sarkas,Beras:Mahal
seblaktiwul,stresss,-,0,Negatif,2,Sarkas,Beras:Mahal
spill cekout🚨,"pak bapakkkk🗿....minimal gaji di Indonesia Sjam 100ribu aja pak kalo mau jual beras 100ribu/kg,",-,0,Negatif,5,Marah,Gaji:Kecil
pompong,"stresss umr sitik barang"" larang",-,0,Negatif,2,Marah,UMR Indonesia:Besar
Rudy manahan,"Indonesia kapan harga beras 100ribu/kg, sya mending jadi petani padi kalo harga beras bisa 100ribu/kg😅",-,0,Positif,5,Senang,Beras:BisaMahal
C н L o ë,bodoh bodoh pikiran orang disana itu yah,-,0,Negatif,2,Sarkas,Pikiran orang disana itu:Blunder
🩸,di bandingin Ama jepang anj 😭,-,0,Negatif,2,Sarkas,Ama:Blunder
debyyyyy,yang ngomong goblok,-,0,Negatif,1,Sarkas,Mentan:Goblok
￶,dpr dongo dijepang penghasilan beda sama indo anying boleh naek 100rb perkilo tapi penghasilan kaya jepang oke aja,-,0,Negatif,2,Sarkas,Penghasilan:Kecil
Nana,statment orng d0ng0000,-,0,Negatif,1,Marah,Mentan:Blunder
Call me Din,tolil,-,0,Negatif,1,Marah,Mentan:Blunder
Putraaaa,"Bodoh bodoh, disamakan sama jepang ahh",-,0,Negatif,1,Sarkas,Mentan:Bodoh
Cery,"pantesan makin sini makin ancur pemerintah nya aja ke gini gampangin, mereka negara maju pendapatan nya aja ga kaya indo UMR diikit, itupun kalo yg kerja, gimana para ibu atau bapak yg ga punya kerja yg cuma ngandelin10-20rb sehari",-,0,Negatif,1,Marah,Pemerintahan:Blunder
asahi hi hi hi,sedikit kata dia,-,0,Negatif,1,Sarkas,Mentan:SedikitKata
nugroho,angger mangap ae lambene,-,0,Negatif,2,Sarkas,Beras:Mahal
wandascorpio,umr jepang berapa pak??,-,0,Negatif,5,Marah,UMR Jepang:Kurang
Taufik Sitorus,otk babi,-,0,Negatif,2,Sarkas,Babi:KomentarTidakSignifikan
ara zahira,pengen lihat ada satu aja anggota DPR yang nangis tulus lihat kondisi masyarakat kalangan bawah 😭,-,0,Negatif,1,Sedih,Beras:Mahal
Karina-nim,aura tidur waktu matematikanya kuat banget orang ini,-,0,Negatif,1,Sarkas,Aura:Beda
Bng Criz,Indonesia Negara amburadul,-,0,Negatif,5,Sarkas,Indonesia:Amburadul
Udondon,"kenapa ya pemerinta tuh kalo bikin kebijakan ga masuk akal, ngebandinginnya sama negara maju? i mean negara maju tuh NEGARA MAJU, sedangkan indo masih jauh, JAUHHHH dari negara yg dibandingin itu",-,0,Negatif,1,Marah,Pemerintahan:Blunder
Nia_gurl,Satu kata “TOLOL”,-,0,Negatif,1,Sarkas,Mentan:Blunder
SU9A,Naikin aja sekalian 200k per kilo biar bisa menyaingi jepang,-,0,Negatif,2,Sarkas,Harga:Beda
rentcarsurabaya,betul ibu betul ibu malu bgt kalau itu org waras,-,0,Negatif,5,Sarkas,Mentan:Blunder
almasyhra,be90000009,-,0,Negatif,1,Marah,Mentan:Blunder
anaprass08,bandinginnya kgk ngotak 🗿,-,0,Negatif,2,Sarkas,Bandingan:Mengganggu
geminiboy555,Mentan oh Mentan kosong kah isi kepala ? ngak ada otaknya kah 😂😂,-,0,Negatif,1,Sarkas,Mentan:Blunder
Sakinah Anum Bahira,pakk jangan bandingkan sama negara maju pak kita ini negara berkembang bandingin sama negara Berkembang juga laah☹️😑,-,0,Negatif,1,Marah,Bandingkan:Mentan
🧸,malu amran maluu,-,0,Negatif,2,Sarkas,Mentan:Blunder
Raska Rizky store,mentrinya pak Prabowo o...k kosong semua njir.kenapa gak di ganti kyak eranya pak Jokowi aja sih ganti sma yg mulutnya gak arogan,-,0,Negatif,1,Sarkas,Mentan:Arogan
fiko,jangan sama sama kan indo sama jepang diindo yg miskin masih banyak,-,0,Negatif,2,Marah,Mentan:Inkonsisten
no9bfc56op,jepang 100rb perkg itu udah maju kocak negara ini aja masih bnyak tikus,-,0,Negatif,1,Marah,Jepang:BedaDenganIndonesia
F A N A,"Liaat lah upah minimum bosku, kau ngoceh sana sini kok bandingin nya sama jepang.",-,0,Negatif,1,Marah,Beras:Mahal
Giska,dongo,-,0,Negatif,1,Marah,Mentan:Blunder
endah🤍,anjr,-,0,Negatif,1,Marah,Mentan:Blunder
dahwaaa,"YAUDAA UMRNYA DI NAIKIN JUGA DONG JADI 25JUTAAA PERBULAN BUKAN 2,5JUTA BEDAINNNNNNNNN",-,0,Negatif,1,Marah,UMR:Beda
mine🐨,sumpah mereka ini belajar g sih?? negara maju sama negara berkembang dibandingin😭😭😭 pendapatan saja sdh berbeda,-,0,Negatif,1,Marah,Mentan:Blunder
dian💅🏻,"Di Jepang gaji nya gedeee pakkkkkk mknya harga beras nya 100 rb per kg ,sedangkan kita disiniii kecilll pakkkkkk ,bayanginnn luu harga beras 100 rb di indo dengan gaji orang Indo 3 jt per bulan pakkkkkkkkk ,muakkk bngt sama yg orang” beginian",-,0,Negatif,1,Marah,Gaji:Kecil
Boyyz★,otaknya dimnaaaaaaaaaaaaaa,-,0,Negatif,1,Sarkas,Mentan:Blunder
ditasaa🕊️,indo aja ga semaju jepang,-,0,Negatif,5,Marah,Jepang:Beda
Wahyono Saharuddin P,membandingkan Jepang dan indo jauh lah pak mentan...dari sini kita sudah paham SDM 😁,-,0,Negatif,2,Sarkas,Mentan:Blunder
👽,kalau mau di bandingkan dengan jepang maka umr harus nya di samakan dong,-,0,Negatif,2,Sarkas,UMR:Malah
MasyaAllah,UMR nya beda pak pak😂,-,0,Negatif,2,Sarkas,UMR:Beda
Mamaluc,Blum pernah di cabein mulut nya,-,0,Negatif,5,Sarkas,Mentan:Blunder
@ENGKASI POLE (CS),BEDAKAN MATA UANG PAK,-,0,Negatif,1,Marah,Beras:Mahal
annponza,oon,-,0,Negatif,2,Marah,Harga:Beras:Mahal
Namaku Missi,KONOHA DI BANDINGKAN BI JEPANG WAGU LAH WAGU BANGET,-,0,Negatif,5,Sarkas,Beras:Mahal
mala,LO ENAK BICARA DOANG,-,0,Negatif,2,Sarkas,Beras:Mahal
misssumisssyou🦩🦭🩷,dongo,-,0,Negatif,2,Marah,Harga:Beras:Mahal
Baayyuu,DPR AJA BERAS MASIH DI BAYARIN RAKYAT KOCAKKK,-,0,Negatif,2,Marah,Beras:Mahal
Mama•Zayyan,💩tau ga pak 💩💩💩,-,0,Negatif,1,Sarkas,Mentan:Blunder
MamaGianZola✨,Gk waras semua anj pejabatnya,-,0,Negatif,2,Marah,Mentan:Blunder
.,oh iya lupa mereka 12jt/bulan tunjangan kan dari rakyat😏,-,0,Negatif,2,Sarkas,Mentan:Sarkasme
Sri Agustina,ih bisa bisa nya 😩,-,0,Negatif,2,Sarkas,Beras:Mahal
Puspa Lovi Andini II,woy Jepang negara maju.. klu pengen setara Indonesia biar maju...,-,0,Negatif,2,Sarkas,Jepang:Beda
CELLO,OMON OMON DOANG gak mampu MUNDOR,-,0,Negatif,5,Marah,Mentan:Blunder
Adeliaaaa,"YAAA GAJI NYA AJA BEDA BAPAKKKKKKKK, KALO MAU BANDINGIN BIAYA HIDUP DISANA YA BANDINGINNYA SAMA UMR DISANAAAAAAA JUGA",-,0,Negatif,5,Marah,Beras:Mahal
Novitaaaaaa,rada2 keknha,-,0,Negatif,2,Sarkas,Beras:Mahal
duakelinci,dongo ah cape bgt,-,0,Negatif,2,Sarkas,Beras:Mahal
Yuuuuuu,"Jepang mensejahterakan masyarakat nya cok, Indonesia beras murah aja banyak yang ga bisa beli",-,0,Negatif,2,Marah,Beras:Mahal
yuday,jepang harga beras 100ribu per kg..tp rakyatnya 1blan dapat jatah bantuan 2 juta per kepala,-,0,Negatif,2,Marah,Mentan:Blunder
yayancuhayan,orang kaya gini ko jadi wakil rakyat,-,0,Negatif,2,Sarkas,Mentan:Blunder
cardes 24,cardes: o²n,-,0,Negatif,1,Marah,Mentan:Blunder
men,lain betul2 anj mikir🤣,-,0,Negatif,2,Sarkas,Beras:Mahal
hendrahermawan590,geluuut we jeug urg pak .,-,0,Negatif,2,Sarkas,Mentan:Blunder
Khunn,Wkwkwk gajih di jepang ajh beda sma di indo,-,0,Negatif,2,Sarkas,Jepang:Beda
bunda fira,"KLO yg belinya anggota DPR bisa tu sehari 3 JT gajinya,ini rakyat mau mkn jg pak yg gajinya 3 JT sebulan,otak BPK dimana pak e😥",-,0,Negatif,2,Marah,Gaji:Kecil
🐿️,malu ih,-,0,Negatif,2,Sarkas,Beras:Mahal
byyourgrace,liat lah yg ga bisa makan tuh brapaaa orang di indo?,-,0,Negatif,5,Marah,Mentan:Blunder
Wahyono Saharuddin P,jangan bandingkan bapak yg terhormat negara jepang dengan indo😆😆,-,0,Negatif,2,Sarkas,Bandingkan:Mentan
U S D12,pea...jepang incomenya brp dan indonesia incomenya brp !!! bsk2 suruh tes matematika,-,0,Negatif,5,Sarkas,Mentan:Blunder
kaaaallllll,ya tapi jepang umr nya besarrrrr,-,0,Positif,5,Senang,Jepang:Baik
tawros.gel,bang sat,-,0,Negatif,2,Marah,Beras:Mahal
eko,Indonesia disamakan dengan jepang mimpi pak mentri😁😁😁,-,0,Negatif,2,Sarkas,Mentan:DisproportionateComparison
᭙ค᭙คꪀ,medun cok asline,-,0,Negatif,2,Sarkas,Beras:Mahal
Papa bobby,Dpr emang beneran harus bubar deh,-,0,Negatif,2,Sarkas,Dpr:Bubar
ʎnןı̣ 🎀,Beda gaji juga oneng,-,0,Negatif,2,Sarkas,Gaji:Beda
M. Dwi Yanuardi,gpp 100rb per kg. UMR nya 50juta perbulan. Coba gimna ga dibilang tolol DPR nya ini.,-,0,Negatif,1,Marah,Mentan:Blunder
agnessia.yohana,Bisa bisanya di samain dgn jepang. Dr segi penghasilannya saja sudah beda,-,0,Netral,3,Sarkas,Penghasilan:Beda
Bicik🍍,"BISA-BiSANYA DIBANDINGKAN DENGAN JEPANG, DARI INCOME AJA BEDA. BELOM LAGI ORANG JEPANG JUJUR , DISINI AJA BERAS DI OPLOS DI KORUPSI DULU 😭😭",-,0,Negatif,5,Marah,Mentan:Blunder
teenschan.room,konyol bat nih org,-,0,Negatif,2,Sarkas,Mentan:Konyol
olvia rosé,"pak pak Indonesia sama Jepang sama ngga ini Indonesia pak rakyat nya aja banyak nganggur cari mana sehari-hari aja susah, Boro-boro buat beli beras 100k per kg, kasian ngga bisa beli",-,0,Negatif,5,Sedih,Beras:Mahal
ennypujirahayu279,"buat beli beras 1 liter 11 rb aja paling murah..susah pak,gimna nasib orang miskin banyaknya di indonesia😭😭",-,0,Negatif,2,Sedih,Beras:Mahal
Plat B,Bpk pindah ke jepang kami aman 🙏,-,0,Positif,5,Senang,Jepang:Dukungan
✨🦋akma🦋✨,xsangka menteri dy bod** 😌 gaji rakyat dy xnak plak ko bandingkan 😅 bod** kuasa 1jt nih 😂,-,0,Negatif,1,Sarkas,Mentan:Blunder
meeeee.,dibandingkan dengan Jepang??? bapak tidur pagi pak????,-,0,Negatif,2,Sarkas,Mentan:Blunder
Mas🅰️,"Iya saya sih gpp, tapi samakan dulu kesejahteraan masyarakat nya seperti Jepang bagaimana? Sanggup???",-,0,Negatif,2,Sarkas,Mentan:Blunder
🍋,blunder mlu dpr😭,-,0,Negatif,2,Sarkas,Mentan:Blunder
Laellyfy🇯🇵,lucu bayaran pekerja ny aja beda😭😭😭,-,0,Negatif,2,Sarkas,Bayaran:Penting
adi,gajihnya brapa bapak,-,0,Negatif,1,Sarkas,Beras:Mahal
piscesgirl,"ini pejabat2 modelan kek gini kalo di jepang langsung mengundurkan diri, tp beda lg disini😌",-,0,Negatif,2,Sarkas,Mentan:Blunder
Sal,"otak kosong, yg penting ngomong",-,0,Negatif,2,Sarkas,Mentan:Blunder
diana,"Yg dapet tunjangan beras elu, lah kita dapet sengsara nya doang",-,0,Negatif,1,Marah,Mentan:Blunder
BERKAH SIMBOK 117,Mentri Podo mendo2,-,0,Negatif,2,Sarkas,Mentan:Blunder
yingg,"heyyy heyyyy, mikir pak tuaaaa",-,0,Negatif,2,Sarkas,Mentan:Sarkas
𝐏𝐥𝐥𝐭 𝐭𝐰𝐢𝐬𝐳,naikan UMR jadi 30jt🗿,-,0,Negatif,2,Sarkas,UMR:Besar
manusia,dungu,-,0,Negatif,1,Marah,Mentan:Blunder
H.I.G,goblok yang kaya gini di jadiin mentan,-,0,Negatif,2,Sarkas,Mentan:Goblok
sandiii,kenapa mereka tuh selalu comparenya ama negara maju.. program program juga.. langsung mencontoh hasil tanpa tahu proses dan cara gimana program pemerintah di negara maju bisa sukses terlaksana..,-,0,Negatif,2,Sarkas,Program Pemerintah:Blunder
Luluk Giochu,bukan masalah baiknya. UMR aja masih kecil. Hai g otak sekali anggota DPR. liat rakyatnya kau miskinkan.,-,0,Negatif,5,Marah,UMR:Besar
Una🌼,Pak tolong lah kenapa dibandingin sama jepang??? Jepang negara maju !!,-,0,Negatif,2,Sarkas,Jepang:Perbandingan
⠀᠌,elor semua ni pegawe negara,-,0,Negatif,2,Sarkas,Pegawe negara:Kritik
Erwannn,Kon macul wae,-,0,Negatif,2,Sarkas,Mentan:Blunder
Bundakey_,Jepang gaji kerja aja berjuta2 pak bossss... rakyak indonesia gaji aja cumaaa 1 jtaaaaannn,-,0,Negatif,1,Marah,Gaji:Kecil
heri sukandi,makin hari para pejabat negara keliatan ketololanya..,-,0,Negatif,1,Sarkas,Mentan:Ketololan
titiss,GAJI NYA PAK GAJI NYAA!!!!!!!,-,0,Negatif,1,Sarkas,Gaji:Kecil
SETIA ABADI PRODACTION,"pak, Jepang naik.. karna SDM nya.. bagus.. maju.. nih orang ngomong kok ngelanturr... ini Indonesia.. banyak tikusnya..",-,0,Negatif,1,Marah,Jepang:Kegagalan
Comalcomelspillll,kake gua gek petani yg lu tolak ukur itu jangan cuman harga berasnya ajh Cok pajak tanah kurangin harga kompas kurangin banykin trun kasih didikan,-,0,Negatif,2,Sarkas,Pajak Tanah:Banyak
BFG,kenapa gak dibandingin dgn Zimbabwe aja bos ??🥺🥺🥺,-,0,Negatif,5,Sarkas,Mentan:Blunder
DEDASHA,"BOLEH SILAHKAN, asal umr kita juga kaya jepang per jam 100rb++ ☺️🙏🏻",-,0,Positif,5,Senang,Beras:Mahal
Gemsita,Pak menteri yaAllah ih yaAllah ih yaAllahhhhhhhhhhhhhhhhhh,-,0,Negatif,1,Sarkas,Mentan:Sarkas
aen,najiis,-,0,Negatif,1,Marah,Beras:Mahal
wa,apa kabar pajak pak semua nya mempunyai kosukensi nya pak,-,0,Netral,3,Sarkas,Pajak:Pertanyaan
http://05ifanfuadi.com,"100 ribu per kg juga gaji rata"" penduduk nya 30 sampe 100 juta Indonesia gaji rakyat kecil rata"" cuma 2jt blog",-,0,Negatif,1,Sarkas,Gaji:Kecil
mam keysha,bandingin ama jepang pakkkkk sekolahmu cuma sampe gerbang sihhhh😭,-,0,Negatif,1,Sarkas,Jepang:Beda
ucup,samain om UMR sama jepang otak buat pajangan doang,-,0,Negatif,1,Sarkas,UMR:Malah
Racun kuyy,jelas beda lah paak. di Jepang meskipun harga beras 100ribu perkilo mayoritas penduduk nya bukan yg konsumsi nasi untuk makanan pokoknya. 3 kg beras di Jepang bisa habis sebulan. nah kalau di Indonesia makanan pokok nya nasi. kalau belum makan nasi katanya belum makan. meskipun udah makan ketoprak. kalau harga beras naik ya berasa banget buat kalangan masyarakat menengah ke bawah. apalagi di era skrg ini nyari uang susah. tapi uang 100ribu sekarang udah gak ada harga diri nya. itupun untuk memenuhi kebutuhan masih kurang kalau cuman punya uang 100ribu .,-,0,Negatif,2,Marah,Harga Beras:Mahal
nana1426,bpk aja yg pindah kesono...,-,0,Negatif,1,Sarkas,Mentan:Blunder
Nana,🤣,-,0,Negatif,2,Sarkas,Beras:Mahal
𝓛𝓪𝔂𝓵𝓪𝓪𝓪💋,terserah,-,0,Negatif,2,Marah,Harga:Beras:Mahal
trisnakikyy,Jepang 1 jam bayarannya 100rebuu pak,-,0,Negatif,2,Sarkas,Jepang:BedaHarga
Boedi thok,gaji dpr naik 3 jt/hr... harus dianggap biasa✅ harga beras naik...ga boleh pd ribut rakyatnya 😅😅😅😅,-,0,Negatif,2,Sarkas,Harga:BerasMahal
Nhinie,klu nyontohin jepang ya pakai mata uang jepang pak..contohin itu yg mata uangnya sama.,-,0,Negatif,2,Sarkas,Mata Uang:Blunder
Gudang Best Seller,dia gatau ada yang gajinya 1jt.,-,0,Negatif,2,Sarkas,Gaji:Kecil
Oyipp୨ৎ,negara konoha dibandindin ama jepangg ngelawakkk🤣🤣🤣,-,0,Negatif,2,Sarkas,Jepang:Ngelawakkk
dde.z,jepang 100ribu juga penghasilan dibayar per jam lah kita udah umr cuma berapa kadang masih di dapat dibawah umr 😭,-,0,Negatif,1,Sedih,UMR:Beda
P_Starr7,membandingkan dengan yang upahnya tinggi😂,-,0,Negatif,2,Sarkas,Aspek:Beras:Mahal
Wahyu Srirejeki,jepang gajinya BRP..Indonesia brp???,-,0,Negatif,2,Sarkas,Gaji:Beda
Bang hanif sehat,Mabok tuak kali ini org 😂,-,0,Negatif,2,Sarkas,Mentan:Sarkas
eldaagustinindrian🍀,gaji di Jepang berapa anjjjj....,-,0,Negatif,2,Sarkas,Gaji:Kecil
cheisyaputri,pengen berkata kata kasar aing,-,0,Negatif,1,Marah,Mentan:Blunder
Yadysofian,"denger tu kata Bu titi,",-,0,Negatif,2,Sarkas,Beras:Mahal
• 𝖆𝖑𝖊𝖝𝖆𝖓𝖘 ࿐,dia sekolah gak sii? apa gak pernah di ajarin oleh guru??🗿🗿,-,0,Negatif,5,Sarkas,Mentan:Blunder
Sodaku,WOII MINIMAL UMRNYA SAMAIN KEK JEPANG DOMGOO 😭😭😭😭 AH MALES BANGETTTT PENGEN PINDAH JEPAAANGGGG 😭😭😭😭😭,-,0,Negatif,1,Marah,Mentan:BedaHarga
Merryana Sholata,Boleh gk si ngomong kasar...,-,0,Negatif,1,Sarkas,Mentan:Blunder
dita_,ko dia bs disana yaa anak smp jg tau itu g bs dibandingin,-,0,Negatif,2,Sarkas,Beras:Mahal
Odieee,Matiin gak mic nya @Garbera.,-,0,Negatif,5,Sarkas,Mic:Beda
zullnasution,pasti banyak lc nya bpk ini,-,0,Negatif,1,Sarkas,Bpk ini:Besar
Hans,"warga +62 selalu ngomong incomenya beda, sy coba analogikan, beras di indonesia 10rb di jepang 100rb berarti perbedaan 10x lipat, skrng UMR indonesia rata2 4 jt, berarti dgn harga beras seperti itu, minimal pendapatan warga jepang 40jt dilihat harga beras yg 10x lipat dari harga beras indonesia, srng yg menjadi pertannya apakah pendapatan warga jepang rata2 40jt dgn harga beras 100rb?",-,0,Negatif,2,Sarkas,Beras:Mahal
gani ⚡,kalo mau naik dibarengkan dengan penurunan pengangguran,-,0,Negatif,2,Sarkas,Harga:BedaDenganJepang
ikin nur ashikin,naik beras TK apa. KLU gaji masyarakat 3 JT sehr,-,0,Negatif,1,Marah,Beras:Mahal
juli,apa jdi disamain sma jepang giling,-,0,Negatif,2,Sarkas,Aspek:Beras:Mahal
TUKANG_MANCIING🔥🔥,"DPR nya tolol"" amat sih bisanya makan uang rakyat",-,0,Negatif,1,Marah,DPR:MengkhianatiRakyat
heri sukandi,beras lokal emang kenapa...,-,0,Negatif,2,Sarkas,Beras:Mahal
Ponk_13,Heyyy pejabat goblok..jangan sama kan negara maju sama negara berkembang..kita sama Jepang beda jauh goblok..umr Jepang aja belasan juta..lah indo brpa..,-,0,Negatif,1,Marah,Mentan:Blunder
raniikhsan1903,"Indonesia katanya lumbung padi , rakyatnya suruh sejahtera apa orang pemerintah yg mau sejahtera?",-,0,Negatif,5,Marah,Mentan:Blunder
galauclub,perbedaan umr jauhh pakkk,-,0,Negatif,2,Marah,UMR:Beda
Ciko jeriko,Emang otak nya uda tua,-,0,Negatif,5,Sarkas,Otak:Bodoh
rapllyaaa,negara yang mentok disitu aja mau disamain negara maju😭,-,0,Negatif,2,Marah,Mentan:Blunder
Lord_Andhy,Baru ibu itu yang sependapat sama kita. Langsung kena skak kan kau pak,-,0,Negatif,5,Sarkas,Mentan:Blunder
🐷pigmoy🐷,"dia sekolah ndk sih,,penghasilan aja udah jauh banget prbedaan nya..",-,0,Negatif,2,Sarkas,Penghasilan:Beda
nana,astaghfirullah 😭,-,0,Negatif,1,Sedih,Beras:Mahal
s a l w a,ini siapa si yang ngomong? pikiran nya kemana dari gaji aja jauh,-,0,Negatif,1,Sarkas,Gaji:Kecil
☺️,"SAHRONI: ""ORANG TOLOL SEDUNIA"" 🤣🤣🤣",-,0,Negatif,5,Sarkas,Mentan:Blunder
inisial_d,gaji jepang dgn indo bedaaaa😭,-,0,Negatif,2,Sarkas,Gaji:Kecil
claszzz_-,"Klo 100rb perkg rakyat yang kurang mampu mau beli pake apa? kami bukan bli beras doang bnyk kebutuhan yg mau di bli,di jepang mahal gaji juga mumpuni",-,0,Negatif,1,Marah,Beras:Mahal
evinur,"emng UMR Jepang ada yg 2,6/bulan pak🤣 dimana"" juga pengeluaran sesuai pendapatan kali pa pa",-,0,Negatif,1,Marah,UMR:Kecil
zeee🍉🍓,"ya kalo gt naikin jg lah gaji karyawan ini, kalian 3jt sehari lah masyarakat ini 3jt sebulan itu jg kadang di undur² terus gajiannya sampe dompet kosong melompong, kebutuhan pokok aja harganya udah kayak emas anjir lah",-,0,Negatif,5,Marah,Gaji:Kecil
cerita hati,"oooh pantesss di pasaran stok di perkecil krn mau ada kenaikan... bisa ga pak2x bu2x pjabat tuh ga bikin gaduh / heboh dg keadaan yg trjadi ... saya jg boleh mau naik 100-150 rb tp gaji pegawai itu 20-30 jt/ bulan... Bpk mau naik in beras kek, gula kek, minyak kek, gas kek.. sembako boleh lah.... saya setujuuu tp tolong gaji kami itu gaji ny 20-30 jt/bln jd buat belanja dll kamu bisa pengeluaran 10-15 jt... smoga bisa ada tabungan 5 jt / bln",-,0,Positif,4,Senang,Gaji:Wajar
feyyyy,serius pemerintah bandinginnya cuma bagian ini aja???? oon sekaliii 😌,-,0,Negatif,2,Sarkas,Pemerintah:Blunder
Sucitoyibah,"Ehhh pak jgn samain jepang ye pak , mereka kerja gajinya brp pak, sama biaya hidup jg masih bisa nabung disana pak pakk disini gaji brp pas pasan hidup pak",-,0,Negatif,2,Marah,Mentan:Blunder
Bypratika,kok bisa org begini 🤣🤣🤣,-,0,Negatif,2,Sarkas,Mentan:Blunder
muahesaaa,goblokkkkk goblokkk disamain sama negara maju,-,0,Negatif,2,Sarkas,Aspek:Beras:Mahal
melaniandikaputri6,ya Allah ini SDM nya.................????? lanjutkan😭😭,-,0,Negatif,1,Sarkas,SDM:Bodoh
BASTARD,"teu sakola sia,nu puguh mah",-,0,Negatif,5,Sarkas,Mentan:Blunder
rahma,"Jepang negara maju pak, yaelah si bapak",-,0,Negatif,2,Sarkas,Jepang:Blunder
Mariza Darlene,oi pak!!! 100rb.. gaji aja nih cuma 1jt ada yg 1.5jt woiiii. dibantu pemerintah juga kagak kami pak. hhahahaha. oi oi... joget joget dapet 3jt perhari. menurut kalian itu gak gede? gak bersyukur namanya. disini banyangin 100rb/hari juga gak sampe pak. masih kerja dapet duit aja udah Alhamdulillah.,-,0,Positif,5,Senang,Gaji:Banyak
Siti Hartini,UMR bandung sabaraha atuh mang teu eling,-,0,Negatif,5,Marah,UMR Indonesia:BedaDenganJepang
∆ETHONIC™✓✓,sumpah kalo pemerintah tuh ngebendingin yg ngotak dikit ngapa jir. kalo emang negeri berkembang yg bandingin yg berkembang juga lah lol,-,0,Negatif,5,Marah,Pemerintah:Blunder
SpillByLuna,lah nyama2in sama negara maju,-,0,Negatif,5,Sarkas,Mentan:Blunder
azteczie,eh gob-,-,0,Negatif,2,Sarkas,Beras:Mahal
Astri,on ol emang ni bapak²,-,0,Negatif,2,Sarkas,Mentan:Blunder
singgih3496,beras naik dikit udah pada rame😂,-,0,Positif,5,Senang,Beras:Mahal
will of D,tai,-,0,Negatif,2,Marah,Harga:Beras:Mahal
sri,Hmmm... mengapa hrs dibanding2kan dgn negara yg sudah majuuu... ???? 🤔🤔🤔🙏🙏,-,0,Negatif,2,Sarkas,Beras:Mahal
12agni,gaji naikin pak jdi saya dagang juga di naikin harganya.,-,0,Negatif,2,Sarkas,Gaji:Kecil
bontotplate,japan masyarakatnya pada kerja. laah indonesia dkerjain pemerintah,-,0,Negatif,1,Marah,Pemerintah:Keterbelakangan
bambangharyadi72,di tmpt kite susah cari KRJ pak mau cari 50rb aj ribet ape LG brng mahal semua 😭,-,0,Negatif,1,Sedih,Beras:Mahal
jihad fisabilillah,woy umr jepang berapa coba lah bandingin itu gajih nya,-,0,Negatif,2,Sarkas,UMR:Mahal
ririaniiw,kayak gini aja di sama samain sama negara orang,-,0,Negatif,2,Sarkas,Beras:Mahal
miasadiqqalubis,org dpr pada setres,-,0,Negatif,1,Marah,Mentan:Blunder
Aziz,kepada BPK pejabat yth anda ngopi aja dulu sebelum rapat tentang negara ini😁😁,-,0,Negatif,2,Sarkas,BPK:Blunder
Simpanan Seokjin💋,lu enak anj 100 perkg juga gajih nya 100 juta perbulan lah rakyat yg gajih nya UMR di bawah UMR gmna?,-,0,Negatif,1,Marah,Gaji:Kecil
juventia agnes,jangan sama kan indo sama jepang karena jepang gaji besar sini gaji minim,-,0,Negatif,5,Marah,Gaji:Kecil
anakkancil97,Indonesia kaum mendang mending di smain Jepang negara maju😳,-,0,Negatif,2,Marah,Jepang:Beda
ckckck,"DPR disamakan sama rakyat malah bilang ""sesat logika"" tapi rakyat miskin dibandingkan sama rakyat yang semuanya dipenuhi negara, sekosong itu kah DPR?",-,0,Negatif,5,Marah,DPR:Blunder
dhaonz80,"Gaji 2,5jt, sehari ngeliwet 1kg, sebulan dibikin aja 28hari 1kg x 28 = 28kg, sekgnya harga 100.000, jadinya cuma 2.8jt, mines 300rb belum buat lauk dll alah rak masook, wong liyo ngerti opo",-,0,Negatif,1,Sarkas,Gaji:BedaDenganHargaBeras
punyakamu🇰🇷,"coba aja ada capres yg mau nurunin harga skincare mahal,pasti bnyak yg milih🗿",-,0,Negatif,2,Sarkas,Harga:BerasMahal
Vanilalatte🧋,Ngomong apa sih dia? Ngang nggong banget? Yakali indonesia di bandingkan dengan jepang? Hahaha😂😂😂😭,-,0,Negatif,1,Sarkas,Mentan:Ngomong
Mba R,Boloho,-,0,Negatif,1,Marah,Beras:Mahal
tukang kredit,"pak ngomong sama tembok aja sana ,",-,0,Negatif,5,Sarkas,Pak Ngomong:SamaTembokAja
Raspberry 2k11,bandingin sama Papua aja dulu dek 🗿,-,0,Positif,5,Senang,Bandingan:Papua
deviiii🥰,"ia lah pak, bapak bisa lah nomong kyk gtu disaat duitmu banyak, dan gajimu pun besar, baru apa kabar dengan kami yg gaji perhari aja pun cuma 100 ribu per hari, apa mau disamakan sama jepang. dengan harga segini aja kami pun dah kualahan blinya pak",-,0,Negatif,5,Marah,Gaji:Kecil
Chen Jing (陈晶),sekelas yg ngomng aja kosong🗿,-,0,Negatif,5,Sarkas,Mentan:Blunder
Alpina Damayanti ✨,berapa gaji guru dijepang pak?,-,0,Positif,5,Senang,Gaji:DapatDiterima
Jastip By Miiiii,penghasilan di jepang aje berape pak😭,-,0,Negatif,2,Sarkas,Penghasilan:Kecil
zee,"matane, gaji umk pati 2,3jt, di padakno jepang",-,0,Negatif,2,Sarkas,Gaji:BedaDenganJepang
Flawerbby,iyaaaaaaa UMR gajinya beda egeeee ahhh,-,0,Negatif,1,Marah,UMR:Beda
tari,yang sejahtera petani apa Kelen lol,-,0,Negatif,2,Sarkas,Mentan:Blunder
Kholifah🌻,pak pak gimane konsepnya liat nohh rakyat lagi njerrit bandingin nye ame jepang pak pak cag,-,0,Negatif,2,Sarkas,Mentan:Blunder
dr.r,di jepang harga beras naik terus pemerintah nya mengundurkan diri!!!!,-,0,Negatif,2,Marah,Pemerintah Jepang:Kegagalan
olav 'n becca,ih botol ni org...samain hrga sama yg umr nya tinggi,-,0,Negatif,2,Sarkas,Mentan:Blunder
Rizky Albantani,"kerja sehari 100 cmn beli beras,jangan samakan dengan jepang pak",-,0,Negatif,2,Marah,Beras:Mahal
bovver,bodoooooo,-,0,Negatif,1,Sarkas,Beras:Mahal
Tesoro,"dpr knp pada bodo bodo banget si yaallah, tapi minta gaji dan tunjangan yg melangit 😭",-,0,Negatif,2,Sarkas,Mentan:Blunder
tia,UMR NYA JUGA BEDA😭😭😭,-,0,Negatif,1,Marah,UMR:Beda
abdi,Bandingin sama jepang jepang penghasilan sebulan 30 jt di indo 3 juta,-,0,Negatif,1,Marah,Beras:Mahal
Arsnn_,disamain sama jepang lgiii 🗿🗿🗿,-,0,Negatif,2,Sarkas,Jepang:Mahal
Taselaaaaaa,tolol NU Kitu teh😂,-,0,Negatif,2,Sarkas,Mentan:Blunder
KUYANG KOREA💜💜,tulul anj...,-,0,Negatif,2,Marah,Beras:Mahal
seen,"just say ""xoxoxo""",-,0,Negatif,2,Sarkas,Beras:Mahal
Depiii,mentang² gaji perhari 3jt enak aja loo ngomong gtuu,-,0,Negatif,2,Sarkas,Gaji:Kecil
NisfuWiedha,Kualitasny beda kocak...Jepang negara maju...lhaa ini....😏emng jepang ada koruptor?,-,0,Negatif,2,Sarkas,Jepang:Korupsi
Ojektripjogja,Jepang negara maju 🤣 indonesia sbnrnya juga maju cma duitnya di makannn tikus,-,0,Negatif,5,Sarkas,Jepang:KomentarTidakLogis
Ad-Dzakiyastore,Gajina kudu 3jt/hari minimal pakk etamah😂 . Urg mah sebulan ge dibawah umr moal asup moall🤣,-,0,Positif,5,Senang,Gaji:Banyak
m@m@ indah,"di lihat dari wajah nya, org ini lebih mementingkan diri sendiri daripada org lain. gini kok di jadikan menteri",-,0,Negatif,2,Sarkas,Mentan:Blunder
Depiii,"keerenn Bu titik lngsung d ULTI ,income aja udh beda gilaaa,UMR 3jt d banding SMA UMR 20jt wkwkw",-,0,Negatif,1,Sarkas,UMR:Beda
meadisty91,kan isi nya org dongo demua,-,0,Negatif,1,Marah,Mentan:Blunder
siiska𐙚˙,"lah kocak dibandingin ama jepang,gaji rakyatnya aja gk sama kek dijepang",-,0,Negatif,1,Marah,Jepang:BedaGaji
B.W1,klo gaji rakyat sehari 3 juta ya ga ada yg ribut😇,-,0,Negatif,2,Sarkas,Gaji:Kecil
kuelapis,oon😩,-,0,Negatif,2,Sarkas,Beras:Mahal
A,TOL0L,-,0,Negatif,1,Marah,Beras:Mahal
nay,"mending ga usah ada DPR dah, ga pernah tuh ngewakilin rakyat, dia pikir beras 100k per kilo semua pada mampu beli, dia mah mewakili isi otak sendiri aja bukan rakyat 🤬",-,0,Negatif,1,Marah,Mentan:Blunder
AnDhi Adhe,mereka itu asbun banget ya,-,0,Negatif,5,Sarkas,Mentan:Blunder
Ayiie🐛,pak Jagan sama kan jepang dengan Indonesia pak😭😭😭,-,0,Negatif,1,Marah,Mentan:Blunder
zheeshoop,ko gk di smain sma negara yg lbih mhal lgi jepang mah nanggung pak,-,0,Negatif,5,Marah,Mentan:BedaHarga
HryoGp?🙋‍♂️,"gaji penduduk jepang 20-25JT perbulan gaji penduduk indonesia 1jt-5jt perbulan😹😹😹 mau naikin harga beras,alamakkk🗿😹",-,0,Negatif,5,Marah,Gaji:Penduduk Indonesia:Kecil
kazara01,yaudah pa kalo mau samain kayak jepang beras sekilo 100 ribu berarti gaji kita juga ganti jadi 20 juta per bulan gpp kita ma main adil,-,0,Negatif,1,Sarkas,Gaji:Kecil
younie,🤣🤣loe nyamain sama jepang..beda woy..jepang pemerintahanny memakmurkan rakyatny sedangkan konoha pemerintahannya memakmurkan diri sendiri,-,0,Negatif,2,Sarkas,Pemerintahan:Korup
Akun Tidak Ditemukan,tolol😂,-,0,Negatif,2,Sarkas,Beras:Mahal
nur aini,mereka tidak masalah mau harga beras naik berapa pun orang negara mereka maju rakyat nya kaya. lah ini Indonesia rakyat nya miskin DPR nya yang kaya,-,0,Negatif,1,Marah,DPR:Kaya
cupapi munyenyoe,tebak pikiran nya dimana 🗿,-,0,Negatif,1,Marah,Mentan:Blunder
laailaama,Tolonglahhh kayaknya rakyat makin sengsara yang duduk manis di situ makin kaya🥹,-,0,Negatif,1,Marah,Mentan:Blunder
Cikgu Ryan,"kemanalah isi kepala DPR ni ,, makin betingkah",-,0,Negatif,1,Sarkas,Mentan:Betingkah
Raya Pohan,Baru naik sedikit??dia itu coba kerja aja sedikit,-,0,Negatif,2,Sarkas,Mentan:Blunder
M🌸🌷,gaji di jepang beda sama konoha,-,0,Negatif,2,Sarkas,Gaji:Kecil
kolay_eryck,ngacoo gaji di indonesia beda beda situenk di bayar rakyat sedang kan rakyat nyari duit seratus itususah,-,0,Negatif,2,Marah,Harga:BerasMahal
intan,kalian para pejbt gk ribut krn mkn gaji buta dr rakyt,-,0,Negatif,5,Sarkas,Pejabat:Blunder
Kesyil🕊,bisa suruh diem ga??,-,0,Negatif,1,Sarkas,Mentan:Blunder
rere,dongo,-,0,Negatif,1,Marah,Mentan:Blunder
ADI ALONSO,"Standar gaji bulanan di Jepang sangat bervariasi, namun rata-ratanya bisa mencapai sekitar ¥300.000 hingga ¥600.000 (sekitar Rp32 juta hingga Rp64 juta) per bulan. Angka ini adalah kisaran umum, dengan pendapatan aktual sangat bergantung pada lokasi kerja (seperti Tokyo yang lebih tinggi), industri, tingkat pendidikan, dan pengalaman kerja individu. 🤣🤣🤣",-,0,Negatif,2,Sarkas,Gaji:Bervariasi
𝒔𝒚𝒂𝒅𝒕𝒙☄️,"dijepang memang beras harganya 100ribu,tapi gajinyakan tinggi,indo? sebulan 1jt doang anj""*",-,0,Negatif,2,Sarkas,Beras:Mahal
Dewi Arum,"ya allah yyarob harus gimana lagi kita menjelaskan ,mengajarkan kepada para DPR ,smakin mereka banyak bicara semakin terlihat ke...........an nya",-,0,Negatif,1,Marah,Mentan:Blunder
AP🤍,Pak gmn si pak😭😭😭😭,-,0,Negatif,1,Sarkas,Mentan:Blunder
chandyoo✨️,ngebandinginnya sama jepang wkwk gaji minim banding gaji sangat besar,-,0,Negatif,2,Sarkas,Banding:Mahal
Sayyidah Jha | MC Purwakarta,@Astri Hermawati 😂😂😂,-,0,Positif,5,Senang,Beras:Murah
Suci Kania,beras naik GAJIH JUGA NAIK LAH PEA BGT DAH,-,0,Negatif,5,Sarkas,Beras:Mahal
kios Rifaray,moncong mu pak,-,0,Negatif,2,Sarkas,Mentan:Blunder
Mamiiculoo,🤢,-,0,Negatif,1,Marah,Mentan:Blunder
ndoywaelah22,pak Jepang udah bisa bikin robot kita bikin gaduh doang,-,0,Negatif,2,Sarkas,Jepang:Beda
Manggo🥭,Mentri dongo banget anj,-,0,Negatif,1,Sarkas,Mentan:DongoBangetAnj
Anindya,pendapatan indonesia gk segede jepang kocak,-,0,Negatif,2,Sarkas,Pendapatan Indonesia:Mahal
Shopkeeper,100rb pee kg disana wajar aja dgn pendapatan mereka disana disamain sama indo yg miskin ini,-,0,Negatif,2,Marah,Beras:Mahal
SAGITARIUS,gimana pak kalau Bpk jd petani saja kami yg beli beras nya,-,0,Negatif,2,Marah,Mentan:Inkonsisten
눈☃️,"Ini ya, kl mau bandingin jgn dikit dikit, tapi semuanya pakk. bandingin semua nya sm jepang dongggg",-,0,Negatif,2,Sarkas,Banding:Kritik
elpiji,isi otaknya apasih,-,0,Negatif,1,Marah,Mentan:Blunder
Mas.E,Jepang negara maju gaji di sana 15-25 juta beras 100 rb y normal weee 😂g mana mentri ni pinter banget,-,0,Negatif,2,Sarkas,Mentan:Blunder
ikarohmn,puenak klu ngomong gak mikir apa klu indonesia gajinya sedikit,-,0,Negatif,2,Sarkas,Gaji:Kecil
PutriGolan,ini beneran ngebandingin indo sama jepang? otk nya ada ga sih,-,0,Negatif,1,Sarkas,Aspek:NgebandinginIndoSamaJepang
Culip,pimpinan dongo pendapatan sama pengeluaran di indo di samain sama di jepang,-,0,Negatif,2,Sarkas,Pengeluaran:Mahal
pisces🐰,Gajih lu tu potong,-,0,Negatif,2,Sarkas,Gajih lu tu potong:Beras
14.des,Pak umr sragen 2jt po padakno jepang 30jt o pak🙃🙃🙃🙃🙃,-,0,Negatif,1,Sarkas,UMR:BedaDenganJepang
karin🦋,ini indonesia bukan jepang,-,0,Negatif,2,Sarkas,Aspek:Sentimen
Delia & Fana,stres dibandingin sama jepang yg negara maju,-,0,Negatif,2,Sarkas,Jepang:Banding
katharine,ett nyenyenyenye🤡🤡🤡🤡🤡🤡🤡🤡🤡🤡🤡🤡🤡🤡🤡🤡🤡🤡,-,0,Negatif,1,Sarkas,Mentan:Blunder
anitaebil,mentri sekrang pada knpa sih???,-,0,Negatif,1,Sarkas,Mentan:Blunder
ibenk,"dia melihat gaji dia doang, gatau tuh yang umr umr kek mana bertahan hidup kalau semua di pajak in",-,0,Negatif,1,Marah,Gaji:Kecil
Bumispill,capek banget anjir jadi rakyat konoha ☹️,-,0,Negatif,2,Sarkas,Mentan:Blunder
Elly Zulyanti,"woy, ngga semua rakyat mampu. pikirin noh rakyat miskin yang ngga kebeli beras. jangan ngurusin rumah wajib DPR yang nominalnya 50jt itu aje. rakyat juga noh masih banyak yang ngga punya rumah. pikirin tuh",-,0,Negatif,1,Marah,Beras:Mahal
Mr. NoHardFeeling,emang negara anjjjjj,-,0,Negatif,2,Sarkas,Mentan:Blunder
thisisme,tuolol,-,0,Negatif,2,Marah,Harga:Beras:Mahal
Ns Nurjanah𐙚,Gak bisa dibandingin sama jepang ih pak😭,-,0,Negatif,2,Sarkas,Jepang:Beda
V3,"pupuk subsidi pak dipirkan, jangan cuma mikirin naikin harga",-,0,Positif,4,Senang,Pupuk:Subsidi
nyai,hadu ..pak di samakan ...jepang ...ok pak sekrang gini y pak...semua rakyat indonesia yg bekrja samakan gaji BPK y...kan enk petani indonesia pasti seneng bngt..jika 100 per kg,-,0,Negatif,2,Sarkas,Beras:Mahal
Hello Ririii Aniiee,"aku mah gpp pak beras harga 100ribu sumpah gpp, asal gaji semua pekerja 100juta ke atas 😂",-,0,Positif,5,Senang,Gaji:Kecil
Bella widia,Kalo beras 100 rb per kg gaji umr habis buat beli beras aja pak gabayar pajak gmna nnti disita negara sekami” nya👀,-,0,Negatif,2,Marah,Beras:Mahal
ririi14,YAA GAJI LO GEDEEEE,-,0,Negatif,1,Sarkas,Beras:Mahal
ig :aayyuuuue,"selaluu gitu, harusnya gini mungkin pak, kemajuan, liat jepang, tapi soal harga, pajak dan lain lain, cari negara lain dulu, jepang juga rakyatnya sejahtera pak, ga kaya indonesia",-,0,Negatif,2,Sarkas,Harga:BedaDenganJepang
amel,mikir atuh keuangan rakyat teu sarua jng jepang dodol jepang negara maju urang ngajedog tinu kasusahan🤣,-,0,Negatif,1,Sarkas,Mentan:Blunder
waaa~•,lah kualitas masyarakat nya beda kocak,-,0,Negatif,5,Sarkas,Masyarakat:BedaKocak
🌸ZAP'stoko🌸,....jepang negara maju...kita negara berkembang jepang gaji sebulan bisa 20 -30 juta....la kita apa....setengahnya aja gak ada gajinya...,-,0,Negatif,5,Marah,Gaji:Kecil
notfound,"emang tolol cuman mikir kantongnya sendiri""",-,0,Negatif,2,Sarkas,Mentan:Blunder
Anifah🧁🍓,heh pak mundur gak !!!,-,0,Negatif,1,Sarkas,Mentan:Blunder
♎ libra,jepang d samakan Indonesia 😏😏😏😏 agak Laen ini emang manusia,-,0,Negatif,5,Sarkas,Jepang:NotComparable
ALI,umr jateng 2.2 umr jepang 22 beda bossss 🙂🙂🙂,-,0,Negatif,1,Marah,UMR Indonesia:Beda
safiraaaarika,kalo mau di samakan sama negara luar yaaa samain dulu kemajuannya lol😭,-,0,Negatif,2,Sarkas,Aspek:Beras:Mahal
munaaaa77,wkwkwkwkw @Raiea @affff @hhdyatiiiii,-,0,Negatif,2,Sarkas,Beras:Mahal
sscorpioooo,layak wargane do pilih kerjo neng jepang 🤪,-,0,Negatif,2,Sarkas,Mentan:Blunder
fenne_,gue ga pinter2 bgt tpi kayanya klo jdi anggota dpr kaga bgni2 amat dah,-,0,Negatif,1,Sarkas,Mentan:Blunder
aderrinachu,gaji d jepang piro bang,-,0,Negatif,2,Sarkas,Gaji:Kecil
Hung Eng Hoe,kenapa harga beras dibandingkan sama jepang kenapa gajinya gak di bandingkan sama jepang🤣🤣🤣,-,0,Positif,5,Senang,Beras:SamaJepang
Kaia,toloooong,-,0,Negatif,2,Marah,Beras:Mahal
mutiee,yauda gini aja pak kasih coba kerjaan dan gaji yg sangat cukup,-,0,Positif,5,Senang,Kerjaan:Baik
Januaria🤍💐,Indonesia UMR berapa pak...,-,0,Negatif,1,Marah,UMR:BedaDenganJepang
ita,gaji 3 juta di konoha disamain ama gaji di jepang hadeh,-,0,Negatif,2,Sarkas,Gaji:Kecil
TanpaNama,bapak nya siapa ini woyyy tolong bawa pulangg 🥹🤮🤮,-,0,Negatif,1,Sarkas,Mentan:Blunder
anakkumbang🐞,bego😭,-,0,Negatif,2,Marah,Beras:Mahal
Z e r o N,"Ya lu kira kira aja pak, Jepang income nya aja beda. gaji di jepang aja serasa 2 bulan di indo 😭😭 Mau nangis gua denger pembelaan DPR kek gini anjirr 😭 Lain kali kalo mau samain yang setara pak jangan tinggi banget 😭",-,0,Negatif,1,Sedih,Beras:Mahal
Khumairashopp,Gaji di jepang berapa bodooh,-,0,Positif,5,Senang,Gaji:Banyak
cnuu57,skolah di mana sih dulu pak kok gblok,-,0,Negatif,2,Sarkas,Mentan:Blunder
Bella widia,Jepang 100 kaya 10 rb disini pakkkkk astagfirullahhhh 😭 kalo 1 kg disini 100 rb gaji umr habis buat beli beras aja toh pak😭,-,0,Negatif,1,Sedih,Beras:Mahal
Asep Hermawan,D0ng0,-,0,Negatif,2,Marah,Beras:Mahal
widiya L-1485,ribut lah anjjj loe enak dapet tunjangan beras 12 jg perbulan😡,-,0,Negatif,1,Marah,Beras:Mahal
🥱,dongo,-,0,Negatif,1,Marah,Mentan:Blunder
Toblack Hideung,di jepang yg korup di hukum mati di konoha malah di kasih tiket untuk liburan,-,0,Negatif,1,Sarkas,Jepang:Korup
renyy@shanumsaputro,pakk.. gaweanmu wee gx koyo jepng luu pak😳,-,0,Negatif,5,Sarkas,Mentan:Blunder
Irviidaa ⋆°. 🎀༘ ⋆°.,Orang kokkk beloonn yaaa????,-,0,Negatif,2,Sarkas,Beras:Mahal
Devano_2712,"Kalau Menpan beras dpt Tunjangan, klo rakyat kecil mau mkn sj susah, mosok di bandingkan sm Jepang",-,0,Negatif,2,Marah,Beras:Mahal
Loraaaa,CANGKEME GAJINYA AJA BEDA TA II TA II,-,0,Negatif,2,Sarkas,Gaji:CANGKEME
bittensweet,gaji nya aja beda lol😭,-,0,Negatif,2,Sarkas,Gaji:Kecil
RIZAL FADLY,"Pemerintah Goblok kek gini kok bisa jadi dpt, ngapain di sama* in sama negara Jepang, di Jepang income pracipta nya beda tolol,",-,0,Negatif,1,Marah,Pemerintah:Goblok
r4hm4n,anjir di bandingin dengan jepang🤣,-,0,Negatif,2,Sarkas,Bandingan:Beda
MamacelineZf,tolollll,-,0,Negatif,2,Marah,Beras:Mahal
TokotokOfficial,jangan di samain sama negara maju pak😭,-,0,Negatif,2,Sarkas,Jepang:Beda
novell🔥,ya jepang 100 ribu perkilo ya gajinya brpa bro agak laen gadeh,-,0,Negatif,1,Sarkas,Jepang:Mahal
나이스-n,Oon,-,0,Negatif,2,Marah,Beras:Mahal
Hate_liars,gaji insonesia berapa pak sesuai gk sadar gk sih pak pas bicara😂,-,0,Negatif,2,Sarkas,Gaji:Kecil
Alika setya,stress dibandingno karo jepang,-,0,Negatif,2,Sarkas,Beras:Mahal
caca,Gaji jepang jgn di smain sma indo😭😭,-,0,Negatif,2,Sarkas,Gaji:Kecil
s,"kalau mau disamain sama jepang, ya umr nya juga dong pak, umr gak naik tapi bahan pokok naik drastis",-,0,Negatif,2,Marah,UMR:BedaDenganJepang
nibrass,titik soeharto lbh waras yg lain perlu ke rsj,-,0,Negatif,1,Sarkas,Mentan:Blunder
Arumyta Salfa Ahmad,JEPANG UMR NYA 20JUTA UMR INDONESIA CUMA 2JUTAAAAAAAAAAAAAAA,-,0,Negatif,5,Marah,UMR Indonesia:BedaDenganJepang
mamah rara shop,"di saruakn jng Jepang, Jepang mh gaji na hnte 3juta perbulan kehed",-,0,Negatif,2,Sarkas,Gaji:Kecil
superzark1,beda boi mata uang nya besar sana dari pada sini sesuai.,-,0,Negatif,2,Sarkas,UMR Indonesia:Mahal
Ujangkedu🇵🇸,Kan goblog,-,0,Negatif,1,Sarkas,Mentan:Blunder
🕊️,Dpr sekarang pada dongo2 sih heran GOBLOK,-,0,Negatif,2,Sarkas,Dpr:Benci
®BlackRed,"eh mentri pengull lu gak bisa bandingin apa UMR jepang gede pengul 15jtaan lah UMR Konoha cuma 3,7 cukup buat wasallam doang",-,0,Negatif,1,Sarkas,Mentan:Blunder
CEO Bangkrut'™,jepang gaji berbulan puluhan juta.koplok,-,0,Negatif,2,Sarkas,Gaji:Kecil
karmila Askhar,"soal dari gajih aja udh beda bgt , gajih Jepang 20jt ke atas sdngkn indo UMR 3jt emng gk lain dia😭...",-,0,Negatif,1,Marah,UMR:BedaDenganJepang
ucup,,-,0,Negatif,2,Marah,Harga:Beras:Mahal
HepiHepi2025,Sekolah pada yg pinter gaes biar kaga kaya orang ini,-,0,Negatif,2,Sarkas,Mentan:Blunder
indiraaaaa,yaallah ini serius bgt nih gua wni,-,0,Negatif,2,Marah,Mentan:Blunder
Ade Murnihati,mau GK ribut. BPK bt negara ne LBH dari mata uang jepanglh bisa bapak bt GK.ngomng mu mudah x,-,0,Negatif,5,Sarkas,BPK bt negara ne LBH dari mata uang jepanglh:Blunder
2jagoan,harga bahan pkok di samain sma negara maju. tapi pendapatan rakyat gk mau tauu 😅😅,-,0,Negatif,2,Sarkas,Pendapatan Rakyat:Kecil
tanabitta_nbl95,"bisa""nya org kek gini jari men***😭😫",-,0,Negatif,1,Marah,Mentan:Blunder
hafsah,"lah kocak. umr kita aja berapa, mau hargai beras 100rb/kg. liat noh, org"" kecil dia aja butuh waktu seharian buat sekilo beras seharga 17rb/kg😭 kekmn",-,0,Negatif,5,Sedih,Beras:Mahal
Emba Retno,ini orang gmn sih wong jepang di bandingin sama Indo ya beda pak.kalau di jepang uang 100 ribu ya kaya duit 1.000 di indo ya jls g ngaruh wong negara maju.,-,0,Negatif,5,Sarkas,Jepang:BedaPak
kimwookie🐻,"demi allah, dongo😭",-,0,Negatif,1,Sedih,Mentan:Blunder
Aii,dia ngomong gitu mikir ga sih? apa asal ngomong😭,-,0,Negatif,2,Sarkas,Mentan:Blunder
Andy Aaron,"jangan bandingkan negara lain, sistemnya yg harus diperbaiki kalau income masyarakat 3 juta per hari yah bisaa, makanya kalian di DPR tdk merasakan yg dirasakan masyarakat sekarang",-,0,Negatif,2,Marah,Sistem:Beda
gardd,"umr jepang piro pak,indo umr 2,4 aja wes ngepok ,,bodooo",-,0,Negatif,1,Marah,UMR Indonesia:BedaDenganJepang
mnty,Nyamain sama jepang yg gajinya ber kali kali lipat dasar tollol tlolll,-,0,Negatif,1,Marah,Gaji:Kecil
windyyas,jepang negara maju anjir kalo indo negara maju kena mundur juga kena,-,0,Negatif,1,Marah,Jepang:Kritik
Beliyokditokoku,jgn samakn Indonesia dg jepang yg jelas spt bumi dan langit,-,0,Negatif,5,Sarkas,Jepang:BedaDenganIndonesia
siskaa_kristiani,Anjirrrr lawakkkk...,-,0,Negatif,2,Sarkas,Beras:Mahal
Mama Nizam,"dia ngomong gitu karna dia Kerjanya di DPR..cobak kerjanya dia serabutan,kdang dapat uang kadang enggk,apa bisa dia ngomong gitu",-,0,Negatif,2,Sarkas,Mentan:Blunder
al,rudet anyi,-,0,Negatif,2,Sarkas,Beras:Mahal
Emzeyali Shop,apanya yg belum selesai ... kok kaya hilang gada sambungan ... apa lupa mau omong apa krn grogi ya ?,-,0,Negatif,2,Sarkas,Komentar:Bingung
Aghel.id,"Naikin UMR Indonesia dikit aja, jepang aja UMR nya 30jt",-,0,Negatif,1,Marah,UMR Indonesia:Mahal
Nanasmuda,Blok,-,0,Negatif,1,Marah,Mentan:BedaHarga
peachybunnn._,Tolol bet ni bapa bapa,-,0,Negatif,5,Sarkas,Bapa:Beda
Mama Elgio,🤣🤣🤣 Kualitasku,-,0,Negatif,2,Sarkas,Beras:Mahal
Mmh Hafidz,"bpk makan aja dr kita,..",-,0,Negatif,2,Marah,Mentan:Blunder
Lauraaa,UMR Jepang berapa jirrrrrr 😫,-,0,Negatif,1,Sarkas,UMR Jepang:Mahal
🫨,mentri nya ini byk yg dongo ya,-,0,Negatif,1,Sarkas,Mentn:Dongo
MUA JUPERIAS90✨,ya Allah😩,-,0,Negatif,2,Sedih,Beras:Mahal
🇮🇩🅂🄰🄳🄳🄰🄼 🄼🄵🄱🇯🇴,Ongoll,-,0,Negatif,1,Marah,Mentan:Blunder
@nie 04,"ya iyalah anggota DPR harga beras naik nggak ribut, kan jatah beras dia 12 JT/ bulan.",-,0,Negatif,2,Sarkas,Mentan:Blunder
iph,"Betul betuulll, tp ngapoi kau omongke",-,0,Negatif,1,Sarkas,Mentan:Blunder
NahidaAchmad,Goblooog nya kebangetan!,-,0,Negatif,1,Sarkas,Mentan:Blunder
Mas Syarif,Ngomong doang,-,0,Negatif,1,Sarkas,Mentan:Blunder
heydhie🖤☘️,"mantapppp langsung si skak kan sama ibu negara, mentrinya seneng bgt jatuhin nama baik bapaknya si",-,0,Negatif,2,Sarkas,Mentan:Blunder
El,GPP naik asalkan gaji tiap orang jiga naik 5x lipat,-,0,Negatif,2,Sarkas,GPP:Kecil
amllptr._,gaji DPR Indonesia melebihi gaji DPR jepang kayanya pak hahaha,-,0,Positif,5,Senang,Gaji:DapatDibandingkan
Syaidatina,LOLOT,-,0,Negatif,1,Marah,Mentan:Blunder
only one🦖,disuruh mikir sama orang yang bodoh,-,0,Negatif,1,Sarkas,Mentan:Blunder
neeta baito,ampunnnnn deh...,-,0,Negatif,2,Sarkas,Beras:Mahal
singobalap,"aduh gmn sih ni Mentri .org jepang GK mungkin bli beras keindonesia,jepng slalu memikirkan rakyatnya nah indonesia memjkul beban pajak buat gji pjbat",-,0,Negatif,2,Marah,Mentan:Blunder
meee(.◜◡◝),naikin juga gaji indo kaya jepang,-,0,Positif,5,Senang,Gaji:Kaya
irmaaa😊,"pak jangan samain sama Jepang SDM disana tinggi sedangkan SDM di Indonesia rendah ya ngamuk kalau harga naik semua, cobak gaji di naikkan semua kan enak ngikutin gaji Jepang 🤨",-,0,Negatif,2,Sarkas,SDM:Rendah
Hiya Hiya,"Dia tau ga sih? Pendapatanny aja udh beda, ini lulus SMA GA SIH? 😏",-,0,Negatif,5,Sarkas,Mentan:Blunder
Dapur Mamak,"pak gaji e ning jepang karo ning indonesia sejeee pak tulungg, lek podo kok padakne yo oleh pakkk, laaa bedo adoh lo pakkk capeekk aku",-,0,Negatif,1,Sarkas,Mentan:Blunder
LIVERPOOL,gue setuju asalkan gaji di naikin jafi 80 juta /bulan,-,0,Positif,4,Senang,Gaji:Ditingkatkan
raizal store,woy gajih UMR Jepang tinggi.,-,0,Negatif,2,Sarkas,UMR Jepang:Besar
Ilhamsyah,Ohhh tunjangan beras sampai besar ohh pake data beras jepang hitungannya,-,0,Negatif,1,Sarkas,Beras:Mahal
MOHAMMAD SALIM,ruwet,-,0,Negatif,1,Sarkas,Harga:Beras:Mahal
FAJAR HADI SUCAHYO,ANJAAY JEPANG 🤣🤣 UMR 4 juta dibandingin sama UMR 40 JUTA . Gblk,-,0,Negatif,1,Marah,Mentan:Blunder
R,serius harga beras di indonesia dibandingin sama jepang?😵‍💫,-,0,Negatif,2,Sarkas,Beras:Mahal
_knhh7,Lah bolot amat perbandingan nyaaa jepang lolokkkkk,-,0,Negatif,2,Sarkas,Perbandingan:Bolot
enya,output'a jepang ma indo jg d jepang sbln bisa dpt 20jt bisa lebih d indo nyari 3jt sbln aj udah banting tulang klo ngomong mikir npa pak de,-,0,Negatif,1,Marah,Mentan:Blunder
nulminul,lol ni orang looooh,-,0,Negatif,1,Sarkas,Beras:Mahal
Atul,"dibandingin ama jepang, timnas indonesia ngelawan jepang aja kita ketar ketir 😭😭",-,0,Negatif,1,Marah,Mentan:Blunder
VinAes🦋,itu sebelum ngomong mereka mikir dulu ga sih?😭,-,0,Negatif,2,Sarkas,Mentan:Blunder
chaaaa,TOLOL APA GOBLOK?,-,0,Negatif,5,Sarkas,Mentan:Blunder
zi,"bener bener dari kemarin pemikirannya ga punya otak semua, yg dibicarain nol besar semua",-,0,Negatif,1,Sarkas,Pemikirannya:Bodoh
lin,"siapa kemaren yang bilang sesat logika gara2 dibandingin sama rakyat jelata, tolong arahin ini juga tersesat beliau",-,0,Negatif,1,Marah,Mentan:Blunder
idfc,GOBLOGGGG RUPIAH AJA NILAINYA RENDAH,-,0,Negatif,2,Sarkas,Mentan:Blunder
Cinnamon,Matane disamakan sama jepang 😭😭😭,-,0,Negatif,2,Marah,Jepang:Beda
neee chan,Taapiiiii Jepang gajinya bisa 10-15 juta/bulan dan beras juga ada yang 5kilo 300ribu loh pak,-,0,Positif,5,Senang,Gaji:Banyak
"HI, AKU D I R A🍒",Langsung di Ulti sama Ibuk kesayangan gue😭🙏🤣,-,0,Negatif,2,Sarkas,Mentan:Blunder
Riri Andriani,"emang ada petani yg sejahtra ? hidup tetep aja pas pasan mereka , walaupun beras naik, 😭😭😭",-,0,Negatif,1,Sedih,Beras:Mahal
🦋,@Chyaa beh😂,-,0,Positif,5,Senang,Beras:Murah
likalieta,UMR jepang SM indonesia kn jauhhh pak..😭ihh parah🤦🏻‍♀️😡,-,0,Negatif,1,Marah,UMR Indonesia:Malah
Lilianasukma,Pingin misuh tp kasian ama anjing,-,0,Negatif,2,Sarkas,Beras:Mahal
rvvnn,"nahh, nahh gblknyaa",-,0,Negatif,2,Sarkas,Beras:Mahal
mashudahpradana,masak disamakan sama negara maju om😬😬,-,0,Negatif,2,Sarkas,Aspek:Beras:Mahal
pinguin,UMR jepang bos .,-,0,Negatif,2,Marah,UMR:Mahal
Rahmat Sb,😂😂😂,-,0,Negatif,2,Sarkas,Beras:Mahal
Allan Wong,menaikkan beras juga untuk kesejahteraan petani..baru naik dikit saja udh ribut,-,0,Positif,4,Senang,Beras:Dukung
syifa.,duh tolol 😃,-,0,Negatif,1,Sarkas,Mentan:Blunder
Er_Pasaribu💕,inilah kalo bangun tdr suruh ngomong 🌚👺,-,0,Negatif,2,Sarkas,Mentan:Blunder
INTAN 🍓,"pak di Jepang harga beras segitu ama gaji masyarakat juga aman ae pak, lah kite 100 ribu perkilo apa gak mampus yang beli mana makanan pokok beras lagi",-,0,Negatif,1,Marah,Beras:Mahal
Zauuuuuu,pak jepang aja gajinya udah sampe 20 jt🥰,-,0,Positif,5,Senang,Gaji:Banyak
Panda,mentan amran kok tolol si,-,0,Negatif,1,Sarkas,Mentan:Blunder
King Scorpio,ternyata syarat jd pejabat tu gaperlu pintar dan cerdas ya adik²😁,-,0,Negatif,2,Sarkas,Mentan:Blunder
Joevanka Lovefata Doni,iya lah,-,0,Negatif,2,Marah,Beras:Mahal
Chocolate,"Gendeng , indo kok dipadakno jepang . Bayarane wes bedo ndeng gendenggg",-,0,Negatif,5,Sarkas,Mentan:Blunder
fnynov,PEAK,-,0,Negatif,1,Marah,Harga:Beras:Mahal
muezza 77777,"ini indonesia pak,rakyat nya masih banyak yg melarat,buat bli beras aja susah,jd gk ush banding2 kn ,ama jepang.",-,0,Negatif,5,Marah,Beras:Mahal
hewes625,apakah ini juga termasuk kata pak sahroni t....,-,0,Negatif,1,Marah,Mentan:Blunder
jayinyourmind,"kami juga ribut pak, kok bloon gini bisa jadi DPR",-,0,Negatif,2,Sarkas,Beras:Mahal
Rezirtn,"Iyo pak ,gajinem ancen puluhan juta ..padakno rakyat",-,0,Negatif,1,Marah,Mentan:Blunder
The D collection,Pa min UMR 50 jt gk papa naik 100 rbu juga,-,0,Negatif,2,Marah,UMR:Beda
Mami mazeya,"Malu ga sih kita dengernya? Indonesia ga bisa lah dibandingin sama jepang, sekali lagi jepang!!!",-,0,Negatif,1,Marah,Mentan:Blunder
ayu,ga bisa berkata2 dpr guuuoooobloookkkkk,-,0,Negatif,1,Sarkas,Beras:Mahal
the chan🇹🇼,JEPANG GAJINYA AJ GK AD YG 3JT MHON MAAF IN,-,0,Negatif,1,Sarkas,Jepang:Kecil
itok92__,pindahken ieu jelema KA jepang lieur,-,0,Negatif,1,Sarkas,Jepang:Jelema
alofida,"Umr Jepang beda sama Indonesia elah, gapernah nunduk si idupnya 😮‍💨",-,0,Negatif,2,Marah,Beras:Mahal
emmaamalia603,"jepang berasx premium,,, nah Indonesia beras premium di oplos hargax di kasih naik🥴🥴",-,0,Negatif,1,Marah,Beras:Mahal
cicci,jadi DPR pas pemilihan nyogok ini 🤣kentra gobloknya😅,-,0,Negatif,5,Sarkas,DPR:Goblok
Rendyy,Mata uang aja beda Dungu ibaratnya : 1 dolar aja hampir 17k sedangkan yg di bilangnya yg 17k jelas beda lah,-,0,Negatif,2,Sarkas,Mata Uang:Beda
qwerty_,"ya ributtttt lahhh, gaji segini kebutuhan membludak sirrrrrrrr",-,0,Negatif,5,Marah,Beras:Mahal
Ewockz05,knp orang t*lol bisa masuk kerja di kepemerintahan lahh...,-,0,Negatif,2,Sarkas,Mentan:Blunder
Danz,"Asli parah, sekelas Mentri aja gak bisa bandingin Apple to Apple",-,0,Negatif,2,Sarkas,Jepang:TidakAppleToApple
accep,setres semua ni,-,0,Negatif,2,Marah,Beras:Mahal
giyantiyanti301,alah pak jgn di sama kan jepang dong pak,-,0,Negatif,2,Marah,Mentan:Blunder
SITISUNDA,rek t ribut kmh harga pare mah murah meriah tapi ges jadi beas mahal pisan 😁,-,0,Positif,5,Senang,Harga:BerasMurah
APELU ♊🐱,kocak banget bapak ini,-,0,Negatif,2,Sarkas,Mentan:Blunder
anak baik,gaji serius kerjaan misterius 🤣,-,0,Negatif,2,Sarkas,Gaji:Kecil
FRD,"kok bisa ya orang dengan pemikiran sedongo itu ada disitu, kepilih nya lewat audisi lawak kah?",-,0,Negatif,2,Sarkas,Mentan:Sedongo
MakBetii Konten Komedi,kocak,-,0,Negatif,1,Sarkas,Harga:Beras:Mahal
Teaandcheese,"Baru macet dikit, ribut minta tunjangan 50 jt. MANJA!",-,0,Negatif,2,Sarkas,Mentan:Manja
ハン🥃,tolol mau di samain dengan jepang umr aja gk sampai 15 juta mau di samain 😭 。,-,0,Negatif,2,Marah,UMR:BedaDenganJepang
🦁,Dpr tolol,-,0,Negatif,1,Sarkas,Dpr:Blunder
Luminous,Coba punya malu kek Pemerintah jepang,-,0,Negatif,2,Marah,Pemerintah Jepang:Blunder
anak baik,"naik dikit, tapikan rakyat ga dapet tunjangan beras kaya dpr",-,0,Negatif,2,Marah,Mentan:Blunder
Smirnaja,Betull bu titik gaji di jepang sama sini aja jauh betul 🤣,-,0,Positif,5,Senang,Beras:Murah
Nuriiy Insani,Jgn ko sm kan Jepang pak dmana otak ta,-,0,Negatif,2,Sarkas,Jepang:Blunder
gendon,samakan saja harga beras indo dan jepang pak tapi samakan juga umr kita dengan jepang setelah di kruskan pak anda sanggup?,-,0,Negatif,1,Marah,Mentan:Blunder
npc bumi🌍,petani padi: peduli apa gwh😹😹,-,0,Negatif,2,Sarkas,Beras:Mahal
accep,siluman geram,-,0,Negatif,1,Sarkas,Harga:Beras:Mahal
butterscotchlatte_,perbandingan yg ga bisa dibandingkan kocak 😂,-,0,Negatif,2,Sarkas,Perbandingan:Beda
Dayattek,"yee kocak malah di bandingin sama jepang ngaca lol jepang pemerintah nya bener warganya terjamin , lah ini konoha isinya tikus semua",-,0,Negatif,1,Sarkas,Jepang:KomentarTidakLogis
リスナ🌊✨,"Lah sue emang pertanyaan nya, emang Indonesia negara maju hah?",-,0,Negatif,2,Sarkas,Mentan:Blunder
itaa🦖🦖,oon,-,0,Negatif,2,Marah,Harga:Beras:Mahal
vhia supi,jangan di samain sama negara maju atuh,-,0,Negatif,2,Marah,Mentan:Blunder
Lela,Kok bandingkan ke jepang ga nyambung pakkkk,-,0,Negatif,2,Sarkas,Bandingkan:Mengeluh
sunflowr,"ga habis pikir aku org org pemerintah zaman skrg, kebanyakan apa sih mreka ini? tolol njir omongan sam*ah semua",-,0,Negatif,5,Sarkas,Mentan:Blunder
PawPaw Meong 🐾,Ingin memaki menghujat mengatai dan mcm2 lah😫,-,0,Negatif,2,Sarkas,Mentan:Blunder
ryuno872,maju mundur kena wkwkkwk,-,0,Negatif,1,Sarkas,Mentan:Blunder
fitrianalarasati🩶🩶,atuhhhh di samain sama jepang...ya gak bisa paaaakkkkk...jepang itu negara maju..disana aja gajinya berapa...lebih dari 10jt untuk karyawan belum kalo posisi tinggi...ya wajar aja 1kg 100rb..semakin besar upah kerja semakin besar biaya hidup disana..di indonesia apa...gaji segitu aja tapi semua serba mahal...,-,0,Negatif,1,Marah,Beras:Mahal
rii,Sama chat gpt mending chat gpt,-,0,Negatif,2,Marah,Beras:Mahal
Maylia Fauziah,dungu. UMR nya juga naikin dong kaya jepang. 2 digit bisa ga UMR indo? baru 100rb per kilo kita terima,-,0,Negatif,1,Marah,UMR Indo:Mahal
pisces,ku rasa klo gaji pekerja indonesia 20 JT pasti ngk ribut pak pak.kau bayangkan pak brpa rakyat Indonesia,-,0,Negatif,1,Marah,Gaji:Kecil
Ichagore,Dongo bgt,-,0,Negatif,2,Sarkas,Beras:Mahal
mom's keenandra🦋,lailahailallah jpng mh mju ddie jlm mlart g msi loba😞,-,0,Negatif,1,Sedih,Beras:Mahal
zzzy,jepang emang negara maju s3dangkan Indo baru berkembang kan,-,0,Negatif,2,Sarkas,Jepang:Kegiatan
Mamy aw aw,"kalo km enak pak...makan aja di tunjang,,JD beras hrg brp aja km gak kawatir",-,0,Positif,5,Senang,Beras:Murah
agunggumelar___,si t0l*ol,-,0,Negatif,5,Sarkas,Mentan:Blunder
dafebby caca,"kumpul di markas,ntr mlm kt berantemin dia",-,0,Negatif,2,Sarkas,Mentan:Blunder
hmm,,-,0,Negatif,2,Marah,Harga:Beras:Mahal
SaptaWijaya,Rata2 yg masuk dpr sekolah gasih?,-,0,Negatif,1,Sarkas,Mentan:Blunder
Taritaaulia 🌸⋆ 𐙚 ̊.,Disamain sama Jepang🥰,-,0,Negatif,2,Sarkas,Jepang:Beda
bintari shanum,indonesia di samain sama harga jepang pak 🤣kocak 🤣🤣🤣🤣,-,0,Positif,5,Senang,Beras:Mahal
jujitsu,Liat umr nya monyet,-,0,Negatif,2,Sarkas,UMR:Monyet
yhen_fadil09,ngomong naun sih pak...,-,0,Negatif,2,Sarkas,Mentan:Blunder
𝑌𝑢𝑙𝑖𝑖.𝐺𝑅𝐿9♍,"serius nanya, ini isi kepala nya ada gk?",-,0,Negatif,1,Sarkas,Mentan:Blunder
Story.senja,Oon 😭,-,0,Negatif,2,Sarkas,Beras:Mahal
pixy.notfound,pekok dipelihara,-,0,Negatif,1,Marah,Mentan:Blunder
Zyxumiya,ya beda dong dari gaji/pendapatan trus nilai mata uang aja udah beda. survey lagi deh BANG,-,0,Positif,4,Senang,Survey:BENAR
Ainuunyu,bapak bangun dong liat umr kita😂 ko d banding bandingkan,-,0,Positif,5,Senang,Bapak Bangun:Dukung
黄 Ko Petrus,gak mampu mundur bodoh,-,0,Negatif,1,Marah,Mentan:Bodoh
LiBra girl,go the block ni aki2,-,0,Negatif,2,Sarkas,Mentan:Blunder
ニーナ,heh pak jgn bandingkan sama Jepang gamalu apa,-,0,Negatif,2,Sarkas,Bandingkan:Mengganggu
DaniSuryana_07,indo sama jepang beda pak,-,0,Negatif,1,Marah,Jepang:Beda
aliyandra saputra,bayarane manjing Piro kok pnk cangkme lk omong..Rego 14 ewu ws Ngah ngoh kok rumasaku,-,0,Negatif,5,Sarkas,Mentan:Blunder
ahmad khotib,eh tolol dia tolol se tololnya,-,0,Negatif,5,Sarkas,Tolol:Mengganggu
Yiyi,kalo beras di Indo 100 rb per kg gw pindah ke hogwarts aja,-,0,Negatif,1,Sarkas,Beras:Mahal
gembil07,Ini menteri2 pada kenapa sih heran banget anj,-,0,Negatif,2,Sarkas,Mentan:Blunder
resayra,🤣,-,0,Negatif,2,Sarkas,Beras:Mahal
RizkaDwiNurfajrin,"Disamain ama jepang, keren bangat luuuh",-,0,Negatif,2,Sarkas,Jepang:Beda
ee&aa,jepang negara maju rakyat makmur korupsi g ada .la sini uang rakyat di makan pejabat.,-,0,Negatif,5,Marah,Jepang:Beda
Kuwyy,"ngebandingin Jepang anjay, pendapatan aja udah beda. konsumsi naik pendapatan flat ya gimana ga ribut? 😅",-,0,Positif,5,Senang,Jepang:Berbeda
mochiezaa🥀,ngomong ky gk dipikir dulu,-,0,Negatif,1,Sarkas,Mentan:Blunder
nlsp,kocak banget nih orangg amit amit,-,0,Negatif,2,Sarkas,Beras:Mahal
iyun🥸,"lawak pakde, gaji mu 3jt / hari kmi 3jt/bln",-,0,Negatif,2,Sarkas,Gaji:Beda
cici🫧,Oon,-,0,Negatif,2,Marah,Beras:Mahal
Kenny Tembem,beda lah UMR jepang aja puluhan juta 😅 ngomong gak ngotak,-,0,Negatif,1,Marah,UMR Jepang:Beda
liii,jepang disamain indo kocak bgt😂,-,0,Negatif,2,Sarkas,Jepang:Beda
sarlisheza,"jepang beras mahal karna berasnya beda,",-,0,Negatif,2,Sarkas,Jepang:Beda
Teler ki🀄,emg di jepang ada sawah?,-,0,Negatif,5,Sarkas,Jepang:KurangRealistik
Wahyudi Cool,"ko bisa ya , orang ini jd anggota 😂😂😂, secara UMR Qt aja beda",-,0,Positif,5,Senang,Aspek:Netizen:Ketawa
fauzirashop,pak turun aja pak.. gawe mumet,-,0,Negatif,2,Sarkas,Mentan:Blunder
Ola🌺,tolol bgt si pak😭,-,0,Negatif,1,Sarkas,Mentan:Blunder
emondoank02,"Mentri kok dongo,,, dibandingin sama jepang,,hadeuhh,, salah pilih Mentri BPK presiden kita,,",-,0,Negatif,1,Marah,Mentan:Blunder
IbusukaJajan🍜🍡🧋,pendapatan di Indonesia itu rata² berapa bapakkkkkkkk........jangan kau samakan sama pendapatan mu 😒😒😒😒,-,0,Negatif,2,Sarkas,Pendapatan:Malah
mecca12,WOY ELAH KESEL BET GUA,-,0,Negatif,1,Sarkas,Mentan:Blunder
xihon,"hdehhh UMR jepang gede pak, bandingin UMR Indonesia udah kecil kena pajak lagi😭",-,0,Negatif,2,Marah,UMR Indonesia:Besar
ドラちゃん,"Tolo,,",-,0,Negatif,2,Marah,Beras:Mahal
🩵,BUBARKAN DPR!!!! BEBAN!!!,-,0,Negatif,1,Marah,DPR:Beban
M Dadan,Tenaga kerjanya samain dong sama jepang 😅,-,0,Negatif,2,Sarkas,Tenaga Kerja:Miring
americano3s_,"jepang kalo menterinya bermasalah mengundurkan diri, indonesia??",-,0,Negatif,2,Sarkas,Mentan:Bermasalah
pril18,"bukannya gak mau naik, tapi gaji saya juga gak naik2 buat kesenjangannya aja udh berbeda klau smua naik, gaji gak naik ya gmnaa",-,0,Negatif,2,Kecewa,Gaji:Kecil
bunara✨,"UMR 3jt , disamain sama UMR 30jt , banyak2 istigfhar pak 😫",-,0,Negatif,5,Marah,UMR:BedaDenganJepang
Bang halim,jangankan naik 100 pak.naik 1juta aja gpp.tapi naikikn juga dong UMR pekerja.kalo ngomong jgan bandingin dong yang sama gaji 2digit,-,0,Negatif,2,Marah,UMR Indonesia:BedaDenganJepang
.,Bandingin coba kinerja kau sama pemerintahan jepang bujangg!!!,-,0,Negatif,5,Sarkas,Mentan:Blunder
viiin?,pea dongo jepang anti korupsi,-,0,Negatif,2,Marah,Beras:Mahal
astynomnom,makin muak muak sma kalian anj,-,0,Negatif,1,Sarkas,Mentan:Blunder
Herni Sri purwasih,mundurr aja pak jdi dprrr GK pantesssss,-,0,Negatif,2,Sarkas,Mentan:Blunder
User7658954330,si bro mencoba menjelaskan,-,0,Negatif,1,Marah,Mentan:Blunder
Lyly 🦋,"amit amit ya Allah,neroko panggonanmu pak",-,0,Negatif,5,Marah,Mentan:Blunder
Elvi Riaa,Goblok kok di pelihara 🤬,-,0,Negatif,1,Marah,Mentan:Blunder
scpy_purutul,"ngaca anj ini indo, tolol banget sii padahal udah tuaa",-,0,Negatif,5,Sarkas,Mentan:Blunder
Creeper.,bener kah rata rata anggota DPR punya pikiran kek gini ?😢,-,0,Negatif,1,Marah,Mentan:Blunder
harnoo²8,makek ini orang,-,0,Negatif,2,Sarkas,Makek ini orang:Beda
septi yuri,minimal gajinya 11 12 dg jepang ga jd masalah naik 100rb .la ini 4jt 3jt 2jt 1jt dan masih bnyk yg dibawa 1jt naik 100rb 🤣🤣🤣,-,0,Positif,5,Senang,Gaji:Banyak
BUBUR🍲AYAM mas jangkung,indonesia banyak pejabat sarjana.tapi otak nya gak becus.harga bole naik tapi lihat dulu.cari kerja an aja susa.PHK di mana mana.,-,0,Negatif,1,Marah,Mentan:Blunder
Eve.H,Tooooooooloooooooooooooooooo. Llllllll,-,0,Negatif,1,Sarkas,Mentan:Blunder
Ayu,pindahin aja ni orang suruh nanam padi dijepang,-,0,Negatif,1,Sarkas,Mentan:Blunder
ir..one,naikan umr jadi 20juta. biar la beras mahal..,-,0,Positif,5,Senang,UMR:Besar
n,Oon,-,0,Negatif,2,Marah,Beras:Mahal
🍣❣️,yeee stresss,-,0,Negatif,1,Sarkas,Mentan:Blunder
Ta♡˚᷀*🦢,Gila semua gila 🗿,-,0,Negatif,1,Marah,Mentan:Blunder
monmon,ni orang ngomong pake mikir dulu gak si??😔😔,-,0,Negatif,2,Sarkas,Mentan:Blunder
esmatchai•✧♪,pak pulang aja deh kerumahh serius😭,-,0,Negatif,2,Sarkas,Mentan:Blunder
srizjm,"klo gitu konsep nya samain juga gajinya indo kyk jepang, lapangan kerja aja susah, mau di samain sm negara maju",-,0,Negatif,2,Sarkas,Gaji:Kecil
user001290402,HA HA,-,0,Negatif,2,Sarkas,Beras:Mahal
nobitaaa,nih para pejabat pemikiranya pada kenapa sih😭😭 cape bngt,-,0,Negatif,2,Sarkas,Mentan:Blunder
y🅰️n,kok dongo sih anj,-,0,Negatif,2,Sarkas,Beras:Mahal
Sishi pake H,"naha sih harus dibandingin sama negara negara maju? dari jaman sd sampe skrg udah punya anak, ini negara masiiiiiiiih aja jadi negara berkembang. bahkan keknya sekarang jadi negara menciuttttt liat kondisi negeri begini.. MIRIS",-,0,Negatif,5,Sarkas,Mentan:Blunder
achaa🤏,orng jepang mana yg kerja gajinya UMR indo,-,0,Negatif,2,Sarkas,Jepang:Kecil
winaaaaaafffff,tebak iq dpr?,-,0,Negatif,5,Sarkas,Mentan:Blunder
Putri,"Hehhh kalau mahal berassss berarti gaji dan pendapatan rakyat Indonesia harus minimal 8 jt perbulannn, jangan kau naikkan beras tpi pendapatan rakyat begini begini aja, apa gk mikir kesana dulu? Sebelum mengajukan pendapatmuuuuu??? Percuma punya pendidikan tinggi",-,0,Negatif,1,Marah,Beras:Mahal
Haygall_,ya kalau harga disamain sama jepang. umr juga disamain dong bro. masak gitu aja harus dijelasin😂,-,0,Negatif,2,Sarkas,Mentan:Blunder
cahya olshop,Jepang 100rb/kg pendptn mrk rata2 besar. selain itu pemerintah tdk sibuk memperkaya dri sendiri jd rakyat nya yg diperkaya,-,0,Negatif,1,Marah,Pemerintah:Blunder
Beatdone,wes gak kerja. duit 10rb aj gimana caranya buat kasih lauk anak sama suami. sekarang gitu dibahas.,-,0,Negatif,2,Marah,Beras:Mahal
@sucintawulandari,kog bisa orng gak punya otak jadi anggota dewan,-,0,Negatif,1,Sarkas,Mentan:Blunder
nigitaga,bedaaa brooooo....,-,0,Negatif,2,Sarkas,Beras:Mahal
Iwan yang dulu,pajak naik.. semua naik.. kamu naikkan harga beras.. ekonomi menurun.. dimana hatimu pak,-,0,Negatif,2,Marah,Mentan:Mahal
mamasyifa@teacherMC,Gilak..jepang 100 ribu..tp gaji orang disana tinggi,-,0,Negatif,2,Sarkas,Jepang:Kecil
muya,"lah,jepang aja UMR nya udah berapa pak???",-,0,Negatif,2,Sarkas,Jepang:BerapaPak
يحيى,"set dah dijepang minim korupsi umr tinggi, pola pikirnya gimana ko di samain sama jepang",-,0,Negatif,1,Sarkas,Jepang:KurangBisa
Yulisthina Yusuff,kok bsa jd dpr,-,0,Negatif,2,Sarkas,Beras:Mahal
Zuxin,mata uang jepang di rupiah kan? yailah dunguu🤣,-,0,Positif,5,Senang,Jepang:WorthComparing
Nulaa,"Yeee kualitas beras jepang juga lebih bagus paa, lagian jepang negara maju",-,0,Positif,4,Senang,Beras:Bagus
Zero,"di Indonesia klo gaji semua orang 40 jt beras 100k gk masalah, mikir otak dengkul",-,0,Negatif,5,Marah,UMR Indonesia:Besar
Asiska,pengen ngetik yg kasar gk berani ah,-,0,Negatif,1,Sarkas,Mentan:Blunder
iniana,syaratnya harus dongo🥰,-,0,Negatif,1,Sarkas,Mentan:Blunder
Sculs,indo kok dbndingkn negara jepang yg maju ekonominya..,-,0,Negatif,2,Sarkas,Aspek:BedaEconomy
ikhsann,lawakk,-,0,Negatif,2,Sarkas,Beras:Mahal
mikow,tlol,-,0,Negatif,1,Marah,Mentan:Blunder
rahmawatii1,umr jepang ro indonesia e bedo adoh kok dipadakke,-,0,Negatif,1,Sarkas,UMR Indonesia:BedaDenganJepang
mingyuu gf,JANGAN DI SAMAIN AMA JEPAN KOCAKKKK,-,0,Negatif,5,Sarkas,Mentan:Blunder
xxxx69,"wong pea di bandigin sama jepang,,,lawak😂",-,0,Negatif,2,Sarkas,Beras:Mahal
Thuy,ehh tolong pak dijepang umr nya aja udah beda tauu🙏🏻,-,0,Positif,5,Senang,Jepang:DapatDiBandingkan
sintaa,"beras harganya murah kualitas terbaik, harga kaga naik² tapi tunjangan dpr buat beli beras naik 12jt/bulan, ini negara kalau ngga negara kocak ngga mungkin",-,0,Negatif,2,Sarkas,Tunjangan:DPR:Mahal
Nia Binti Ali,mentri pada kenapa sihhh 😭😭😭,-,0,Negatif,1,Sarkas,Mentan:Blunder
Novita Iswahyuni,Lawak lawak,-,0,Negatif,1,Marah,Mentan:Blunder
Fanyfrd,koclok,-,0,Negatif,2,Marah,Harga:Beras:Mahal
ka nay6661,yg tlol2 itu Mereka,-,0,Negatif,5,Marah,Mentan:Blunder
Adiba,UMR kita bisa ga di samain sama jpn pa jangan hanya pengeluaran kita yang harus di samain sama jpn pemasukan juga harus di samain dong,-,0,Negatif,2,Marah,UMR:BedaDenganJepang
rose,setarakan gaji DPR dengan pns titik,-,0,Negatif,2,Sarkas,Gaji:Kecil
mamen,dipadakke kro jepang 😭😭 tolong kinerja anda aja gada apa’ nya sm jepang,-,0,Negatif,2,Sarkas,Mentan:Blunder
Jaeyeonnii,disangka semua org gajinya kaya die,-,0,Negatif,5,Sarkas,Gaji:Kecil
taromilo,"Bener bgt bu, income indonesia itu kecil, yg gede itu income dpr",-,0,Negatif,2,Sarkas,Gaji:BedaDenganJepang
Serbacustom,petani kesejahteraan terjaga??? kocak amattt😂,-,0,Negatif,2,Sarkas,Mentan:Blunder
CAL,"pak, umr jepang juga bagus dan meningkat. masyarakat hidup terjamin. lha disini, harga dagang meningkat, umr msh gitu2 aja.",-,0,Positif,4,Senang,UMR Jepang:Dukung
Ajeng syifa fuzh,Bandinginya sama malaysia lahhh anj,-,0,Negatif,1,Marah,Bandingannya:Sarkas
sitymaesaroh,😂😂,-,0,Negatif,2,Sarkas,Beras:Mahal
King Riq,kok ada orang setolol ini di pejabat,-,0,Negatif,5,Sarkas,Mentan:Setolol
*farzan*,"pa jepang tingkat pengangguran nya rendah, lah di kita yg nganggur d mna""",-,0,Negatif,2,Sarkas,Jepang:KegiatanEconomic
Teodora Merychan,kalau kmi jatah berasx 12 jta Kya bpk..mau naik 500 rbu jga gpp pak😏😏😏😏😏😏😏,-,0,Negatif,5,Sarkas,Beras:Mahal
Gallendr4,Ada ga si mentri yg bener.,-,0,Negatif,2,Sarkas,Mentan:Blunder
aliza.zakiah.rifaat,dongo bgt sih,-,0,Negatif,2,Sarkas,Beras:Mahal
keysha aurel,"umr e njir , lha beras mok gawe 100ewu lak umr e sak ulan sek sakjuta yo nanges",-,0,Negatif,1,Sarkas,Beras:Mahal
Dwiputri18,"Gini aja pak, bapak coba kerja gajinya UMR trus beli beras 100 ribu per kg gmna? 😁",-,0,Positif,5,Senang,Gaji:Kecil
rany pake Y,bisa diem nggak ? 🤾🤾,-,0,Negatif,1,Sarkas,Mentan:Blunder
Eni Anggoro,menteri2 sekarang pd kenapa ya?! pola pikir nya pd g nyampe banget,-,0,Negatif,1,Sarkas,Mentan:Blunder
Pacarnya Choi Seunghyun,ya kalo rakyat gajinya sama kek elu ya ga pada ribut anying,-,0,Positif,5,Senang,Gaji:Kecil
amy sari,"mdgan Lo pindah aja pa k Jepang sxn,,",-,0,Negatif,2,Sarkas,Jepang:NotComparable
arzzz_oye,pejabat koplok bisa bedain ga jepang sma indo,-,0,Negatif,1,Sarkas,Pejabat:Koplok
@daun putih,"di jepang aj pejabat nya klu korupsi langsung di tindak,di indo baru di selidiki sudah bayar oknum",-,0,Negatif,2,Marah,Mentan:Korupsi
MohNugroho,bandingin UMR nya bapaaaaak paling pinter sedunia,-,0,Positif,5,Senang,UMR:BapaaaaakPalingPinterSedunia
bil🐟,di setarain jepang aja udh nunjukin kalo cacat logika😭,-,0,Negatif,5,Sarkas,Logika:Cacat
.,Pak ee banding tu aple to aple pak bukan banding dgn negara yg sudah jauh maju dari negara kita,-,0,Negatif,2,Sarkas,Banding:DenganNegaraJauhMaju
khairiah173,ada apa dengan indonesia saat ini...,-,0,Negatif,1,Marah,Mentan:Blunder
ousysys🥱,Standart dia yaa emg gaji dia sendiri anjir😭 mangknya pakkk coba lihat rakyat kecil yg bener2 kecil😭,-,0,Negatif,1,Sedih,Gaji:Kecil
artadip_,negara berkembang disamain sama negara maju? berhentihh jyangan lanjyuttt,-,0,Negatif,1,Marah,Mentan:Blunder
rest,"lah emng jepang beras 100 ribu perkilo, tapi bayaran kerjan per jam nya aja dapet 100 ribu, lah indonesia berapa?? lawak",-,0,Positif,5,Senang,Jepang:Keren
belllll💫,upah disana sama disini sama rata ngga pak? ngomong dipikirin dulu aja pak udah pusing,-,0,Negatif,2,Marah,Mentan:Blunder
farid&leni,"😂😂😂😂kadang kocak juga . indo sama jepanh itu beda jauh , ngga bakal sama ,, ibarat kata jepang itu di atas nah indo itu di ......w.......h,,,,",-,0,Negatif,1,Sarkas,Jepang:Beda
D.Den,udah bilang aja kalo pinginnya tunjangan beras yang 12jt mau dinaiki lagi,-,0,Negatif,1,Marah,Mentan:Blunder
Yuliiaaaokt,Bapa kenapa sihh udah makan belummm ?,-,0,Negatif,2,Sarkas,Bapa:Beda
🅰️Shod 🧑‍🌾,HIDUP SEKALI KENAPA JADI WNI☹️PEJABATNYA LUCU²😌,-,0,Negatif,5,Sarkas,Mentan:Blunder
Salim,"semua petani PDI, ingin sjhtera buk,bukan hanya pjbt/DPR aja.",-,0,Negatif,2,Marah,Mentan:Blunder
mattcyyy,"ya beda lah kocak, jangan di samain ama jepang kocak ye kocak lu",-,0,Negatif,5,Marah,Mentan:Blunder
Vanilla blue🦋,tolol di bandingin sama jepang,-,0,Negatif,1,Sarkas,Bandingan:Mahal
fahreza_febiani1105,"penghasilannya aja udah beda ... udah bener diem aja ,,jadi malu sendiri kan 😅😅😅",-,0,Positif,5,Senang,Penghasilan:Banyak
Anori,gua setuju sihh Mentri pertanian ingin mensejahterakan petani,-,0,Positif,5,Senang,Mentan:Dukungan
el,maloee,-,0,Negatif,2,Marah,Harga:Beras:Mahal
lingga.ayu,meni ke jauhan dibandingkan dgn Jepang,-,0,Negatif,1,Marah,Mentan:Blunder
kayanmanggala2,pak2 anda membandingkan dg Jepang yg negara maju dan korupsi nya gak kayak di Konoha pak,-,0,Negatif,1,Sarkas,Mentan:Blunder
A•V ✓,"mentri pekok anj,",-,0,Negatif,1,Sarkas,Mentan:Pekok
Moch meddy apryana,umr jepang pak beratanya dengan nada melotot,-,0,Negatif,2,Sarkas,UMR Jepang:Pak Beratanya
Giovanni_,bisa-bisanya punya Mentri pertanian se tho lol ini,-,0,Negatif,1,Sarkas,Mentan:Blunder
ALL IN BAYERN 👑,"Whop Whop ngeleg dikit gak ngaruh,",-,0,Negatif,2,Sarkas,Harga:BedaDenganJepang
Ti Cans 🫶🏼,Ini bapak syp sih 😭,-,0,Negatif,2,Sarkas,Bapak:Syp
Dinda,pakkkk di indonesia masih banyak yg kerja upahnya di bawah 100rb jangan bandingin sama jepang,-,0,Negatif,2,Marah,Beras:Mahal
meliaw.nich,masalahnya umr kami 2 juta pak,-,0,Negatif,1,Marah,UMR Indonesia:Mahal
wongmu,lah masalahnya gaji dijepang gede bambanggg,-,0,Negatif,2,Sarkas,Gaji:Kecil
Fitri Djenal,"Kalau kita punya penghasilan seperti Bpk Menteri dan Anggota Dewan yg terhormat gak masalah pak, jangankan 100 ribu 1 juta pun gak masalah",-,0,Negatif,2,Sarkas,Gaji:Kecil
SelaFebiola,indo disamain jepang 🙃🙃 mikirrrr,-,0,Negatif,2,Sarkas,Mentan:Blunder
sunfs,UMR NYA BEDAAAA🙂,-,0,Negatif,1,Marah,UMR:Beda
Mustaqim Mustaqim,menteri ngk bermutu,-,0,Negatif,1,Sarkas,Mentan:Bermutu
🔥,udh tau rakyat miskin di korupsi dimna² dasar negara Konoha,-,0,Negatif,5,Sarkas,Mentan:Blunder
Ju Ju k,muwatane🤣,-,0,Negatif,2,Sarkas,Beras:Mahal
Sika Dwi Pangga,Capek bgt yg muncul mereka mulu yg otaknya gak nyampe 😭,-,0,Negatif,1,Sarkas,Mentan:Blunder
GY🦂,YA JELAS RIBUT LAHHHHH.... GAJI SE UPRITTTT HARGA BERAS MAU DI SAMAIN SM JEPANG .. COBA SEKALI KALI SAMAIN NYA SM GAJI JEPAANNGGGG... BAGAIMANA INDONESIA BISA SAMA GAJINYA SM JEPANGGGGGGG...,-,0,Negatif,1,Marah,Harga Beras:Mahal
R1nur4,makin sini makin keliatan tolol nya pemerintah,-,0,Negatif,2,Sarkas,Pemerintah:Blunder
Adi,"Jepang sesuai gaji, data beli dan penghasilan",-,0,Negatif,1,Marah,Jepang:Berbeda
Jujun forester,sini pak ke Jawa tengah biar lihat petani di Jawa tengah yg gagal panen karna tikus krna hama dll...,-,0,Negatif,2,Marah,Beras:Mahal
mega🌸,Jepang gaji besar indonesia harus menguasai elemen” biar bisa dpt krja bgs gaji pun bgs😁,-,0,Negatif,2,Sarkas,Gaji:Besar
𝖄𝖆𝖘𝖆𝖘𝖍𝖎𝖌𝖆𝖎𝖏𝖎𝖓,5kg beras dijepang 200rb pak saya tinggal dijepang ini😂,-,0,Positif,5,Senang,Beras:Murah
userrr82726,toloooll,-,0,Negatif,2,Marah,Beras:Mahal
liana,"hadeuh pak sekali kali ngobrol sama rakyat yg paling sederhana pak bagaimana hidup sehari harinya mereka, baru membandingkan dengan negara lain",-,0,Negatif,2,Sarkas,Mentan:Blunder
torta,Milih mentri dongo smua,-,0,Negatif,2,Sarkas,Mentan:Blunder
raga,"kalian makan pajak ny kegedean woi, yg korupnya juga kebanyakan. makanya negara susah 😂",-,0,Negatif,5,Sarkas,Pajak:Beda
bul 🌙,ah dungu,-,0,Negatif,2,Sarkas,Beras:Mahal
Croissants🥐,Tunjangan betasnya 12jt wkwkwkw,-,0,Negatif,2,Sarkas,Beras:Mahal
rosa,jepang negara maju kerjaan di mana2 mau apa2 naik juga sesuay sama pemasukkan lah kita di sini buseh kerja dari pagi ke malem. aja belum tentu bisa kebeli beras sekilo 100 ga semuaa warga lu punya duit kali gimana kalo yang ga punya duwit ga bisa beli beras. bacot bangat lu,-,0,Negatif,1,Marah,Mentan:Blunder
WMD (Warung Mas Day),"wes ta sulit musuh wong"" ngene ki 😅",-,0,Negatif,2,Sarkas,Mentan:Blunder
I N D A H,ngomong yang penting❌ yang penting ngomong ✅,-,0,Negatif,1,Marah,Mentan:Blunder
tata,ooohhh bandingin sama jepang??? bandingin juga dong gajinya cokkk,-,0,Negatif,5,Sarkas,Bandingan:Keterlaluan
𝐚𝐛𝐬𝐮𝐫𝐝,"Kok bisa naik di situ ya pak, jalur duit ya",-,0,Negatif,2,Sarkas,Harga:Beda
rachmahintenyulia,Pantesan stock beras gaada,-,0,Negatif,1,Sarkas,Beras:Mahal
merza rayanza,"coba yang naik terkusus anggota DPR aja ,rakyat normal harganya gimana",-,0,Negatif,2,Marah,Mentan:Blunder
saintJol,kakean import ae kakeang c4n6keman,-,0,Negatif,2,Sarkas,Import:Beda
bogel,weyyy indonesia ini pada kerja apa,-,0,Negatif,2,Sarkas,Mentan:Blunder
Yuiri,asal ngomong aja bapak. Ga apple to apple lah. Gaji jepang aja berapa pak?? Hadeehhh😒😒,-,0,Negatif,2,Sarkas,Jepang:TidakAppleToApple
messaa,OON IHHH,-,0,Negatif,1,Sarkas,Mentan:Blunder
sabrina,GOBLOOOGGGGGG😭,-,0,Negatif,1,Marah,Mentan:Blunder
Chinthana | Glowing is hobby✨️,"pak, umr jepang jg ga sama kaya indo 😌",-,0,Negatif,2,Sarkas,UMR:Berbeda
May889,innalillahi wa innalillahi roziun,-,0,Negatif,1,Sarkas,Mentan:Blunder
Neo reol i,Kalo 100rb perkilo gue gk makan anj,-,0,Negatif,2,Sarkas,Beras:Mahal
amadun🥐🍡🍰,kocak😭,-,0,Negatif,2,Sarkas,Beras:Mahal
wong sepele,"mentri, DPR OTAKNYA PADA SENGKLEK....indonesia d bandingkan sama negara maju....",-,0,Negatif,1,Marah,Mentan:Blunder
d 🎀,eror,-,0,Negatif,1,Marah,Mentan:Blunder
Lia Amanda,Sesuai umr anjiiir,-,0,Negatif,2,Marah,Beras:Mahal
.moodie🥀,"bner yg mau dibenahi itu emang dr kt rakyatnya dulu,,siapa yg suka di kasi amplop secr tdk lgsg kt pny andil knp mereka begitu",-,0,Negatif,5,Marah,Mentan:Blunder
NoName,goblok😭😭😭,-,0,Negatif,1,Sarkas,Mentan:Blunder
🅰️ A,"Nek pgn naik, gaji umr podokno jepng pak",-,0,Negatif,1,Marah,UMR:Kecil
saintJol,jepang oro ono sing bayarane sak juta,-,0,Negatif,2,Sarkas,Jepang:OroOno
SAKi ˙𐃷˙,masih negara berkembang udah dibandingin sama jepang anjir,-,0,Negatif,2,Sarkas,Aspek:BedaHarga
Pemuda Harapan Keluarga,kalo mau di bandingkan sama jepang. bandingkan juga ekonominya kesejahteraan rakyatnya jangan cuma bandingkan harga berasnya,-,0,Negatif,2,Sarkas,Bandingkan:Mentan
bahlul_bin_ethanolmrebet,tololll,-,0,Negatif,2,Marah,Beras:Mahal
GY🦂,WOIIII PENDAPATAN JEPANGG JUGA TINGGIIII.. GK KEK DISINI.... !!!!!!!!!!!!!!,-,0,Negatif,1,Sarkas,Pendapatan Jepang:Mahal
farrr,make nih orang,-,0,Negatif,2,Sarkas,Mentan:Blunder
fififianaaaaa,Pakkkk jadi dpr lewat jalur apasih? Ko bisa bisanya indo yg negara terbelakang gini dibandingin sama jepang yg negara majuuu? Ngawurr ampunn,-,0,Negatif,1,Marah,Mentan:Blunder
⋆˚࿔ utari 𝜗𝜚˚⋆,"Ya gaji dijepang berapa pak loohh ,",-,0,Negatif,2,Sarkas,Gaji:Kecil
Sarah ashari,"jepang gaji cuma nyuci piring aja berapa,,,, Indonesia kerja perhari cuma 100rb ada jg dibawa 100rb ,,, bnr "" dehh",-,0,Positif,5,Senang,Jepang:Kecil
siti_rohaeti,"Buseeeeeeeeet di sandingin ama Jepang yang umr nya 20-50jt / bulan (btw ponakan aku kerja di Jepang soalnya ),di indo umr 2-5 jt / bulan",-,0,Negatif,5,Marah,Mentan:BerasMahal
تري,@I pemerintah hidup hanya untuk membandingkan rakyatnya,-,0,Negatif,2,Sarkas,Pemerintah:HanyaMembandingkanRakyatnya
心中所爱❤️‍🩹,Yg milih dia siape sih,-,0,Negatif,2,Sarkas,Mentan:Blunder
ibrahimbachrieal,"walaupun beras mahal kedepannya. tetap petani sengsara, tengkulak²lah yang untung besar🗿",-,0,Negatif,2,Sarkas,Tengkulak:Untung
nalaa,lah Indonesia msih bnyk yg susah coy,-,0,Negatif,2,Sedih,Beras:Mahal
Asih Rahayuputri,"jepang pendapatannya sesuai pak sama harga jual, jgn ngadi2 deh pak",-,0,Positif,5,Senang,Jepang:PakSama
Kaani,bodooh!,-,0,Negatif,2,Sarkas,Mentan:Bodooh
Septian Irwn,Gaji ajaa masih ada yg dibawah 3jt blg naek dikit udh ribut🤣,-,0,Negatif,2,Sarkas,Gaji:Kecil
Wkwkwkwkw,gelo,-,0,Negatif,2,Marah,Beras:Mahal
zayrakiri,aduh ktl ktl,-,0,Negatif,1,Marah,Mentan:Mahal
Kriss🤏,elehh paling bbrpa hari lagi klarifikasi hahahaha,-,0,Negatif,2,Sarkas,Mentan:Blunder
YUN🅰️,YA KALO UMK INDO 25 JUTA PAK,-,0,Negatif,2,Marah,UMK INDO:Besar
Para Kambing,"rakyat harus menyesuaikan diri dengan Jepang, pejabatnya menyesuaikan diri dg Jepang enggak?",-,0,Negatif,2,Sarkas,Mentan:Blunder
Nyip,umr jepang juga sering naik pak,-,0,Netral,3,Kaget,UMR Jepang:Naik
Lestari Megga,jepang TKW Ajja gaji puluhan juta pakkkk indonesia minim rumah tangga 2 juta inggta itu ya,-,0,Negatif,1,Marah,Mentan:Blunder
Lychhee,"pak udh pak, teu kuat ieu seseurian wae ,meni ngabodor wae mneh teh pak🤣🤣🤣",-,0,Positif,5,Senang,Sarkasme:Besar
doyok,gblokkkk gblokk,-,0,Negatif,1,Sarkas,Mentan:Blunder
Pineapale🍍,Jepang umr nya 3juta bukan?🤣,-,0,Positif,5,Senang,Jepang:Keren
dyaaaaa🍒,"La gajine pirooooo cok, tekke lo deleh ndi",-,0,Negatif,2,Sarkas,Beras:Mahal
Nuky_Dwi_Setiawan,umr aja udah beda🗿,-,0,Negatif,2,Sarkas,UMR:Mahal
si gemoy,"paling naiknya juga gak signifikan ,mnrtku juga gk maslah...",-,0,Negatif,2,Sarkas,Harga:BedaDenganJepang
Iffah Pratama,woi pak mereka sesua dg umrnya n gajih meresa brp jg ..,-,0,Negatif,1,Sarkas,Mentan:Blunder
deww,klo pendapatan kita kaya jepang bodo amat beras naik jga bodoh,-,0,Negatif,1,Marah,Beras:Mahal
✴️Abimanyu,pola pikir mu aj wes salah... kok bs yah duduk d stu,-,0,Negatif,2,Sarkas,Pola Pikir Mu Aj Wes Salah:Beda
尺丨ㄖ ᐯ丨ㄖ,UMR gur 2 jt padakke jepang pekoke,-,0,Negatif,1,Marah,UMR:BedaDenganJepang
toko hafizhan store,"pak Jepang gajinya 25 juta, mau beras harga 500 rb juga wajar, Indonesia gaji tukang 120 , mana semua pada mahal",-,0,Negatif,2,Sarkas,Gaji:Beda
erika8487,di samain sama Jepang terlalu jauh berbeda,-,0,Negatif,2,Marah,Jepang:Beda
KING YOHANES🔥,BUBARKAN DPR,-,0,Negatif,5,Marah,DPR:Bubarkan
Shantielw,"Ya ributlah anj, gaji kecil tp semua mahal. Kau enak tunjangan beras doang 12jt",-,0,Negatif,1,Marah,Beras:Mahal
Pi2T Aja,pak ini indonesia bukan jepang,-,0,Negatif,2,Sarkas,Pak ini:Blunder
Teteh Amy,pindah ke jepang dak lu ..,-,0,Negatif,2,Sarkas,Jepang:DakLu
rida,"100/kg,UMR Sono brp hhhhh,dagelann",-,0,Negatif,1,Marah,UMR:BedaDenganJepang
Enci,yaudah samain aja dulu UMR nya dong sama jepang,-,0,Negatif,2,Sarkas,UMR:Beda
issel,jepang gaji karyawan per jam su kene sebulan coba gaji karyawan disamakan jg wani ngomong sukur njeplak wae,-,0,Negatif,1,Sarkas,Gaji:Kecil
010101_13,lebih pinter adek gue,-,0,Negatif,2,Sarkas,Beras:Mahal
Aku Aries,Pengen silaturahmi ke akunnya dehh,-,0,Netral,3,Netral,Pengen silaturahmi ke akunnya dehh:Bisa
akbaramrl,jadi mentan jalur buzzer juga ya pak?,-,0,Negatif,5,Sarkas,Mentan:Buzzer
mamiiKeeNz,your eyes pak,-,0,Negatif,2,Sarkas,Beras:Mahal
jupenil 2,"umur 3jt dibandingin sama yang umr 300rb yen, kalo gatau 300rb yen itu sekitar 30jt kocak",-,0,Negatif,1,Sarkas,UMR Indonesia:BedaDenganJepang
Saskila not zaskia,Lah ko umr e ae ws bedo adoh kocak,-,0,Negatif,2,Sarkas,UMR:Beda
melisa tiktok1234,😅😂😂😂gaji di Indonesia dan di Jepang sama nga bos😂..,-,0,Positif,5,Senang,Gaji:Kecil
Apriliacu,Kau samakan sama jepang wkwkwkwkwkw agak lain,-,0,Negatif,2,Sarkas,Jepang:Beda
Ra,goblok bgt gaji disini aja kecil anj,-,0,Negatif,2,Marah,Gaji:Kecil
sye,tomlol,-,0,Negatif,2,Marah,Beras:Mahal
Paoellna,"Woyyy beras 100 ribu perkilo di jepang wajar , gaji mereka sebulan 20 juta anj",-,0,Positif,4,Senang,Gaji:Banyak
kansasa🧿,jir bolot bgt,-,0,Negatif,1,Sarkas,Beras:Mahal
Marsa Linda72,sini rumput jepang pak adanya 😭,-,0,Positif,5,Senang,Jepang:Keren
isss,rakyat nya aja beli beras 12 rb banyak yang masih belum mampu apa lagi 100 rb,-,0,Negatif,1,Marah,Beras:Mahal
Myro,IQ DPR?,-,0,Negatif,1,Marah,Mentan:Blunder
Goblynn🌀,negara sakit disamakan sama negara maju🗿,-,0,Negatif,2,Sarkas,Aspek:SakitDisamakan
Diiah_kurnia,anj dia pas pembagian otak ikut hadir engk sih 😤,-,0,Negatif,2,Sarkas,Pembagian Otak:Mengganggu
마해 노민,"di jepang beras 100rb /kg, UMRnya 60jt pak🙃",-,0,Negatif,1,Marah,UMR:BedaDenganJepang
Agustina,"gpp beras 100rb per kg,,yang penting UMR sama kaya di JEPANG",-,0,Negatif,2,Sarkas,Beras:Mahal
Natanara onlineshop,"naik laki jadi ladang korupsi lagi,,",-,0,Negatif,1,Sarkas,Mentan:Blunder
Nuraini kim,hmm gimanaa yaa,-,0,Negatif,2,Sarkas,Beras:Mahal
...uubogifigif,beda negara beda umr . beda pola pikir..,-,0,Negatif,2,Sarkas,UMR:BedaDenganJepang
SP24,huft😮‍💨,-,0,Negatif,2,Sarkas,Beras:Mahal
Pithoel,JEPANG UMRNYA BERAPA ANJ.... 😭 GEDEK BANGET,-,0,Negatif,5,Marah,Jepang:Beda
h_llory_,Lu aja gak mau dibandingin ama rakyat jelata eh indo dibandingin ama jepang😭,-,0,Negatif,1,Marah,Mentan:Blunder
🎀,ngomong ajeh ama tembok,-,0,Negatif,5,Sarkas,Mentan:Blunder
LxlNaufal,"bego dipiara,nyamain sama jepang yg pendapatan perbulannya beda",-,0,Negatif,1,Marah,Mentan:Bego
Tini Shop kripik coklat lumer,pakkk jangan cuma petanii aja yg dipikirinnn...pikirin juga saya yg seorang pedagang ..semua serba mahal tapi daya jualnya biasa aja pakkk...sejahterakan semuanya pakk jangan cuma petani aja,-,0,Positif,4,Senang,Pikirin:Positif
Bintang A'R,😢,-,0,Negatif,2,Marah,Beras:Mahal
istri Chanyeol,sekelas Mentri loh 😭,-,0,Negatif,5,Sarkas,Mentan:Blunder
mbdew80😘,kalo pengen kayak jepang sejahtetakn rakyat bpk bukan terus mnyusahkn rakyat.jepang gaji utk buruh aja brx lipat dg indonesia dan mereka mampu lha kita jdi ojol aja dkasih thr cmn 50rb mau sejahtera dri manenya..!!agak aneh skrng pejabat klihatn gk brmutu!!,-,0,Negatif,1,Marah,Mentan:Blunder
ayupebbb,dong00,-,0,Negatif,2,Marah,Harga:Beras:Mahal
uvi anijah95,"Indonesia makanan pokok utama nya nasi pak. di bilang belum makan kalo belum makan nasi. jangan samain sama negara lain pak.. Jepang negara maju, beda sama indonesia yang maju cuma pejabatnya doang",-,0,Negatif,5,Marah,Mentan:Blunder
gembull😎,Kelewat pinterr ikii cokk,-,0,Negatif,2,Sarkas,Mentan:Blunder
nuna,ya Allah kenapa harus rakyat yg tanggung jawab apa apa rakyat yg JD korban pajak naik sembako naik astagfirullah 😔😔,-,0,Negatif,1,Sedih,Rakyat:Korban
Ikhwan Fauzi,ulah mamawa jepang atuh pa 🤣,-,0,Positif,5,Senang,Jepang:Keren
sego 🌽,menteri goblok,-,0,Negatif,1,Sarkas,Mentan:Goblok
noviyn,jepang beda skrg gaji di indo 800rb clsebulan cuma dapet beras 8kg 2 minggu makan beras doang 🥲 beki gas gmna,-,0,Negatif,1,Marah,Jepang:Beda
nov,disamain sama jepang 😂,-,0,Negatif,2,Sarkas,Jepang:Beda
AGUS TIRANDA,suru aja jepang pimpin indonesia pak biar sama harga beras nya😁😁😁,-,0,Positif,5,Senang,Jepang:Pimpin
Hanif_sijow_13,jepang 1 jam gaji nya paling kecil 100 ribu,-,0,Positif,5,Senang,Gaji:Besar
piiiiiiiiii🧚🌈✨🔥,minimal evaluasi dlu pak jangan langsung ngmng😩,-,0,Negatif,1,Marah,Mentan:Blunder
Gadis,Pak pejabat jepang juga mengundurkan diri sebelum didemo,-,0,Negatif,2,Sarkas,Pak pejabat jepang:Mengundurkan diri
F,dangkal,-,0,Negatif,1,Sarkas,Harga:Beras:Mahal
nyuransih tri budiarti,anjir Indonesia dibandingkan dengan negara jepang yang sangat maju😭,-,0,Negatif,2,Sarkas,Jepang:Beda
Zogara,"maklum DPR yg tdk tau perbedaan negara maju dan berkembang, UMR nya aja jauh dri Jepang 🥱",-,0,Negatif,5,Marah,DPR:Blunder
widianti,gaji naik dong pak kebanyakan korupsi bikikn negara bangkrut☺️,-,0,Negatif,2,Sarkas,Gaji:Kecil
@NK,CANGKEMUUUUUU,-,0,Negatif,1,Sarkas,Beras:Mahal
Endah Lokita,Dibanding bandingke kro sik ws maju😭,-,0,Negatif,2,Sarkas,Beras:Mahal
OVI.94,pak Ingat!!! Rakyatmu ekonominya tidak semua seperti KELUARGA ANDA!!!,-,0,Negatif,5,Marah,Mentan:Blunder
Maulid biansyah,"pendapat saya arah dari inti perkataan pak mentri,, untuk kesejahteraan petani mungkin video ini dipotong,, itu pendapat saya",-,0,Negatif,2,Sarkas,Pendapat:Mungkin
desember7653,PAK kita nggk pantas di bandingkan dengan jepang pak. jauh sekali😭😭😭,-,0,Negatif,1,Marah,Mentan:Blunder
yuseryyy,UMR di jepang berapa pak..,-,0,Negatif,2,Marah,UMR:Beda
ZroyFrmDaO,gguna,-,0,Negatif,2,Marah,Harga:Beras:Mahal
Denai,Dunguuuuu,-,0,Negatif,1,Sarkas,Mentan:Blunder
M∆s Pan🗿,perbandingan nya Jepun suu 😂🗿,-,0,Negatif,2,Sarkas,Perbandingan:Beda
n,naikin dulu pendapatan perkapita indonesia citizen,-,0,Negatif,2,Sarkas,Pendapatan:Berkurang
sofinrl,disaruakeun jng jepang☺️,-,0,Negatif,2,Sarkas,Jepang:Beda
Fitri Susanti,tpi jepang rakyat nya mkmur dan rta2 gji besar jdi wajar2 aj dngan hrga segitu,-,0,Negatif,2,Sarkas,Jepang:Beda
whooss 🐿️,nyamain sama negara maju sinting,-,0,Negatif,1,Sarkas,Mentan:Blunder
andi,kopong🗿,-,0,Negatif,2,Sarkas,Beras:Mahal
Fauzi,🤣🤣🤣🤣🤣🤣🤣🤣🤣🤣🤣🤣🤣🤣,-,0,Negatif,1,Sarkas,Mentan:Blunder
Racun tiktok🤏,boleh naik harga beras..tapi pngen digaji 3jt sehari juga,-,0,Negatif,2,Sarkas,Gaji:BedaDenganHargaBeras
ᥫ᭡nel,di samain sama jepang WKWWK. samain juga donggg umr nya syggg,-,0,Negatif,1,Marah,Mentan:Blunder
Puttt?🤍,streessss stresssssssssss,-,0,Negatif,1,Sarkas,Mentan:Blunder
Ɏ₳₦₩₳Ɽ ₥ɄⱧ₳₥₥₳Đ,"jepang umr 20jt+, lah Indonesia umr msih bnyak perbedaan, msih bnyak rakyat tidak mampu mlh d bandingin sma jepang, kocak bapa ny nih",-,0,Negatif,1,Marah,Mentan:Blunder
✨,"lah, coba rupiahin gaji jepang perbulan berapa pak? ini maaf bgt ternyata netizen lebih pintar 😂",-,0,Positif,5,Senang,Netizen:Pintar
tikaputri,"btw 100k per kg? gua beli beras 5kg itungannya gk sampe 500k, di rupiahin cuma 300k",-,0,Negatif,2,Sarkas,Beras:Mahal
Ipit⋆𐙚,udah gelo astaghfirullah,-,0,Negatif,2,Sarkas,Mentan:Blunder
yuuukspallspill,ya Alloh 😭,-,0,Negatif,2,Sedih,Beras:Mahal
stawberrysweet,"akunnya ni bapak2 apa ye, mau silaturahmi",-,0,Negatif,2,Sarkas,Bapak2:Netral
Panggil saja RINI😼,gaji di samain dlu dong ky jepang🤣,-,0,Positif,5,Senang,Gaji:Kecil
kiara,oi gaji jepang berpa boy.masa gitu aja harus gue jelasin ma orang bodoh sprt saya.,-,0,Negatif,1,Sarkas,Gaji:Kecil
goegooma,dongo,-,0,Negatif,2,Marah,Harga:Beras:Mahal
Sand and Sea,oon,-,0,Negatif,2,Marah,Harga:Beras:Mahal
axheilss,kok dipadakne jepang😭,-,0,Negatif,2,Sarkas,Jepang:Beda
dita95,menteri sekarang kagak ada otak nya.,-,0,Negatif,1,Sarkas,Mentan:Blunder
🧠,@Fitrah Ramadan Kahar S.Sos,-,0,Negatif,1,Marah,Mentan:Blunder
KataKehidupan,bandingkan harga beras dengan pendapatan penghasilan gaji sana,-,0,Negatif,2,Marah,Beras:Mahal
Sayooo_,Agak lain pun,-,0,Negatif,1,Marah,Mentan:Blunder
josi,Goblokkkk,-,0,Negatif,1,Sarkas,Beras:Mahal
pwetty,si kocak orang kek gini jdi dpr cih,-,0,Negatif,5,Sarkas,Mentan:Blunder
Endang Fitriana,Oalah pak pak kok gak nyambong,-,0,Negatif,2,Sarkas,Mentan:Blunder
Wolu 56,klw gaji pembantu rumah tangga gajinya sebesar gaji di jepang. gak akan ada orng Indonesia kerja di jepang pak .😂😂😂,-,0,Negatif,5,Sarkas,Gaji:Kecil
lolyyyy🍒,umrr nya aja bedaaa pakkk🙃,-,0,Negatif,2,Sarkas,UMR:Beda
1 5 M a r e t 🕊️,Beras harga yg sekarang aja masih ada yang belum mampu beli,-,0,Negatif,2,Sedih,Beras:HargaMahal
p a m i,udah tua dongokkkk,-,0,Negatif,2,Sarkas,Mentan:Sarkas
Atheraaa,jir lahh.. jepang negara maju woy. pendapatan mereka juga diatas rata2. lah indonesia?,-,0,Negatif,5,Marah,Jepang:Beda
salwaruzi,muak ma mulut kau 😡,-,0,Negatif,1,Marah,Mentan:Blunder
Xvy_,Blokk,-,0,Negatif,1,Marah,Mentan:Blunder
Sultan Np shop,"Makassar UMR 3,8 itupun masih ada gaji 1,bla bla.... 😭😭😭",-,0,Negatif,1,Sedih,UMR:Beda
yupyupiii,jepang umr nya berapa? Indonesia umr nya berapa? minimal gajinya disamain lah ya,-,0,Negatif,2,Marah,UMR:Beda
Mendadak Bisa,uteke bosok,-,0,Negatif,2,Sarkas,Beras:Mahal
ARDA,Serius ini mentri indonesia tolol kya gini,-,0,Negatif,1,Marah,Mentan:Blunder
~•Sendaljenner🩷,"jepang 100rb/kg tapi yaa preettt 1. mata uang beda 100rb disini ga ada apa² nya di jepang, 2. UMR jepang sama konoha beda preetttt !!! yg modelan bgni, siaa yg milih sih anjirrr 😭",-,0,Negatif,5,Marah,Mentan:Blunder
🌂☂💜💙,minimal umr samain sama jepang,-,0,Negatif,1,Marah,UMR:Mahal
Allenza15,"bapa terhormat, kalo UMR 35 jt, mau naik 100rb tidak masalah, lah ini gaji rata2 di indo berapa",-,0,Positif,4,Senang,UMR:Besar
maachaa 🌱🌼,indonesia di samain sama jepang njirrr 😭😭😭😭,-,0,Negatif,5,Marah,Mentan:Blunder
askaaska7000,"Menterine Prabowo koplakk kbh,,g Ono seng warass pikirane",-,0,Negatif,1,Sarkas,Mentan:Blunder
Gogos Ortega,"ini orang ngomong orang pake otak ,,lah mau di samakan sama negara maju lah buset 😆😆😆",-,0,Negatif,2,Sarkas,Mentan:Blunder
hafidzan,dia ngomong dipikir dlu ga sih,-,0,Negatif,2,Sarkas,Mentan:Blunder
lontong pocong hijau,sekolah tinggi tinggi ilmunya pada tolol para pemerintah nya,-,0,Negatif,1,Sarkas,Pemerintahan:Blunder
TekopiN,yg penting ngomong tampa riset terlebih dahulu,-,0,Negatif,1,Marah,Mentan:Blunder
rieyhandaa 𐙚⋆°🦢.⋆ᥫ᭡,Lah disamain sama jepang 😭,-,0,Negatif,2,Sedih,Beras:Mahal
lina,UMR jepang beda pa pekerja petani Ajja gajih nya gde nah di kita buruh serabutan di bayar 50 rbu,-,0,Negatif,1,Marah,UMR:Beda
-,pak sekolah jangan sampe gerbang doang,-,0,Negatif,2,Sarkas,Pak Sekolah:Blunder
nuz,sekalian aja bandingkan dgn Inggris 😂😂😂,-,0,Positif,5,Senang,Bandingkan:Dukung
yulia,orang gaji aja jauh beda😭😭,-,0,Negatif,2,Sarkas,Gaji:Kecil
aasasmara_,"beras 1 liter 15rb aja kita udh ga sanggup pa, kita mah duit 1jt jg hrs dicukup2in buat sebulan",-,0,Negatif,1,Marah,Beras:Mahal
lontong pocong hijau,"sekalian pemerintah nya gajinya samain sama kariawan yang Masi 2,2 gak usah dpt tunjangan",-,0,Negatif,2,Sarkas,Gaji:Kecil
@Nenkhas82,kepinteran jadi kebeliger😂,-,0,Negatif,1,Sarkas,Kepinteran:Kebeliger
nabilaanania,BEDA GAJI BLOG,-,0,Negatif,1,Marah,Beras:Mahal
❤️DRHG❤️,pakkkkk jepang UMR nya brapa 😂???kocak bgt NII c bapak kek pen pindah tempat duduk dr situ,-,0,Negatif,5,Sarkas,Jepang:BedaUMR
KUN,tolol pendapatan aja beda jauh,-,0,Negatif,1,Marah,Mentan:Blunder
Noprita Azza,"kenapa menteri zaman pak wowo bobrok semua..jgn kan mau 2 periode,, 1 periode aja kelamaan jadi presiden..1 tahun aja cukup",-,0,Negatif,1,Sarkas,Mentan:Bobrok
arjuna renjana,UMR purwokerto 1.5 ge tuku beras mung entuk 15kg🤣,-,0,Positif,5,Senang,UMR:Purwokerto:Beras:Menguntungkan
totti sh,ngomong naon,-,0,Negatif,1,Sarkas,Mentan:Blunder
zevano_felix,gajih DPR harus di jaga,-,0,Negatif,2,Sarkas,Gajih:Dukung
Anak Bungsu,"dia ngomong gitu karena simpan an uang nya banyak,, duit 100 itu sangat berarti bagi rakyat miskin pak",-,0,Positif,5,Senang,Mentan:Wise
Gemini🕊️🕊️,goblok disamain sama jepang ya kalah jauh,-,0,Negatif,2,Marah,Mentan:Blunder
🌈🌾,bisa bisanya ya dibandingkan dengan jepang woyyyyyy 😭bapak ini gimana sih,-,0,Negatif,2,Marah,Mentan:Blunder
Yanti Yn901,Gaji per hari 100 rb cuma bisa beli beras 1 kilo,-,0,Negatif,5,Marah,Gaji:Berkurang
Mas Lee 014,kok makin banyak yg dongo pemerintahan kita,-,0,Negatif,1,Marah,Pemerintahan:Blunder
TukangKuku,Umr aja udh beda coy coy,-,0,Negatif,1,Marah,UMR:Mahal
Syff_🐣,Wkwk ketampar di tempat,-,0,Negatif,5,Sarkas,Mentan:Ketampar
Penimelani,Gaji di jepang berapa anjayyyyyy,-,0,Positif,5,Senang,Gaji:Kecil
cok,indo sama jepang ya beda,-,0,Negatif,2,Marah,Harga:Beras:Mahal
MomZaf.shop,"eh eh eh gimana gimana, gaji di Indonesia aja banyak yang masih dibawah sejuta. kalau beras 100rb hari besoknya makan angin 😂",-,0,Negatif,2,Sarkas,Gaji:BanyakTidakCukup
uii_iiu,what mau disamakan dgnJepang? uang untuk kesejahteraan petani habis dimakan tikus negara,-,0,Negatif,1,Marah,Mentan:Blunder
lontong pocong hijau,"enak kali ngomong nya inget jepang umr nya Udha 30jt indo masi rendah 2,2",-,0,Negatif,1,Marah,UMR Indonesia:BedaDenganJepang
joe ganteng level 4,mungkin harga beras jepang ini yg jadi acuan tunjangan beras anggota dewan 12jt,-,0,Negatif,2,Sarkas,Beras:Mahal
d,beg0 beg0 teuing gableg mentri th,-,0,Negatif,2,Sarkas,Mentan:Blunder
augusttiyono,dongok,-,0,Negatif,2,Marah,Harga:Beras:Mahal
auliaaa🍄,lailahailallah ya allah ada ya orang modelan begini😭,-,0,Negatif,2,Sedih,Beras:Mahal
หมวกฟาง ฟาร์ม,petani pengen sejahtera rakyat pengen sejahtera udh diwakilkan DPR 😂😂,-,0,Negatif,2,Sarkas,Mentan:Blunder
zweeiii,"soal ginian aje lu kiblatnya jepang, noh pejabat jepang banyak mundurnya kalo blunder.. ga kaya di konoha",-,0,Negatif,1,Sarkas,Mentan:Blunder
emaasnan,"dah lah, tidak bisa ber word2 sudah liat pejabat2 sekarang",-,0,Negatif,2,Sarkas,Pejabat:Blunder
NostalNovanda91,harga beras 100kg TPI mata uang sana beda SMA sini ...,-,0,Negatif,1,Marah,Beras:Mahal
febbyyes,Pak jangan bandingin sama negara yg gaji nya jauh dengan indonesia,-,0,Negatif,2,Sarkas,Banding:Kecil
Akukuatsehatbaikhati,bang.... penghasilan kuli 100 ribu sehari pakk bukan sejam masa ia dibandingkan sam jepang 😂,-,0,Positif,5,Senang,Gaji:Banyak
Jiju,GAJINYA SAMAIN JUGA KAYA JEPANG DONG,-,0,Negatif,5,Sarkas,Gaji:Kecil
nda,liat umr nya lah anj😭😭,-,0,Negatif,2,Sarkas,UMR:Beda
araprojectidn,Pake gaji bapa? 😭🫵🏻,-,0,Negatif,2,Sarkas,Gaji:Beda
🍉,ALLAHUALBAR😭,-,0,Negatif,1,Sedih,Beras:Mahal
rahil,"pak e, seandainya bpk itu Dibawah, bkan seorg mentri, gaji dibawah UMR, yg duduk mentri itu org lain, kluar lah kalimat sprti itu , gimana prasaan bpk, kesal gk ? pnya perasaan gk ?",-,0,Negatif,1,Marah,Mentan:Blunder
BoruRegar096😘,dasar paok emng klian bisa naikan gaji kami setara dngan gaji d jepang longor kok g ketulungan😂,-,0,Negatif,2,Sarkas,Gaji:Kecil
yousheeee,lha jepang gajine 30jt bjirrr kok di bandingke,-,0,Negatif,1,Sarkas,Gaji:Kecil
xxx_28,paling bodok btl🤣,-,0,Negatif,1,Sarkas,Mentan:Bodok
Shinta al-fatih,Jepang sesuai sm pendapatan nya.. gimana sih otaknya,-,0,Negatif,5,Sarkas,Otaknya:Ketidaksetujuan
R,dibandingin ama jepang yang negara maju 🗿,-,0,Negatif,2,Sarkas,Jepang:Beda
Eyen06,paa jepang 25jt perbulan paaaaaakk,-,0,Positif,5,Senang,Jepang:KerjaLewat
nihondake81,Gaji kita perjam 100 rb pak kalau mau sama harga nya dengan jepang,-,0,Negatif,1,Marah,Gaji:Kecil
adniᗡ,"disamain sm jepang, dr pendidikan, segala macemnya aja udh beda cok",-,0,Negatif,2,Sarkas,Jepang:Beda
yeniAldy30,dibandingkan dg Jepang? yakin om?,-,0,Negatif,1,Sarkas,Jepang:NotComparable
Come_My_Your_Run,ini mentri goblok banget membandingkan perkspita negara ini dgn negara maju,-,0,Negatif,1,Marah,Mentan:Goblok
Bakso Kang Murad,kok bisa jadi DPR beliau ini,-,0,Negatif,1,Marah,Mentan:Blunder
Farah Anindita,jepang 100k perkiloo gaji 20 jt la kitaaa 😭,-,0,Negatif,2,Sedih,Gaji:Kecil
potato16,penyakit otak ini kalo kata surya insomnia.,-,0,Negatif,1,Sarkas,Penyakit Otak:Menghujat
🇭 🇮 🇱 🇲 🇴 🇳⁰¹,heee UMR indo berapa goblog di bandingin UMR jepang jauh banget tololl,-,0,Negatif,5,Marah,UMR Indo:Mahal
꧁♥️𝐉ᵃ𝕕ʊļ Ⓜ️ẳⁿ𝐭ᴜ₰♥️︎꧂,langsung di respon ibu titiek👍👍👍,-,0,Negatif,2,Marah,Beras:Mahal
Mass Ajiz,jepang GC korupsi pak aduhhh yeee,-,0,Negatif,1,Marah,Jepang:Korupsi
jihannnn,pak mikir nya gimna sihhh yaa Tuhan 😭,-,0,Negatif,1,Sarkas,Mentan:Blunder
ayraa,dongokkkkk,-,0,Negatif,1,Sarkas,Beras:Mahal
Leeeey Dia,kesejahteraan e beda bapak😅😅😅😅,-,0,Negatif,2,Sarkas,Beras:Mahal
keno16♈,dasar binatang,-,0,Negatif,5,Marah,Mentan:Blunder
S U N I M,kenapa di jepang 100 ga ada harganya karna mata uang negara lain tidak sama dengan rupiah,-,0,Positif,5,Senang,Aspek:Logika
Leeeey Dia,😂😂😂,-,0,Positif,5,Senang,Sarkasme:Entertaining
agstdwf,@SEBLAK CIHUY BAWEAN🔥🍜✨: COBAK GAJINYA SAMAIN KAYAK JEPANG ANYING,-,0,Negatif,1,Sarkas,Mentan:Blunder
Martinplaythebeat,dontol bgt jir🤣,-,0,Negatif,1,Sarkas,Beras:Mahal
NICEGUY💥,@manan.joestar memposting ulang,-,0,Negatif,1,Marah,Beras:Mahal
YaniiBawell🤏🏻,dolarr nya pun gedeee pa jepang mahh jangan dibanding kn kaleeee bapaaa mampuu rakyat kecil MH beras harga 15 rb pun nyari duit nyaaa susahhh pake bangettttt,-,0,Negatif,1,Marah,Beras:Mahal
kelap kelip,SEMUANYA STRESSS,-,0,Negatif,1,Marah,Mentan:Blunder
saisyahaish,"indonesia disamakan dengan jepang, gaji aja udah kalah jauh😭😂",-,0,Negatif,5,Sarkas,Mentan:Blunder
@ Erni Yuliani 🛒,jug we mneh nu di jepang,-,0,Negatif,2,Sarkas,Jepang:Beda
Rapa sk_yapping`☂,kok orang kaya gini kalo ngomong gak pernah mikir trus yaa,-,0,Negatif,5,Sarkas,Orang Kaya:Mengganggu
༺ᴹᴬˢ༻,HAHAHAHAAAA🔥🔥🔥🔥 sekolah sampek gerbang doang 😏,-,0,Positif,5,Senang,Sarkasme:Entertaining
MAS R,"jepang umr na sabaraha pak bandingkeun jeng di indo kur 3,8 umr na",-,0,Negatif,1,Marah,Jepang:BedaUMR
firda.cha ݁𐙚,semaju apa sih pak negara kita ini 😭,-,0,Negatif,5,Sedih,Beras:Mahal
Indahpadawaktunya🌸,ingin ku berkata kasar tapi aku lagi hamil ga boleh sembarangan ngmong😭,-,0,Negatif,2,Sedih,Beras:Mahal
cilo,yg belakang kagak bisa mingkem ?,-,0,Negatif,2,Sarkas,Mentan:Blunder
Fita Fitaa,gak mikir nak ngomong,-,0,Negatif,1,Sarkas,Mentan:Blunder
Q&E,kami rakyat biasa pak bukan dpr yg tiap bulan di kasih uang beras 12 jt,-,0,Negatif,1,Marah,Beras:Mahal
Garila,😌😌😌😌😌😌🤷‍♂️😌😌😌😌😌😌,-,0,Negatif,5,Marah,Mentan:Blunder
Ratna dewi,"bpak GX mikir apa, masih bnyak yg GX mmpu buat beli beras pak.. mau makn aj susah .. pakek Indonesia, mau disamakan dengan jepang .",-,0,Negatif,1,Marah,Beras:Mahal
InungCebe,ngurusi negoro dewe ae semrawut. ngurusi negoro liyooo,-,0,Negatif,2,Sarkas,Mentan:Blunder
fie kthv💜,"astaghfirullah astaghfirullah,inginku mengetik kata kata kasar🤣",-,0,Negatif,2,Sarkas,Mentan:Blunder
Teh Lely,"pokonya saya mah cuma berdoa sama allah, selalu diberi kemudahan, kelancaran, berkah berlimpah rezekinya🤲",-,0,Positif,5,Senang,Doa:Berkat
ikmah🌻,"Jepang negara mau, indo negara mundur alon”",-,0,Negatif,2,Sarkas,Jepang:Kecil
labelanid,"bapak bandingin harga beras sama jepang, coba saya tanya UMR di indo samain sama dijepang bisa gak ? di kota ku masih 2jt lebih dikit apa gak sakit kepala pak kalo harus beli beras dengan harga tinggi 🥹",-,0,Negatif,1,Marah,Beras:Mahal
Selvi_taurussinta,halooo bapak... Jepang menanggung ibu hamil dan bayinya indo gitu juga gak.... gitu aja lah kalo main banding2an,-,0,Positif,5,Senang,Jepang:Netral
cece dini,"harga beras naik, tp pas petani yg jual ke pabrik berapa coba? dpt 7-8rb. bisa anjlok lg kl udh banyak yg panen",-,0,Negatif,2,Sarkas,Harga:Beras:Mahal
apiipp,DUNGU kata Rocky Gerung,-,0,Negatif,1,Marah,Mentan:Blunder
piecehappiness,"selalu ae mau samain indo ama negara2 maju🗿🗿🗿kan tol-,",-,0,Negatif,2,Sarkas,Mentan:Blunder
nvv,"UMR cuma 2,4jt ai harga beas hyg 100k/kg hadeuhhh",-,0,Negatif,1,Marah,UMR:Beda
"jek di panggil, ngapa?","ohhh yaudahh kalo nyamain sama jepang perbandingannya, kalo gitu gaji, fasilitas, kinerja pemerintah, dll harus di samain juga dong? masa iya beras doang yg lain ga di samain😹✌️",-,0,Negatif,5,Sarkas,Beras:Mahal
MEDIA BURUSERGAP INFO,kenapa lah Bangsa ini di isi oknum oknum yang ber otak dangkal. membandingkan harga di Indonesia dengan jepang😭😭😭,-,0,Negatif,1,Marah,Mentan:Blunder
i,benget tah hurung,-,0,Negatif,2,Sarkas,Beras:Mahal
Kaniaji,Ko makin asbun… yaaa😭😭😭,-,0,Negatif,1,Sedih,Beras:Mahal
Faveolate,Tol0l,-,0,Negatif,2,Sarkas,Beras:Mahal
putra_Ragiel.22,"Indonesia banyak pengangguran, besar korupsi.. Jepang negara maju rakyat makmur",-,0,Negatif,2,Marah,Jepang:Beda
emakketjeh1,capek yaa Allah.,-,0,Negatif,2,Sedih,Beras:Mahal
wonniedoo,makanya bergaul pak,-,0,Negatif,2,Sarkas,Beras:Mahal
putriipurr,pak Jepang kerja gajinya berapa? sedang indo gaji 1juta saja jarang kecuali kerja kantoran. dan mengalokasikan uang 1juta buat beli beras 1kg 14ribu belum lagi keluarga gak cuma 1-2orang. logika jalan gak pak? 😌,-,0,Negatif,5,Marah,Gaji:Kecil; Menteri:Blunder
kulisawah,4 juta di tempat gua udah lebih UMR bg,-,0,Positif,5,Senang,UMR Indonesia:Bisa
Mizikizi,dari gajinyaa aja udahhh bedaa hadeuhhhh,-,0,Negatif,2,Sarkas,Gaji:Kecil
Reddington,"samain juga dong umr nya sama jepang pak, jngn cuma harga barangnya aja disama sama in. dpr pd lulus skolah ga ya? ijazah nya asli kah",-,0,Negatif,1,Sarkas,UMR:Miskin
‡gᥱᥱ'ᥒіᥴᥲᥲ__,"Jepang negara maju sedangkan indo negara korupsi, takutnya 100k perkilo beras ikut di korupsi juga ntar",-,0,Negatif,2,Marah,Beras:Mahal
B I M U D 👩‍⚕,HAHAHAHAHA 😭,-,0,Negatif,1,Sarkas,Mentan:Blunder
🎀,ehhhh GAJI UMR DI SN BERAPA KOCAKKKKK RISET DULUUUUU LAAA,-,0,Negatif,1,Marah,Gaji:Kecil
silvia,lulusan sarjana pola pikir anak SD di terima jadi DPR lagi saamin Indonesia sama jepang Indonesia udh kalah jauh UMR ajh mentok 5jt wkakaka,-,0,Negatif,1,Marah,Mentan:Blunder
mh30,koyok ngene kok dadi DPR 😭,-,0,Negatif,2,Sarkas,DPR:Koyok
under budget,"Beras kalau bisa gratis pak, ga usah kita expor2 ke negara lain sedangkan warga sendiri banyak yg susah makan",-,0,Negatif,5,Marah,Beras:Mahal
cotakkatik77,Bapak enak bicara. karna bapak anggota dewan yg uang nya banyak dan hidup bapak dijamin negara.,-,0,Negatif,1,Marah,Mentan:Blunder
zhiean,bapak kau... banding kan SMA jepang,-,0,Negatif,2,Sarkas,Mentan:Blunder
Rdwnnn_,goblok keminterrr,-,0,Negatif,1,Sarkas,Mentan:Blunder
Elysaaàh,disana gaji nya 30jt perbulan bkn 3jt perbulan on ol,-,0,Negatif,1,Sarkas,Gaji:Kecil
.,"di bandingin sama yang gaji nya 2 digit, pikirannya gimana sih😂",-,0,Negatif,2,Sarkas,Gaji:Kecil
wonniedoo,"PAK KOCAK DAH LUH UMR JEPANG BERAPE? PADANG AJA UMR GA NYENTUH 3 YE PAK MALAHAN PERAWAT SEKOLAH MAHAL MAHAL GAJI GAK SESUAI😃DI JEPANG BERAS MAHAL JUGA ADA HARI HARI BERAS MURAH, BANTUAN JUGA GAK DIPERSULIT LEWAT RT LAH CAMAT LAH LURAH LAH GAK JUGA PAKE KARTU KARTUAN, DAPAT BANTUAN LANGSUNG NYAMPE KE RUMAH SURAT PEMBERITAHUAN MASUK REKENING BUKAN DAPAT BANTUAN MALAH NGANTRI DI POS KALO GAK DIAMBIL YA ILANG YEU KOCAK 🫵🏻",-,0,Positif,5,Senang,Jepang:BerasMurah
Ratna.NUNA.NANA,bedo ndenggg gendenggggg,-,0,Negatif,1,Sarkas,Beras:Mahal
melaaaaa🌌✨,istigfar gue,-,0,Negatif,2,Sarkas,Mentan:Blunder
Ulfa Zuhro,turun gk lo semua!,-,0,Negatif,5,Sarkas,Harga:Beras:Mahal
𓍢ִ໋🌷͙֒,astaghfirullah,-,0,Negatif,2,Marah,Beras:Mahal
Liu IV,pejabat anjj yg di otaknya cuma kepentingan sendiri 😡👊,-,0,Negatif,1,Marah,Mentan:Blunder
مية واحد,oke asalkan gaji rakyat minimal 20jt sebulan bisa ga?,-,0,Negatif,2,Sarkas,Gaji:Kecil
OM.KENTUL,jenenge aee tikus pekok eee raketulung🤪,-,0,Negatif,1,Sarkas,Mentan:Blunder
It's Me Nany ✅,kumaha gaji na atuh jng perkembangan ekonomina ...ah kadang kadang ni oramg 😏,-,0,Negatif,2,Sarkas,Gaji:Kecil
AH,anjay disamain sama jepang kocak😂,-,0,Negatif,2,Sarkas,Jepang:Kocak
matcha 🌱,UMR Nya berstandar jepang juga pak ....,-,0,Negatif,2,Sarkas,UMR:Malah
R.,A nya apa?,-,0,Negatif,2,Marah,Beras:Mahal
rosmaladewilubisd,gaji orang Jepang berapa bapak yang punya gaji besar. kami gaji nya 2.0000 perbulan. bahkan kadang gaji guru tak sampai satu juta pak.,-,0,Negatif,2,Sarkas,Gaji:Kecil
@Ragielz_degiels,beda kelas anj sama jepang UMR nya aja beda 90 juta,-,0,Negatif,1,Marah,UMR:BedaJepang
Bang Dhin,yg bodoh sebenarnya gw apa dia sih😏,-,0,Negatif,2,Sarkas,Mentan:Bodoh
sintals,jepang UMR nya aja beda jauh sama indo kocak,-,0,Negatif,1,Marah,Jepang:BedaDenganIndo
mima,pak umr wes beda 🥺,-,0,Negatif,2,Sarkas,UMR:Bedah
Gunawan dogol RDL_212,dongo udh tau ekonomi masyarakat morat marit disamain sama Jepang yang gaji nya tinggi,-,0,Negatif,2,Sarkas,Gaji:Kecil
Garanacho,UMR jpg beda sa,-,0,Negatif,2,Marah,UMR:Beda
nining,astaghfirulloh lailahaillallah,-,0,Negatif,2,Marah,Beras:Mahal
oh,"harga beras naik terus sedangkan harga padi dr petani segitu"" aja 😌",-,0,Negatif,2,Sarkas,Harga Beras:Mahal
TRD^GRAY,wong kog guoblok... lha jepang gaji ne duwur,-,0,Negatif,5,Sarkas,Jepang:Kecil
Costasiella,se asbun ini bisa jd dpr,-,0,Negatif,1,Sarkas,Aspek:Sentimen
Yulia Galeri,Mampir guys @kementanri @sudaryono,-,0,Negatif,1,Marah,Mentan:Blunder
Diajeng,piye sih,-,0,Negatif,2,Sarkas,Beras:Mahal
Garanacho,Bodoh nya,-,0,Negatif,1,Sarkas,Bodoh nya:Mentan
Nadia 123,"Dia apakah gabis bedain negara udh maju,sma negara korup? kalu indo ga dikorup sma situ""tikus Indonesia lebih maju",-,0,Negatif,1,Marah,Mentan:Blunder
raaa🍭,bego ih,-,0,Negatif,2,Sarkas,Beras:Mahal
Akun Berdua,"Pendapatan jepang berapa anjir, ini yang masuk dpr gaada syarat pinter ap?",-,0,Negatif,1,Sarkas,Pendapatan Jepang:Kecil
zyPUBGM.,kelass bu ksih paham 🔥 indo mau di bandingin ama jepang ? KOCAKKKKK NIH OTAK DPR 🤣🤣🤣🤣🤣 mkin kesini mkin ksono agak laennn nih DPR🤣🤣🤣,-,0,Negatif,5,Sarkas,DPR:Blunder
Mom_3_boedjang,ada gila gila nya🤣🤣,-,0,Negatif,1,Sarkas,Beras:Mahal
Panda05,Pak pak bandingin kok sama jepang disana mah gaji besar nah disini berapa?? klau gaji DPR mah 100 juta bisa klau untuk beli beras. Nah yang lain yang gajinya 1 digit yaa merasa kemahalan pak. Coba anda gaji 1 digit atau dibawahnya ketika beras 100 ribu anda pasti juga ikut demo dan ga terima.,-,0,Negatif,1,Sarkas,Gaji:Kecil
Rumah Laundry,"turunkan harga pupukny pak, kalau mau mensejahterakan petani, bukan menaikan harga beras. beras itu makanan pokok kasian yg gak bisa beli beras",-,0,Negatif,2,Marah,Harga:BerasMahal
One classic..,jadi DPR jalur apa sih,-,0,Negatif,1,Marah,Mentan:Blunder
1111slayyy,"pikirannya cutek bgtttt anjjjj, maju sama berkembang itu ajah dah bedaaaaaa!!!",-,0,Negatif,1,Sarkas,Pikirannya:Beda
Michael Vincent,"Duh dibandingkannya sama Jepang Pak. di Indonesia yg gaji di bawah 2jt lho buanyak Pakkk. klo 100rb sekilo mau makan apa mreka? harus ganti ke umbi2an? Masa Bapak Menteri kaya gt si pembandingnya, ga masuk akal. Ni Bapak Mentan pengen disantlap sama Ibu2 kayanya ya...",-,0,Negatif,1,Marah,Mentan:Blunder
Aquarius13,serius tanya tapi mereka skolah gk sihh🥺,-,0,Negatif,5,Sarkas,Mentan:Blunder
MiellaRose,lah di samain jng Jepang.. ari Jepang gajihna sabaraha ath hyang 100rb gajih pegawe taekn ath lain dpr hkl nu di taekn teh,-,0,Negatif,1,Sarkas,Jepang:BedaHarga
💜 위디 💜,kok aq gedeg y sm bpak ini,-,0,Negatif,2,Sarkas,Beras:Mahal
Sari,ya lu pindah ajaaa ke jepang pak tua 🫵🏻🫵🏻🫵🏻,-,0,Positif,5,Senang,Jepang:Keren
Bali tulen,kalo bisa tuker gaji di indonesia sama jepang pak.,-,0,Positif,5,Senang,Gaji:Kecil
vita ullen,diresapi pak gaji diindonesia berapa pak beda jauh sama jepang pak,-,0,Negatif,5,Sarkas,Gaji:Kecil
kwnmain |Travel | Catlover,"Negara tertinggal dibandingkan dg negara maju sekelas Jepang, cuma gaji bapak dan teman- teman yg bisa beli beras 100rb per kg. Tunjangannya aja puluhan juta.",-,0,Negatif,1,Sarkas,Gaji:Kecil
Sri Ambarini,"hayuuu naik trss, rakyat SDH kembang kempis nafas juga..BPK enk beras g beli tinggal ngambil2 aja brp karung juga, sedang rakyat beli seliter juga susah",-,0,Negatif,1,Marah,BPK:Mahal
Kue putu☝,"kocakk di bandingin sama negara maju, gak liat ke bawah apa gak liat kondisi masyarakat sendiri apa..",-,0,Negatif,2,Sarkas,Mentan:Blunder
matcha,longer itu sesuai pendapatan rakyat kau gaji 1jt an masih,-,0,Negatif,2,Marah,Gaji:Kecil
KendraOLshop,Hrga beras dinaikin untuk bayar gaji bapak yang sebulan 100 jt,-,0,Negatif,2,Sarkas,Gaji:Kecil
kartikadewi_89,"pak,kalian yg di atas GK pernah ribut karna biaya hidup kalian dari rakyat.rakyat yg di peras,sampai sini paham kan",-,0,Negatif,1,Marah,Mentan:Blunder
sebutsajairsya,bubar deh bubar lu pade,-,0,Negatif,1,Sarkas,Beras:Mahal
adengsquad218,Jelema oon di saruakn jeng jepang,-,0,Negatif,2,Sarkas,Jepang:Beda
Candi Bali,Perbandingannya sama jepang anjayy🔥,-,0,Negatif,2,Sarkas,Perbandingan:Beda
Ati Ku745,ini Indonesia bukan jepang indo banyak petani padi,-,0,Negatif,5,Marah,Mentan:Blunder
Den Jay,kata bandingkan Jepang bayak yg korupsi ga,-,0,Negatif,2,Sarkas,Jepang:Korupsi
Buguru Dhanty🧕🌹,Sumpah e ada apa dengan pemerintah kita kh😭😭😭😭😭😭😭,-,0,Negatif,1,Marah,Pemerintah:Blunder
iniripan,hari-hari liat org2 kayak gini capek banget mental gue😭,-,0,Negatif,1,Sedih,Beras:Mahal
Lili21,jepang nggak ada sawahhh...woiii...indonesia bnyak sawah lumbung padi..njiiirr,-,0,Positif,5,Senang,Jepang:Beda
CheCha Shop,kayak nya Mentri ga beres ini😂,-,0,Negatif,2,Sarkas,Mentan:Blunder
Rumah Laundry,"jepang gaji nya besar wouyy... jangan bandingkan dengan jepang, kesejahteraannya jauh banget indonesia dengan jepang",-,0,Negatif,5,Marah,Jepang:TidakAppleToApple
antonzz61,coba cek UMR jepang😁,-,0,Positif,5,Senang,UMR Jepang:Informasi
🎀yanie,yee pintar bicara krna uang berasmu ditanggung rakyat 12 juta perbulan,-,0,Negatif,1,Marah,Beras:Mahal
angga69,mentri a tolol di banding2 Jepang ini Indonesia bung,-,0,Negatif,2,Sarkas,Mentan:Blunder
CAH GATHEL,perbandingan macam apa ini,-,0,Negatif,1,Marah,Perbandingan:Beda
Hotijeh Aziz,sekarang aja udah banyak yang kelaparan masih banyak orang yang tak bisa beli beras anjii,-,0,Negatif,1,Sedih,Beras:Mahal
~DEsTROyer~,kesejahteraan rakyatnya sama gak sama Jepang?,-,0,Negatif,2,Marah,Kesejahteraan rakyatnya:Beda
Backpacker_an yuk?,Bingung dehhhh sm anggota2 yg ah sudahlah🏳️,-,0,Negatif,2,Sarkas,Beras:Mahal
Firman Syah,kebanyakan makan duit haram jd pada tolol,-,0,Negatif,1,Sarkas,Kebanyakan Makan Duit Haram:Blunder
sitinurbadriah,"wouyy beras 12rb perliter aja org indo bnyak yg enggk mampu beli pak, jngan samain kyak Jepang. Jepang negara maju pak. jngan nambah"" beban rakyat",-,0,Negatif,5,Marah,Beras:Mahal
🍃,yeuu stress,-,0,Negatif,2,Sarkas,Beras:Mahal
임지코,dungu di suruh ngomong ya gini ni,-,0,Negatif,2,Sarkas,Mentan:Blunder
jiAnHa,WOYYYY...INI INDONESIA BUKAN JEPANG,-,0,Negatif,5,Marah,Mentan:Blunder
Ni74,jepang oengahasilan perhari 3juta bapak .. di sana Kehidupan kesejahteraan petani dan penduduk di jamin sama pemerintah.. bedah sama di indo rakyat suruh menjesaterahkan dpr ..,-,0,Negatif,2,Marah,Pemerintah:KurangBerpihak
Kingz🤍,"Anjir wkwk mata uang kita aja jauh sama jepang, blom lagi umr wkwk",-,0,Negatif,5,Marah,Mata Uang:Mahal
deup.id,setresss,-,0,Negatif,2,Sarkas,Beras:Mahal
just_me,"pak gajih nya aja beda, ko di sama in😁",-,0,Positif,5,Senang,Pak Gajih:Beda
Anna Jayyan,Paaaaaakkkkkkkkkkkk.. Jepang negara maju Jepang juga mema manusiakan manusia Jepang juga membuka lapangan pekerjaan Jepang juga bukan negara yang banyak korupsi nya paakkkk,-,0,Negatif,1,Sarkas,Jepang:KomentarTidakLogis
damsj,lu mah enak dpr,-,0,Negatif,2,Sarkas,Beras:Mahal
rapsihombing0,"oalah,paok paok",-,0,Negatif,1,Sarkas,Mentan:Blunder
Syakirra,umr ny aja beda 75% pak gmna si🙄,-,0,Negatif,1,Marah,UMR Indonesia:Beda
pira,"bandingin harga beras ama Jepang, gaji nya dulu samain kaya Jepang",-,0,Negatif,1,Sarkas,Gaji:Kecil
RyoJulio,bodoooo,-,0,Negatif,2,Marah,Beras:Mahal
egaego,enak bener ya omongan orang yg beli berasnya di tanggung negara 🗿,-,0,Negatif,2,Sarkas,Mentan:BedaHarga
Lala🫐,Dongoo,-,0,Negatif,2,Marah,Harga:Beras:Mahal
ecaa༉‧,ngomong apa sih bapak itu 🙂,-,0,Negatif,2,Sarkas,Mentan:Blunder
S,goblookk nggak punya otak klo ngomong,-,0,Negatif,1,Sarkas,Mentan:Blunder
Mas nung22,"pendapatanya ada beda harga mau d samakan, pendidikan aja s1s2 , tapi kok ya bgtu,",-,0,Negatif,2,Sarkas,Pendapat:Mengkhawatirkan
Backpacker_an yuk?,😂,-,0,Negatif,2,Sarkas,Beras:Mahal
luka hati luru ganti,jepang UMR nya brpa ya,-,0,Negatif,1,Sarkas,Jepang:Curious
nrlnyy,klo ad tunjangan 12juta sih gpp pak 😂,-,0,Positif,5,Senang,Tunjangan:Baik
Rapa,"gajih Jepang,sebulan ajh yg kul pabrik,busa40,60,JT beda SMA indo pak",-,0,Negatif,1,Marah,Mentan:Blunder
sam 798,dase mumet kui,-,0,Negatif,2,Sarkas,Beras:Mahal
ely~,TOLOLL,-,0,Negatif,1,Marah,Mentan:Blunder
𝐛𝐥𝐮𝐞𝐩𝐲'𝐬,kacau,-,0,Negatif,1,Marah,Mentan:Blunder
Lays',bocah2🤣,-,0,Negatif,1,Sarkas,Beras:Mahal
Eka yuni astuti,situ dpt tunjangan makanya ga ribut,-,0,Positif,4,Senang,Tunjangan:Baik
chataleya store,gajinya......!!!!! ini ngapaiin orang jadi anggota dpr tapi gaktau mata uang luar kalo dirupiahin kek manaaa..?????hmmmm jauh ama umr indonesiaaa,-,0,Negatif,1,Marah,Gaji:Kecil
Rotii,Toalolllllll,-,0,Negatif,1,Sarkas,Mentan:Blunder
₊˚ ☁️⋅🦕,Diunggahke bayar e pak wkwkwkwkw,-,0,Negatif,2,Sarkas,Beras:Mahal
Yunita ciluk ba🤣,👀👀👀👀mu pak,-,0,Negatif,1,Sarkas,Mentan:Blunder
uwul,anjirrr lh pejabat nih mkin Gilak yaa,-,0,Negatif,2,Sarkas,Mentan:Blunder
tukang_somay,ya jangan disamakan kayak jepang... 100 RB tuh gaji mereka berapa? gak semua orang mampu beli beras,-,0,Negatif,2,Marah,Jepang:Beda
ELRAH EXCLUSIVE RIAU,blunder,-,0,Negatif,1,Marah,Mentan:Blunder
himawari🌻,"singkat aja,, negara kita apa sudah sama dengan jepang?☺️🙏dia duluan yg banding²in",-,0,Negatif,5,Sarkas,Banding:Kritik
Dika Tolaki,di jepang gajinya besar klow kita klow 100/kilo rakyat miskin akan ikuti sapi makan rumput,-,0,Negatif,1,Marah,Gaji:Kecil
srisunarsih,*PEJABAT MAH ENAK CUCUT E NGOMONG NGUNU LAH WONG BERAS AJA DAPET TUNJANGAN😂😂😂 KATA GUA MUNDUR SMW DAH LU @dpr_ri BIAR NGERQSAIN JMGJIH SEHARI 100 RB BLM D PROBG MAKAN BENSIN ROKO* BIAR LU G PADA SEMENA2 SM KITA2 YG GA PUNYA JABATAN PADAHAL PAS MAU JDI DPR LU PADA NYARI SUARA KITA2 KAN? WES DADI RS ELING BLAS 😂😂😂KOCAK,-,0,Negatif,5,Marah,Mentan:Blunder
Marlin Puspita125,bisa gak Bpk aja pindah ke jepanggggg,-,0,Negatif,2,Sarkas,Mentan:Blunder
hindayaniyani725,"harga beras sekarang aja msh banyak rajyat kelaparan, gimana dinaikin",-,0,Negatif,1,Marah,Beras:Mahal
vitamin C,uang jepang sama indo beda 🗿,-,0,Negatif,2,Sarkas,Uang:Bedanya
ameliavia,stres,-,0,Negatif,2,Stres,Harga:Beras:Mahal
user6897573280043,dongo,-,0,Negatif,2,Marah,Harga:Beras:Mahal
Divasunjaya,Ekonomi jepang sama indonesia jauh bosss,-,0,Negatif,2,Sarkas,Ekonomi:JauhBerbeda
Mas R,lah npa di samakan jepang.,-,0,Negatif,2,Sarkas,Aspek:Beras:Mahal
𝕬𝖍𝖘𝖆𝖓_𝖇𝖆𝖓𝖙𝖊𝖓,Jepang negara maju rakyat sudah sejahtera la Indonesia di liat geh fakta y jangan liat data,-,0,Negatif,1,Marah,Jepang:Beda
tutiecutie,dibandinginnya sama jepang 😏,-,0,Negatif,2,Sarkas,Beras:Mahal
xyzdnda,oon,-,0,Negatif,2,Marah,Harga:Beras:Mahal
manis 🍒🍒,jelas lah buat dia g masalah wong anggaran beras buat dia aja 12 JT perbulan lah rakyat belinya sama duit pribadi 🤣🤣🤣,-,0,Negatif,5,Sarkas,Mentan:Blunder
kibrojol1,Apa dasar pertimbangan org ini bisa dijadikan Menteri?,-,0,Negatif,1,Marah,Mentan:Blunder
Suara Hati,dia sedang menunjukkan ketololannya,-,0,Negatif,1,Sarkas,Mentan:Blunder
puttttt.,yailah pak pak,-,0,Negatif,2,Sarkas,Mentan:Blunder
AzuL,langsung dibantahkan pendapatan kita masi rendah,-,0,Negatif,2,Marah,Pendapatan:Berkurang
Alfarijqi,"aduh pak ,jangan banding banding kita sama jepang,,,,",-,0,Negatif,2,Marah,Banding:Beda
mun'steraaaaaaw,ya karena kita gak ada tunjangan beras 12jt pak,-,0,Negatif,2,Marah,Beras:Mahal
Joyce,TULULLLL,-,0,Negatif,1,Marah,Mentan:Blunder
리 스카 🪻,"beda lah woy, gaji di jepang gede, di indo gaji sejuta, mikir boy",-,0,Negatif,2,Sarkas,Gaji:Kecil
Pisces ♓🐻,"liat gajinya juga lah pak beda banget beda disamain sama Jepang cuman harga beras nya doang, gaji tuhh naikin juga kayak Jepang",-,0,Negatif,2,Sarkas,Gaji:Beda
Aqila,utekmu kok jalan ditempat to Pak Mentri,-,0,Negatif,2,Sarkas,Mentan:Blunder
ArsillAcill,"inilah kenapa saya dari dulu ga pilih prabowo, hanya karena gibran sya pilih tapi apalah daya seorang wakil",-,0,Negatif,5,Marah,Mentan:Blunder
🫧,"Dpr tapi dngo ,liat dulu rktyat nya bnyk yang kesusahn dan terlantar ,beda dngn jepang yang sudah makmur rakyt nya",-,0,Negatif,2,Sarkas,Jepang:Beda
Andika,ini serius dpr isinya ginian?,-,0,Negatif,5,Marah,Mentan:Blunder
Toko solich,Jepang negara maju la piye to pak,-,0,Negatif,5,Sarkas,Jepang:Blunder
bestie,"Oalah pak jepang gaji gede,lha kita gaji cuma berapa 😂, apalagi rakyat yang TDK punya gaji",-,0,Negatif,1,Marah,Gaji:Kecil
CaiKopi,ente ente bisa nyamain sama negara lain kalo ada kenaikan Bahan pangan tapi anda tidak pernah menyamakan pemasukan rakyat negara sendiri gimana,-,0,Negatif,2,Marah,Beras:Mahal
AlwiCodett,jangan samain kalo UMR gak gede,-,0,Negatif,2,Marah,Mentan:Blunder
Adhyaksa cattery,Cikkkkk jawabe betul serendah itu begh angen angene kmna?,-,0,Negatif,2,Sarkas,Mentan:Blunder
meliayyy jeonginaaa,mereka ini bisa mikir apa ngga sih? 😭😭😭,-,0,Negatif,1,Sarkas,Mentan:Blunder
😉,jepang ekonomi maju . gaji sesuai gaya hidup.sdangkan Indonesia apaaaa. kerja mati Matian tpi gaji gak sesuai. . yg bisa bicara beras naik tapi gak ribut itu gajinya yg perhari 3jt😏,-,0,Negatif,2,Marah,Gaji:Kecil
naufal_fzii,@Mas Dipannn dimana logikanya,-,0,Negatif,2,Sarkas,Mentan:Blunder
ik_aikaa,perbandingan e koq yo adoh men,-,0,Negatif,5,Sarkas,Perbandingan:Beda
Sins in Heaven,ape je orange to,-,0,Negatif,2,Sarkas,Beras:Mahal
Ini jay,Beras apa kocak😂.,-,0,Positif,5,Senang,Beras:kocak
rajaaslan,woooiiiiiiiiii,-,0,Negatif,1,Sarkas,Beras:Mahal
Yosi Gusmida,"bahan pokok naik, pajak naik, gaji nggak naik2 pakk🤣🤣, yg naik malah gaji DPR, di bandingin Ama jepang negara maju, lah kita negara berkembang pak .....nggak usah banding2in... perbaiki aja dl yg duduk2 dikursi atas sana .,..🔥🔥",-,0,Negatif,2,Marah,Pajak:Besar
.xx_aan,"beras bermerek aja dioplos,ini penjabat ini gimna sih seengga mikir itu kahh😂😂",-,0,Negatif,2,Sarkas,Penjabat:Bermerek
aliaputri_ajino2,negara jepang maju bos lah negara Konoha apa🤦🤦,-,0,Negatif,5,Sarkas,Jepang:NotAppleToApple
L.F,"maksud p.menteri ini bagus, ia mau petani sejahtera. jujur saja jd petani cuma dpt capek. harga benih, pupuk, obat²an mahal kadang langka",-,0,Positif,4,Senang,Aspek:MaksudPertanianBagus
alhumaira17amaira,gaji buruh tani masih 40k pak disini,-,0,Negatif,2,Marah,Gaji:Berkurang
Ngegas,Dih kacauuuuu 🤣,-,0,Negatif,1,Sarkas,Mentan:Blunder
Tuliptide,"liat sstu jgn setgh"" pak. klo kmrn ada yg bilang, jgn bandingkan dpr dgn rakyat jelata. jgn jg bandingkan ind dgn jpg.",-,0,Negatif,2,Sarkas,Beras:Mahal
smilyn🐝,"awal menggebu gebu, diakhir baru mikir to pak 😂",-,0,Negatif,2,Sarkas,Mentan:Blunder
Rfsyaaa,Di jepang MAJU cokkk,-,0,Positif,5,Senang,Jepang:Maju
user637829219292,"beda lah pak, jepang mah beras nya enak bgt, makan nasi aja gak pake lauk enak🤭🤣",-,0,Positif,5,Senang,Beras:Enak
ratih0887,jepang gaji mahal jgn samakan indo,-,0,Negatif,2,Sarkas,Jepang:Kecil
sama_elvyn,"Sekelas menteri tapi gabisa bedain negara maju sama negara berkembang, keknya semalam habis make ni orang",-,0,Negatif,1,Sarkas,Mentan:Gabisa
embu kukies,"Dibaning2 Jeng di jepang si tangkurak,, salaki aing kuli gajih 100 lebih Kmha kunyuk 😭apa aing negek sangu hungkul",-,0,Negatif,1,Marah,Mentan:Blunder
Cky,kursi bapak itu gantiin gw deh gw yg duduk disitu,-,0,Negatif,2,Sarkas,Mentan:Blunder
""" Raja """,bego,-,0,Negatif,1,Marah,Mentan:Bego
idgaf,"lah kata temen lu sendiri, jgn bandingin DPR dengan rakyat jelata, lah ini indo dibandingin sama jepang, gimana sii pak? wkwk",-,0,Negatif,5,Sarkas,Mentan:Blunder
AR.shop,PAK JEMPANG UMK NYA BESAR .. INDO umk kecil suruh beli beras 100k perkg ..m3nding makan singkong ajan,-,0,Negatif,5,Marah,Mentan:Blunder
netizen julid,"mau di samain sama jepang😅😅😅, noh jalan disini aja hancur abis pak, bxk jln jelek pak TPI pajak malah di naikin agak lain, eh ini malah harga beras mau di naikin pla adeh",-,0,Negatif,1,Marah,Mentan:Blunder
r1t4palup1,pikirane kur piye amreh ben ndang iso ngaselne duwet akeh neng dompete kono dewe,-,0,Negatif,1,Sarkas,Mentan:Blunder
gfcy,dibandingin sm jepang wkwk,-,0,Negatif,2,Sarkas,Beras:Mahal
Fitti,cig atu ulah di saruaken jeng jepang ti gajih ge ges bedaa 😂,-,0,Negatif,5,Sarkas,Mentan:Blunder
mutiara99,Jepang mh gajinya bagus beras nya jg bagus pak lh indo ap2 dioplos gaji pejabat2 pd naik lh rakyat dpt penderitaan nya doang,-,0,Negatif,1,Marah,Gaji:Kecil;Beras:Mahal
TENSURA_ID🐉,"kau mau naikan harga beras 100k per kilo kaya jepang gpp, tapi ya naikin juga umr indo kaya jepang",-,0,Negatif,2,Sarkas,Mentan:Blunder
ZV. 33RR,sebodo itu kah masa dia berani ngomong gitu berarti dia ngk ngerti apa² selama menjabat?,-,0,Negatif,2,Sarkas,Mentan:Blunder
bilaaaa🧸,tuhh goblok kann,-,0,Negatif,1,Sarkas,Mentan:Blunder
abcdefiyo,jir jepang dibandingin sama indo 😥,-,0,Negatif,2,Sarkas,Jepang:Beda
🦀,gaji jepang berapa pak sedangkan Indonesia???,-,0,Negatif,2,Sarkas,Gaji:Kecil
budak sunda,bapak aja yg beli 100 rb per kg kalo gituu.... 😏,-,0,Positif,5,Senang,Beras:Murah
ulvy,kek ada gilagilanya 😏,-,0,Negatif,2,Sarkas,Beras:Mahal
jodohmasadepan,"anying, tolol banget",-,0,Negatif,1,Sarkas,Mentan:Blunder
hr7,ya lh kau tak ribut..beras kau di tanggung rakyat..emng binaaatg DPR ni,-,0,Negatif,5,Marah,Mentan:Blunder
Ranti,jane ngunu arep ngomong dipikir sek opo ga yooo...,-,0,Negatif,1,Sarkas,Mentan:Blunder
Ir,Dongo,-,0,Negatif,1,Marah,Beras:Mahal
❤️Tri indraNisa❤️,paaaakkkk lha dirimu sehari 3juta . kami cari 100ribu saja banting tulang 3hari 3 malam pak,-,0,Negatif,1,Marah,Mentan:Blunder
Rini Sulistyowati,yaelaaaa paaaaaak disamain sama Jepang😏,-,0,Negatif,2,Sarkas,Beras:Mahal
تيكا كريستيانا ♉,"woy lu mau samain jepang, UMR kita berapa kocak 🤣",-,0,Negatif,2,Sarkas,Mentan:Blunder
Fery Wahyudi,tebak dimana letak otaknya?,-,0,Negatif,1,Sarkas,Mentan:Blunder
TONG TJI🍃✨,guru dia siapa anJ,-,0,Negatif,2,Sarkas,Mentan:Blunder
pincok,di sana jepang umr sampai 20 juta perbulan wajar lah. 100 perkilo... lha di indonesia umr gak sampai 3 juta ... 😂😂😂😂 hahahah,-,0,Negatif,5,Marah,Mentan:Blunder
AzzalfaNadhiraQueensha,@ONINA7978:paaaaaakk.. Jepang negara maju... Indonesia negara maju munduur🙄🙄🙄,-,0,Negatif,1,Marah,Mentan:Blunder
manzskybanten,Jepang gaada korupsi Indonesia?,-,0,Negatif,5,Sarkas,Jepang:Korupsi
nongfiyy,kan lu yang makan duit rakyat enak kali KLO berucap,-,0,Negatif,5,Sarkas,Mentan:Blunder
KING BARCA,INI ORANG TAU APPLE TO APPLE gk si,-,0,Negatif,5,Sarkas,Jepang:TidakAppleToApple
Angga,jadi petani itu tidak mudah,-,0,Negatif,2,Sarkas,Petani:Kesulitan
saya tak tau,wkwk bj,-,0,Negatif,2,Sarkas,Beras:Mahal
Ditaaaaaaku,Pak kalo saya beli beras 10kg/100ribu apa ga habis gaji saya hanya beli beras😭 emang saya ayam makan beras aja😭😭,-,0,Negatif,5,Sedih,Gaji:Berkurang
Fajrii,ngomong yang penting❌ yang penting ngomong ✔,-,0,Negatif,1,Marah,Mentan:Blunder
neni rohaeti,gajih prabrik tidak sesuai pa,-,0,Negatif,2,Sarkas,Gajih prablik:Kritik
boboboy api,pak di jepang umr 20 jt sebulan bukam 2 jt sebulan🗿,-,0,Negatif,1,Marah,UMR Indonesia:Bukam
ByLdr,paaaaak gaji rakyat konoha ga sebesar gaji anggots de pe er 💀,-,0,Negatif,1,Marah,Gaji:Kecil
lugender,"🤣🤣🤣🤣 naikin smua aja pak terserah anggota DPR mau di gimanai,in rakyat x.",-,0,Negatif,1,Sarkas,Mentan:Blunder
Amira Hawisa,Ini org logikanya kemana ya?,-,0,Negatif,5,Sarkas,Logika:Miskin
🦋,Di bandingin ama jepang KOCAKKKKK,-,0,Negatif,1,Sarkas,Jepang:Kocakkkkk
Ifa Nur Afiati,naikin beras ya gajinya dinaikin dong pak,-,0,Negatif,2,Sarkas,Gaji:Beda
suizin,lu jangan nyamainn sama jepang anj,-,0,Negatif,2,Marah,Jepang:Beda
AHMXXYZ<~>*,Lah beda gajih anjir,-,0,Negatif,2,Sarkas,Beras:Mahal
Ahmad 12 🟣🔴,pejabat pada otak kosong anjjj,-,0,Negatif,1,Sarkas,Mentan:Otak Kosong
YUDHA BRM,mau dibandingin dengan negara lain sedangkan penghasilan masyarakat Indonesia juga rendah hanya para petinggi yang punya penghasilan tinggi bedanya jauh banget daripada para pekerja yang interviewnya ribet gajinya nggak sesuai dengan jam kerjanya. sedangkan pengen merubah harga pokok mahal tapi pencarian dan kerja uang nggak sebanding. ya kalau kalian sebagai pejabat ya gaji pasti sebanding. tapi bagaimana mereka yang banyak di luar sana. ORANG MISKIN.,-,0,Negatif,1,Marah,Penghasilan Masyarakat Indonesia:Kecil
i'm fine thank you,"harga beras standar jepang,klo UMR standar?????????",-,0,Negatif,2,Sarkas,UMR:Beda
Rubby,pk Jepang beras 1 kg 100 rb gaji mereka / bln 30 jt,-,0,Negatif,2,Sarkas,Gaji:Banyak
can_Bisri,ko pikirannya pada botol semua sh,-,0,Negatif,1,Sarkas,Pikirannya:Bodoh
Byyy💗,GAJI DI INDONESIA TOLOLLLL,-,0,Negatif,5,Sarkas,Gaji:Kecil
Zahra ririn,iya jepang aja . sklh gratis . anak2x dpat bntuan . ibu hamil dapat uang 😪 belum lagi UMR nya tinggi,-,0,Negatif,2,Marah,UMR:Beda
@wynneKa,yalah ribut karna pendapatan nya gak sesuai sama harga2 kebutuhannya...pak ni klo ngomong sadar makanya jangan sambil mabokk 🤣🤣🤣,-,0,Positif,5,Senang,Pak Ni:Wise
Benovel,coba gaji bapak samakan dgn kita yg swasta..😁😁,-,0,Positif,5,Senang,Gaji:Wajar
damdu,"lu bandingin ama negara yang menjunjung tinggi martabat guru, ya jelas bedaa lahhh",-,0,Negatif,5,Sarkas,Bandingan:Kritik
ilvy.canii,"otaknya dia ada di kaki, hobi nginjek rakyat",-,0,Negatif,1,Sarkas,Mentan:Blunder
Avocado🥑,apalah orang ini,-,0,Negatif,2,Sarkas,Mentan:Blunder
Lupa Nama,"ya Allah pak, dibandiingin sama jepang, jelas kita jauh 😭, ngomong aja belum lurus bisa jadi mantri😭",-,0,Negatif,1,Marah,Mentan:Blunder
dhie,mentri sekarang pada tol semua🤣🤣,-,0,Negatif,2,Sarkas,Mentan:Blunder
SepalSepil,jauhmu ambil perbandingan deh🗿,-,0,Negatif,1,Sarkas,Perbandingan:Beda
stranger,"naik 100rb karna umr nya 20jt, disini ada yg gajinya sejuta woyy",-,0,Negatif,2,Sarkas,UMR:Beda
Bbygirl,"Oon bgt, cb tuh umr samain sama jepang🙃",-,0,Negatif,2,Sarkas,UMR:BedaDenganJepang
vernandito_,"ALAMAKKK, HANCURR NEGARA LIHAT PENGURUS KEK GINIII",-,0,Negatif,5,Sarkas,Pengurus:Blunder
°LALLIKERS°,"ini Indonesia,bukan jepang,jepang negara maju, Indonesia negara mundur😂",-,0,Negatif,5,Sarkas,Jepang:Beda
ilvy.canii,anjjing anjjing,-,0,Negatif,2,Sarkas,Beras:Mahal
Kanyaah💖,tong disaeuakeun jg jepang lol,-,0,Negatif,2,Sarkas,Jepang:NotAppleToApple
Praseliaaaa,"woy UMR jepang berapa dulu per kg 100k, sedangkan di Indonesia UMR aja 2-5 JT pr bulan naik dikit harga berasa ya masyarakat menjerit lah",-,0,Negatif,1,Marah,Mentan:Blunder
My'Park ✨️,belooonn UMR nya berape kaga dikomper !!!,-,0,Negatif,1,Marah,UMR:BedaDenganJepang
AE,lah gaji disna brapa bos gitu dulu lah,-,0,Negatif,2,Sarkas,Gaji:Kecil
🌸🌸,iiii gemes bgt😭😭😭 masaa disamain sama jepang🫠,-,0,Negatif,1,Marah,Mentan:Mahal
dnrfty,"jepang mensejahterakan rakyatnya , lah Indonesia nyusahin rakyat.",-,0,Negatif,5,Marah,Mentan:Blunder
riskii,"harga beras di bandingin, UMR g di perhatiin",-,0,Negatif,1,Marah,Beras:Mahal
Anjarsari17,otak nya kemanasih mereka ini,-,0,Negatif,1,Sarkas,Otak nya kemanasih mereka ini:Menghujat
dhany afif,kocak,-,0,Negatif,1,Sarkas,Harga:Beras:Mahal
barin,iya jangan di bandingkan sama Jepang negara kita di Jepang petani sejahtera karna gak ada koruptor,-,0,Negatif,2,Marah,Mentan:Blunder
ZeaRaffa,😭😭😂😂,-,0,Negatif,1,Sarkas,Beras:Mahal
Sams,Kamu menteri GAGAL,-,0,Negatif,5,Marah,Mentan:Gagal
mba.er,bandinginnya sm negara maju😂😂😂,-,0,Negatif,2,Sarkas,Bandingan:Mengganggu
fhrkhamdan,"kualitasnya sama apa engga ko dibanding""in orang masih ada oplosannya",-,0,Negatif,2,Sarkas,Beras:Mahal
Miswan Nizam,gak belajar🤣🤣🤣,-,0,Negatif,1,Sarkas,Mentan:Blunder
cheesecake,Planga plongo asbun bgt😭,-,0,Negatif,1,Sedih,Beras:Mahal
ekaaaaget,pak lulus sekolah gasih?,-,0,Negatif,2,Sarkas,Mentan:Blunder
Sunda27,"Oi di jepng udh pda trun krna bnyk wrga nya yg gk nrma lol bngat dh,indo di jpng bda gaji bosz🫵🏻🤨",-,0,Negatif,1,Sarkas,Jepang:BedaGaji
Reizho,ngaduin sama negara maju 😹,-,0,Negatif,2,Sarkas,Mentan:Sarkas
mevi,gangerti sm pikiran dan akal sehat org kek gini😭🙏🏻,-,0,Negatif,5,Sarkas,Mentan:Blunder
Rina_lavina,semakin mereka banyak ngom semakin kelhtn begok nya...,-,0,Negatif,1,Sarkas,Mentan:Blunder
aynovass,Sakit jiwaa,-,0,Negatif,2,Sakit jiwaa,Mentan:Blunder
RenjixKanaan,"bisa biasanya negara kita punya menteri oon begini, bisa2 kelaparan ni negara. 😏",-,0,Negatif,2,Sarkas,Mentan:Blunder
dwiamalia10,toohhlloolll,-,0,Negatif,2,Marah,Beras:Mahal
meygayosuma,tunjangan beras 12juta gak tuh😪,-,0,Negatif,1,Sarkas,Tunjangan:Beda
Priska✨🌈,UMR Jepang sama kita beda jauh pak😂,-,0,Negatif,2,Sarkas,UMR Jepang:Beda
NenimarhamahRZ666,woiii gaji disana juga lebih besar dari dsini... lo makan uang rakyat aja udah seenaknya nindas rakyat,-,0,Negatif,1,Marah,Mentan:Blunder
cuan,begoooo,-,0,Negatif,2,Marah,Beras:Mahal
fitafeb,mentri gelo,-,0,Negatif,2,Sarkas,Mentan:Gelo
Eka Setya,gokil gokil kalo ngemeng heh guedek banget sama orang2 dpr kebanyakan . dah dah bubarin tolong dong masyarakat capek bner liat nya,-,0,Negatif,1,Marah,Mentan:Blunder
HizkiaJoe,omongan mu pak pak..lihat dong indonesia gmn..cari kerja aj susah,-,0,Negatif,2,Marah,Mentan:Blunder
farrelhnsen,Ape kate kau ni rajuuu,-,0,Negatif,1,Sarkas,Mentan:Blunder
Itadewixoxo,Pakkkkk makanya naikin umr,-,0,Positif,5,Senang,UMR:Besar
MaRnHy1995,maksudnya pak Amran itu supaya adil jangan cuma gaji dpr saja yg naik petani juga butuh duit buat bayar pajak tanah untuk bayar gaji pemerintah negara,-,0,Positif,4,Senang,Petani:Diperhatikan
happiestgirl🎀,duit jepang sm sini juga beda,-,0,Negatif,2,Sarkas,Duit Jepang:Bedanya
kill,dongo banget anj negara yang maju di bandingin sama negara sakit😹,-,0,Negatif,5,Sarkas,Aspek:Sakit
Sri hartati240,oowwalahh buat malu aja pak,-,0,Negatif,1,Sarkas,Mentan:Blunder
Yuliani Chity,perasaan gue dpr ini otak nya pada ditaro dmna sih? bkn nyari solusi gtu mlh ngebandingin ama yg negara maju,-,0,Negatif,1,Marah,Mentan:BedaHarga
𝙅𝙪𝙥𝙧𝙚'𝙭114,dongo ngne kok yo ono le milih. umr mu piro cok dlogok ki,-,0,Negatif,1,Sarkas,Mentan:Blunder
arsyad,kok bisa yang begini jadi dpr😭 paaakkkk dikiraaaa gaji sama kek jepang kali ya,-,0,Negatif,1,Marah,Mentan:Blunder
iamprojen,dia setuju beras naik biar tunjangan berasnya dia naik juga gesssss😭,-,0,Positif,5,Senang,Tunjangan:Beras
thereisnisaa,GAJI JEPANG BERAPA PAKKKK!,-,0,Negatif,2,Sarkas,Gaji:Kecil
prily🧸,mata uang seuprit apa2 minta tinggi di sama in negara jepang lagi.🤣,-,0,Positif,5,Senang,Mata Uang:Mahal
Ashnasya Lhutfiana,Sak sermu pak😏,-,0,Negatif,2,Sarkas,Mentan:SakSerMu
KANSAI_02,beda gaji 😭,-,0,Negatif,2,Sarkas,Gaji:Beda
Kenal dicky!?,lo pikir umr Indonesia 10jt🤣🤣 bisa lo samain dengan jepang kocak luu bg🥵🥵🥵,-,0,Negatif,5,Sarkas,UMR Indonesia:BedaDenganJepang
Zulfa12,negara kitan egara mundur paaakkkkkk...karena banyaknya yg korupsi..lha jepang negara maju..,-,0,Negatif,1,Marah,Mentan:Blunder
pejahit999,"bagi bapak ga masalah beras sekilo 100rb Krn gaji bapak banyak,klo utk kita yg gaji UMR,cm bisa beli beras.blm bayar sekolah ,kebuthn hr2 dll.tolong di pikir pak,,,,",-,0,Negatif,2,Marah,Gaji:Kecil
isticisss,🤣🤣🤣di banding e ro Jepang lawong UMR e bedo pie to kii,-,0,Negatif,1,Sarkas,Mentan:Blunder
RCL𓍢ִ໋🌷͙֒ ᰔᩚ,Heh anjir greget banget guamah dah🙂‍↕️,-,0,Negatif,2,Sarkas,Beras:Mahal
Arza2411,"jepang ekonomi'y maju,jepang jg gk ada koruptor pak😭😭",-,0,Negatif,5,Sarkas,Jepang:Blunder
TRIPLE_G,BU TITIEK LANGSUNG COMMENT,-,0,Negatif,1,Marah,Mentan:Blunder
MomofTwo,pak gaji kita brp pak bahkan banyak yg belum sesuai umr,-,0,Negatif,1,Marah,Gaji:Kecil
Dodo,"harga, tunjangan lebih mahal dr pada kesejahteraan rakyat ! 😆",-,0,Negatif,2,Sarkas,Harga:BerasMahal
aby syah,"enak banget mulut anda ngomong, naik dikit ribut, wajarlah ribut, pnghasilan rakyatmu berapa coba tengok, nyari uang 10ribu aja jungkir balik , ""petani kesejahteraannya harus terjaga ? mana? apa petani indo sudah sejahtera boro boro pak",-,0,Negatif,5,Marah,Mentan:Blunder
berlianmuqorobi,ini serius di samain Ama jepang? bercanda aja dia mah kalau ngomong 🤭,-,0,Negatif,1,Sarkas,Mentan:Bercanda
Farrr,pentingnya minimal S2 buat pemerintahan atas seperti ini... penalaran dalam berpikirnya kacau banget🙂,-,0,Negatif,1,Sarkas,Pemerintahan:Blunder
Hendhyc Hr³ Art.,🤣🤣🤣 bandingin kok sama Jepang. astaga 😂🤦‍♂️🗿,-,0,Positif,5,Senang,Banding:Konyol
丂乇刀ムズひ刀ﾉ,074knya dimana,-,0,Negatif,2,Sarkas,Beras:Mahal
Sutan Ardian,lu samain sama jepang 🤣😂😁,-,0,Positif,5,Senang,Aspek:Entertaining
Babang_Ndutzz17,gaji kita Piro ???,-,0,Negatif,2,Sarkas,Gaji:Kecil
shannnnnnnn,"pak coba gaji masyarakat Indonesia di samain kaya gaji bapak dulu dehh, baru dipikirin kenaikan harga berasnya😅",-,0,Negatif,2,Sarkas,Gaji:Beda
Ai Ropie,"dia hayoh ngocoblak karena dia tidak pernah membeli beras,,toh beras ditanggung kita,,secara 12jt perbln,wereu beas mah kitu",-,0,Negatif,2,Sarkas,Beras:Mahal
Eka irma sari,"kloc mau naikin pajak liat masyarakat nya,,masih banyak diluaran sana yg kelaparan,,,",-,0,Negatif,1,Marah,Pajak:Beda
lah kamu siapa ni,Samakan aja gaji Indonesia sama kyk gaji jepang,-,0,Negatif,2,Sarkas,Gaji:Kecil
dhiahsheleo,"umr kita brpa pa? mau di samain sama jepang,.",-,0,Negatif,2,Marah,UMR Indonesia:BedaDenganJepang
r🍉,Kok bisa bodoh bgni mikir ga si sblm ngomong,-,0,Negatif,2,Sarkas,Beras:Mahal
risnamaelani1,cerdas dikit pa berapa UMR jepang??? ga perlu disamain kali,-,0,Negatif,5,Marah,Mentan:Blunder
nimas ayu,mereka itu dipungut dari mana sih...,-,0,Negatif,5,Sarkas,Mentan:Blunder
@Ms Merry,pak disini masih adalohh yg gajinya 750rb/bulan 😊,-,0,Positif,5,Senang,Gaji:Banyak
mas gent🅰️,mangsamu kabeh gajine podo koe ngono pak? ndladuk i,-,0,Negatif,1,Sarkas,Mentan:Blunder
empty,serius ngebandingin sama jepang? suruh balik sekolah lagi aja itu menterinya,-,0,Negatif,5,Marah,Mentan:Blunder
sagitarius,giliran yg gnian aja hrus sama .gliran pndapatan ttup mata. keren ih,-,0,Negatif,1,Sarkas,Mentan:Blunder
😺,dongo bgt elahh,-,0,Negatif,1,Sarkas,Mentan:Blunder
Ratnapisces,ingin ngomong bang,-,0,Negatif,1,Marah,Mentan:Blunder
cherry🍒,ya jelas ribut orang kita gak dapet tunjangan beras segede kalian,-,0,Negatif,2,Marah,Beras:Mahal
Mbk_N²²,Sak karep ws pak..,-,0,Negatif,2,Sarkas,Mentan:Blunder
ecaaaa,lahh jepang gajinya gede anying orang luar aja kaget liat gaji Indonesia😭,-,0,Negatif,2,Sarkas,Gaji:Kecil
9dec,beda gaji do bo do,-,0,Negatif,1,Marah,Beras:Mahal
utyyy,matane tp indo umr dikit bgt pak kocak,-,0,Negatif,2,Sarkas,UMR Indonesia:BedaDenganJepang
Ig: @i_zaaaaaaa,BUBARIN AJA BUBARIN,-,0,Negatif,1,Marah,Beras:Mahal
Khay,nih org sp seh,-,0,Negatif,2,Sarkas,Mentan:Blunder
🐼⃢⃢🦖⃢🦘⃢🐁⃢🦄⃢🐲,"jepang mata uangnya mah kuat, umr nya tinggi malah dibandingin sama konoha",-,0,Negatif,2,Sarkas,Jepang:MataUangMahKuat
vickevalim,pejabat ngmg gk pake mikir semua🤣🤣,-,0,Negatif,2,Sarkas,Pejabat:Blunder
aprlt.a,koplaakkk,-,0,Negatif,2,Sarkas,Beras:Mahal
Dhesinta08,UMR di Jepang paling kecil udah 14jt. mau nyamain di Konoha yg UMR masih 2jtan di desa😒😒😒😒😒,-,0,Negatif,5,Marah,UMR:BedaDenganJepang
ARS 14,di jepang dewan2 perwakilan rakyatnya masih punya rasa malu...klo kerja nya ga becus ...,-,0,Negatif,2,Sarkas,Jepang:Blunder
Putu Agus Sugita🕉,"mentri skrang gk ada yg beres, heran🤣",-,0,Negatif,1,Sarkas,Mentri:Blunder
Rynmakeup_ | MUA SUKABUMI,oon apa gmna sih?,-,0,Negatif,2,Sarkas,Beras:Mahal
dong sudith,ko dibandingkan ama jepang😭😭 pakkkk bapakkkk,-,0,Negatif,1,Marah,Mentan:Blunder
pisces,"JEPANG NEGARA MAU EGE, SEDANGKAN INDO GA MAJU MAJU GARA GARA ELU",-,0,Negatif,1,Sarkas,Mentan:Blunder
Rahayue,"heeeyyyyyyy paaakkkk,,,, kalau harga beras naik nggak ribut gimana, pas panen padi aja harganya murah bangeetttt. kasihan petani paaakkkkk.",-,0,Positif,5,Senang,Beras:Murah
20 April ❤️‍🔥,negoro opo iki male lucu kok gowo gowo jepang,-,0,Negatif,5,Sarkas,Jepang:KomentarTidakLogis
adrean,kocak luh,-,0,Negatif,2,Sarkas,Beras:Mahal
zoey,"ini Indonesia bukan Jepang, di indo tikusnya rakus2",-,0,Negatif,5,Sarkas,Mentan:Blunder
Mincik mamong🍁,MENTRI ON OL,-,0,Negatif,1,Marah,Mentan:Blunder
AXMAL,umr 2jt bandingke umr 20jt y amsyong . menteri kok y mending tlol,-,0,Negatif,1,Marah,Mentan:Blunder
𐔌՞. .՞𐦯hanaaa𓍯𓂃𓏧♡,"pendapatan aja beda pak pak ya Allah, kita aja masih banyak yang nganggur.",-,0,Negatif,2,Sarkas,Pendapatan:AjaBedaNya
Taufikk,Dongo dan tololll,-,0,Negatif,1,Sarkas,Mentan:Blunder
Holli Onad,heran banyak banget pejabat kopong gada isi,-,0,Negatif,1,Sarkas,Pejabat:kopong
Sheilla,"are u serious? jepang?! jepang negara maju, pemerintahan nya jauh lbh baik😭",-,0,Negatif,2,Sarkas,Jepang:NotComparable
shiro (COMMISSION OPEN),ini kenapa dah dilihat dari pengeluarannya g lihat pemasukan rakyatnya. jepang sekali kerja udh belasan juta belum tunjangan 2nya kita?,-,0,Negatif,1,Marah,Mentan:Blunder
inukkkk,🤣🤣🤣,-,0,Negatif,5,Sarkas,Mentan:Blunder
aku meirus,bro pikir Indonesia sama dengan Jepang maju nya?,-,0,Negatif,1,Sarkas,Jepang:BedaDenganIndonesia
incess.healing1000,gapapa naik gajinya naik juga kyk dpr 3 juta sehari🔥🗿,-,0,Positif,5,Senang,Gaji:Kecil
ziassegaf,Jepang KATANYA 😭 sekali lg JEPANG ! Dijepang ga ada tikur macem kalian pak,-,0,Negatif,5,Marah,Jepang:Kecil
ADIYOGAK!!!,glogok ..gaji cuma UMR . beras mau di jadiin 100 k .nglogok😆,-,0,Negatif,1,Marah,Beras:Mahal
heyitseva,kalo beras dinaikin inimal umr dinaikin lah bang,-,0,Negatif,2,Marah,Beras:Mahal
sulthan,"jadi terbukti kebanyakan anggota dewan dan para pejabat bukanlah kumpulan orang orang pintar, tapi kumpulan orang orang bodoh yang sengaja ingin menyengsarakan rakyatnya, jepang di samakan sama Indonesia 😂😂😂",-,0,Negatif,1,Marah,Mentan:Bodoh
matcha💚,UMR aja beda pak,-,0,Negatif,2,Marah,UMR:BedaPak
anaultafia,"disesuaikan sama gaji pak, kalau gaji bapak sesuai, kalau gaji guru dipaksakan gak beli beras jadinya pak, bisanya beli singkong",-,0,Negatif,1,Sarkas,Gaji:BukanMasalahBeras
ganrianto,taraf hidup di jpng di bandingin konoha😂,-,0,Positif,5,Senang,Taraf Hidup Jpng:Keren
becak,isine full wong pekok,-,0,Negatif,2,Sarkas,Beras:Mahal
arya soma,mungkin pak menteri kemarin begadang samlai larut malam 🤣🤣🤣,-,0,Positif,5,Senang,Pak Menteri:Ketawa
Meyrantikaa febby,mnding diam 😪,-,0,Negatif,1,Marah,Mentan:Blunder
arzis7,bagus sudah itu law ikut jepang 10 ribuh stok beras banyak,-,0,Positif,5,Senang,Beras:Banyak
@kelabuu,pak gaji ku perbulan 300 rb.. apa aq hanya bisa makan nasi aja sebulan tanpa lauk.. koplaakkk,-,0,Negatif,2,Marah,Gaji:Kecil
Hendro Kumis,petani nya di bantu masalah obat dan pupuk nya jadi mendapat subsidi biar harga dpt di jangkau masyarakat bawah.,-,0,Positif,4,Senang,Petani:Bantu
Gapenting,bodo!,-,0,Negatif,2,Marah,Mentan:Bodo
𝖝𝖆,bapaknya juga mikirin para petani loh😇,-,0,Negatif,2,Sarkas,Mentan:Blunder
Arie,bentar2 . kok lirikannya kaya mikir dlu . eror @Gibran Rakabuming @gerindra,-,0,Negatif,1,Sarkas,Mentan:Blunder
ᮅᮏᮀ ᮊᮧᮙᮛ,"Dari Rasanya aja, beras jepang sama Indonesia beda jauh😅 malah pengen disamain",-,0,Negatif,2,Sarkas,Beras:Mahal
👣,BERAS AJA KITA D OPLOS GA MAU PROTES GMNA BERAS HARGA NYA NAIK GAUSAH MEMBANDINGKAN KALO EMANG MAU PIDATO LIAT REAL NYA KEHIDUPAN INDONESIA SKRG GMNA,-,0,Negatif,1,Marah,Beras:Mahal
JAMBU STORY,dpr mah gak merasakan dibwh naik sedikit saja berat bngt buat beli beras kalau otak didengkul emng gitu,-,0,Negatif,1,Marah,Beras:Mahal
arzis7,jdi harga sekarang berapa pak yg standar,-,0,Negatif,2,Sarkas,Harga:Beda
naneunbic,T O L O L,-,0,Negatif,2,Sarkas,Beras:Mahal
Nyi ᮠᮨᮛᮣᮤᮔ 🫦,gakk ngotakkkk bettt.. disamain sama jepang😑,-,0,Negatif,1,Sarkas,Mentan:Blunder
galeriibun,pak.. pak.. omonganmu😂,-,0,Negatif,2,Sarkas,Omonganmu:Blunder
Bocah Edhan,petani sejahtera katanya🗿🗿🗿,-,0,Negatif,1,Marah,Mentan:Blunder
pe,"Jepang tu rakyatnya sejahtera, lah kita, jadi jangan disamakan ya orang"" DPR, ibaratnya kita lagi bangun rumah baru pondasi nya aja, eh tetangga kita udah bikin interior rumahnya, terus kita ngikut gitu? padahal kita masih fondasi nya? WTF",-,0,Negatif,1,Marah,Mentan:Blunder
Jiaya,dongo betulah oknum dpr ini,-,0,Negatif,1,Marah,Mentan:Blunder
Umaenah,Anjjj @Widas,-,0,Negatif,1,Marah,Mentan:Blunder
Honey,umr loh kecil anjir,-,0,Negatif,1,Marah,UMR:Besar
blekijerry,"mereka ini belajar public speaking gak sih ?minimal S2 gak sih jadi DPR itu, MINIMAL YAAAA",-,0,Negatif,5,Sarkas,Mentan:Blunder
Toko SitMah,kan di sesuaikan dengan pendapatan pak,-,0,Negatif,2,Sarkas,Pendapatan:Pak
aw.outdoor,Cuh blog,-,0,Negatif,2,Sarkas,Beras:Mahal
me goreng,hadeeehhh gue yg orang bego ngakakkk😂,-,0,Negatif,2,Sarkas,Beras:Mahal
Maripossa🐝,Hrsnya jadi dpr tu’hrs ada syarat ngk asal nyalon jadi ya kyk ni org ahhh,-,0,Negatif,5,Sarkas,Mentan:Blunder
endah | rahma,wesemboh pak pak,-,0,Negatif,2,Sarkas,Mentan:Blunder
Sholeh Latief,"kenerja nya ,sangat berbeda dengan Jepang Pak",-,0,Negatif,2,Sarkas,Aspek:Beras:Mahal
Nganuku🍆,"mikir engga sih,udah tau negara kita kya ginih,di samain sama jepang,pa pa🤦",-,0,Negatif,2,Sarkas,Mentan:Blunder
a,para mentri kabinet Wowo....kebanyakan minum wipoool. omongannya ggk ada yg pro rakyat.,-,0,Negatif,1,Sarkas,Mentri:Blunder
globalblitar0,gaji Konoha dibanding gaji jepang ??🤣,-,0,Negatif,5,Sarkas,Gaji:Kecil
aqkstore,"haduhh gaji 3,5 dibandingkan dengan gaji 20jt😭",-,0,Negatif,2,Sedih,Gaji:Kecil
My Li,😏.. makan apa sih ni orang ngomongnya mengandung bensin,-,0,Negatif,5,Sarkas,Mentan:Blunder
🕷️🕷️🕷️,yeh Mentri jepang mah pinter²🤭,-,0,Negatif,2,Sarkas,Mentan:Sarkas
🕊️EsiRatuMakin,woe pa mentri,-,0,Negatif,1,Sarkas,Mentan:Blunder
mbak s,DPR ya diem aja lah harga beras naik tunjangan beras nya kan besar.,-,0,Negatif,2,Sarkas,Mentan:Blunder
Niken gbee glowbeauty,naik GPP yng pntng gji UMR Jawa tengah yng plng kecil jg Hrs naik,-,0,Negatif,2,Sarkas,Harga:BerasMahal
sagiLeO,bisa bisanya samakan deng jepang🤣🤣🤣,-,0,Positif,5,Senang,Aspek:Netral
SGG,"coba tunjangan beras nya dikasih k rakyat atuh pak,",-,0,Negatif,2,Marah,Mentan:BedaHarga
e R,pean ndekben sekolah ora pak,-,0,Negatif,2,Sarkas,Beras:Mahal
indry🍩,Bu titiek lope you 😍,-,0,Netral,5,Sarkas,Bu titiek lope you:Kecewa
Nan,kaya gini digaji 3jt perhari?? kocak!,-,0,Negatif,5,Sarkas,Gaji:Kecil
nnyak,kenapa gak dia aja pindah ke Jepang,-,0,Negatif,2,Sarkas,Mentan:Blunder
ּ ֶָ֢.,"kocak ngebandingin sm jepang, di sono mah gada korupsi",-,0,Negatif,5,Sarkas,Jepang:Kocak
hellowput,"atur aja sih pak, atur kamu mau di yasinin tanggal berapa",-,0,Negatif,2,Sarkas,Atur:Mentan
dee🩷U,knapa kalian millih dia rasain tuh otaknya gk sesuai dg mulutnya,-,0,Negatif,5,Sarkas,Mentan:Blunder
dito🍻,"Penghasilan beras oke,tapi negara ga maju,,,1kg 100rb lawak🤣",-,0,Negatif,2,Sarkas,"Penghasilan beras:Mahal,Mentan:Blunder"
istriibrahimshop,"Jepang pemerintahnya mensejahterakan rakyat pak eeee,, kalo Konoha pemerintahnya ahhh tau sendiri lahhhhh,,, gak guna!!!",-,0,Negatif,1,Marah,Pemerintahan:Blunder
MISSYKaya,"jepaaang gajii org nya brp perbulan,laah di indooo perbulan paling besar gaji 3jt apaan dah",-,0,Negatif,1,Sarkas,Gaji:Kecil
Winda♡,gaji jepang brp nduuullll!!!!,-,0,Negatif,2,Sarkas,Gaji:Kecil
cinco_,dongo2,-,0,Negatif,1,Marah,Mentan:Blunder
luplup_,ya lu mah enak ada tunjangan beras wkwk,-,0,Positif,5,Senang,Tunjangan:Beras
Putry sulung🤩,coba bp da di posisi kita jngan bp enak kita susah😂,-,0,Negatif,2,Sarkas,Beras:Mahal
cueanita,mau komen takut dosa. karena unek2 q bahaya😁🤣,-,0,Negatif,1,Sarkas,Mentan:Blunder
nta❤️,lah pak hahahhaha kalo dibandingin dengan jepang jauhhh pak UMR jepang aja berapaaa helou,-,0,Negatif,5,Sarkas,Beras:Mahal
sobaru,dia bandingkan ama Jepang.. 🤣🤣,-,0,Negatif,2,Sarkas,Bandingkan:Mentan
ynsoraya,Samain UMRnya sama jepang lol,-,0,Negatif,2,Sarkas,UMR:Beda
ghawidia2,gajinya samain bro jangan cuma harga2 nya bro luu ngelawak bro 😁,-,0,Positif,5,Senang,Gaji:Baik
Millyyyy,Liat pendapatannya juga kali pa hehehe,-,0,Negatif,2,Sarkas,Pendapatan:Menggelikan
Macalate,Pusing ga si lo jadi wni,-,0,Negatif,2,Sarkas,Mentan:Blunder
user1469717168226,yaaa kamu naik tunjangan kalian bisa beli beras puluhan tahun😭🫵🫵,-,0,Positif,5,Senang,Tunjangan:Banyak
K r z.,"Pecat aja, gak layak dia",-,0,Negatif,1,Marah,Mentan:Blunder
ANW 🌼,JEPANG KOK DIBANDINGKE INDONESIA .. OALAH DLOGOKKK,-,0,Negatif,5,Sarkas,Jepang:BedaDenganIndonesia
Papa Arsya,engkamopa tau beleng2 seddie,-,0,Negatif,2,Sarkas,Beras:Mahal
kucuil,padahal dia beras aja ada tunjangannya🙂,-,0,Negatif,2,Sarkas,Beras:Mahal
Pinangsia.Socks,bisa kepilih mentri via cap cip cup ya gini,-,0,Negatif,1,Sarkas,Mentan:Blunder
yun,"di Indonesia 100 ribu per kilo berat pak , mungkin bagi kalian 100ribu seperti remahan rempeyekk kali gampang bgt ngomong",-,0,Negatif,5,Sarkas,Mentan:Blunder
🪨,kok ISO delogok iku gejala awal e opo khang? (bertanya dengan nada bingung),-,0,Negatif,1,Sarkas,Mentan:Blunder
Fir,mengeng kie @sunr.ise7,-,0,Negatif,1,Marah,Mentan:Blunder
Karuhei,UMR di jepang 8jt di indonesia UMR 2jt jd jgn lh mslh sembako disamakn dgn jepang.,-,0,Negatif,1,Marah,UMR:Beda
Mart,Disamain sama Jepang 😂😂😂,-,0,Negatif,2,Sarkas,Jepang:Beda
A.F,"malah di bandingin sama negara maju😹, ini negara bukan maju tpi mundur 😹😁,",-,0,Negatif,5,Sarkas,Mentan:Blunder
Bukan Aku,"iyaa laah ga bisa di bandingin sama jepang, jepang UMR brp, kita brp. ga apple to apple lah",-,0,Negatif,2,Sarkas,Jepang:TidakAppleToApple
n✫,klo di pikir' jadi pejabat enak juga ya tanpa sekolah uda bisa kerja gaji gede🫢🫢,-,0,Negatif,5,Sarkas,Pikir:Mengganggu
donatdonat692,"🤣🤣🤣🤣ni Mentri,,,,omono2 doang",-,0,Negatif,1,Sarkas,Mentan:Blunder
🦁,MALU IH PAK 😭,-,0,Negatif,2,Sarkas,Mentan:Blunder
ayhupcs,"Jepang beras naik tp pajak dikasih turun bahkan jika pajak lebih di kembalikan, coba cek tiktok warga indo yg tinggal disana ada tuh videonya. trus uang pajak digunakan baik2 bukan di korupsi dan bikin susah rakyat. jangan hanya lihat dikit negara lain pangannya di naikkan kalian jg pengen naik jg tp coba contoh cara mereka melayani rakyat disana",-,0,Positif,4,Senang,Cara Melayani Rakyat:Baik
paa~,emangg pada tolol,-,0,Negatif,1,Sarkas,Mentan:Blunder
Cienna Starrk,bisa bisanya bapak idiyot ini duduk disitu,-,0,Negatif,1,Marah,Mentan:Idiot
Pinka☘️,"Kalau niatnya untuk mensejahterakan petani itu hal baik, tpiii konsumen tidak menikmati, itulah tugas bpk sebagai mentan memikirkan bagaimana caranya petani kesejahteraan nya tetap terjaga tetapi tidak menyiksa rakyat, misal gaji pejabat dikurangi dialokasikan untuk subsidi✌🏻😅",-,0,Negatif,2,Sarkas,Mentan:Blunder
AyasyaNoura.A🫦,Beras msih 10rb aja msih bnyak yg ga mmpu beli pak kok bandingin dgn jepang😭 pmerintahan d sna juga jauh ma negara lu pak aelaaah dong 0k,-,0,Negatif,1,Marah,Beras:Mahal
DRI,"mikir, umr aja berapaa anj😔",-,0,Negatif,2,Sedih,UMR:Beda
creamylattedingin,turunin harga berasss😭💔,-,0,Negatif,2,Sedih,Harga:BerasMahal
Multi Angriani,"heeee...pejabat2,mikirla kalian,kau bandingkan sama jepang,jepanv itu lebih maju dari konoha,jadi mentri aja kau d jepang,nggak usa mentri d konoha,ssadar kau yg gaji kau itu rakyat,setiap hari kalo lihat mentri2 s wowo naek tensiku,",-,0,Negatif,1,Marah,Mentan:Blunder
Cobain.store,serius itu Anggota DPR??,-,0,Negatif,1,Marah,Mentan:Blunder
Mang Botol,lu bandingin sama negara jepang. woyyy kita gaji umr msh 3.2jt. umr jepang udh 25jt .,-,0,Negatif,5,Marah,UMR Indonesia:Kecil
Miss Deah🌻,hello jepang negara maju.... Indonesia negara berkembang capek,-,0,Negatif,2,Sarkas,Jepang:Beda
biwa,,-,0,Negatif,2,Marah,Harga:Beras:Mahal
kevinashley53,dikiranya rakyat b*d*h,-,0,Negatif,1,Sarkas,Mentan:Blunder
Mohamad Toha,klo cuma rakyat biasa ga bakal coment gini.,-,0,Negatif,2,Sarkas,Mentan:Blunder
hidup seperti larry,LU YA NAMBAH2 DOSA MASYARAKAT AJA,-,0,Negatif,2,Marah,Mentan:Blunder
Insyanul Islamiah,naikin aja semuanya pak biar tiap hari ada demo terus 🤣🤣,-,0,Negatif,5,Sarkas,Mentan:Blunder
Badakliar21🦏,"Harga berasnya di bandingkan dengn Jepang, sedangkan gajihnya tidak,ari sia ku ku kunaon pak dpr",-,0,Negatif,1,Sarkas,Beras:Mahal
widia,ya jelas ribut ya ddisesuaikan dengan pendapatan rakyat.,-,0,Negatif,2,Marah,Harga:BerasMahal
piescesintjgirll🫦,UMR nya sama ngga pak antara Indonesia sama jepang???,-,0,Negatif,2,Marah,UMR:Beda
hidup seperti larry,SAMAIN GAJI PERBULAN NYA SM DPR AMRAN,-,0,Negatif,5,Marah,Mentan:Blunder
MbakTitis,guoblok bsbget pemerintahku ya allahhh,-,0,Negatif,2,Marah,Pemerintahku:Blunder
iis,mentri pertanian kn bnyk uang knp gk dia yg beli beras Jepang rakyat indo pra sjahtra trus bagiian krakyat,-,0,Negatif,1,Marah,Mentan:Blunder
indah_jasbika,"astagfirulloh,,,",-,0,Negatif,2,Marah,Beras:Mahal
uban,bajin gan banjin gan di Jepang iklimnya ada 4. UMR juga 40 jt an,-,0,Positif,4,Senang,Jepang:DapatDiBandingkan
NurX,harusnya test IQ dulu lah klau jadi DPR,-,0,Negatif,1,Sarkas,Mentan:Blunder
💖scorpio ❣️✨🦂,mmhhhh bandingin nya sama jepang yang gajih nya berapa,-,0,Negatif,2,Sarkas,Bandingan:Mahal
Vinashop2206,anzinx,-,0,Negatif,2,Marah,Harga:Beras:Mahal
Vanadya Kenya,kalo naiknya demi petani sih gapapa.ini naiknya gara gara di korup atau dimainin sama tengkuk,-,0,Negatif,2,Sarkas,Mentan:Korup
Dandy AP,bayarane nek konolo piro po koploooo,-,0,Negatif,1,Sarkas,Komentar:Mengganggu
gossi basar,pak bos UMR di Jepang tinggi beda dengan Konoha jadi tidak bisa di sama kan,-,0,Negatif,2,Sarkas,UMR:MisleadingComparison
ൠ♛  Ħᵃℤzέ𝔩 💙☟,talk so big anj 😆🤣😆,-,0,Negatif,2,Sarkas,Mentan:Blunder
corissa18,piye toh Negoro ini jane,-,0,Negatif,5,Sarkas,Mentan:Blunder
vemvuatantemvok,ih kosong ih kosong,-,0,Negatif,2,Sarkas,Beras:Mahal
Mulia Lee,"jgn bandingkan dg negara yg lebih maju dlm sgala bidang,indonesia gak akn mampu sampai kapan pun,,harusnya yg d tingkatkan kemakmuran rakyat,setelah itu kalau rakyat mndukung penuh pemerintah mka kemungkinan negara akn maju berkembang jg",-,0,Negatif,2,Marah,Beras:Mahal
Sap,heran bnyk bngt yg pikirannya dangkal pemerintahan,-,0,Negatif,1,Sarkas,Pemerintahan:Blunder
mei_huaaz,titit,-,0,Negatif,2,Marah,Harga:Beras:Mahal
mindut🌻,"perbedaan pendapatan dan daya beli hal paling mendasar yang membedakan adalah pendapatan dan daya beli masyarakat. gaji rata-rata di Jepang jauh lebih tinggi daripada di Indonesia. meskipun harga beras per kilogram di Jepang mencapai Rp100.000, persentase pengeluaran untuk beras dari total pendapatan mereka relatif kecil. Sebaliknya, bagi sebagian besar masyarakat Indonesia, kenaikan harga beras, meskipun ""sedikit"", bisa sangat memberatkan karena pendapatan mereka yang terbatas. konteks ekonomi dan kebijakan setiap negara memiliki konteks ekonomi dan kebijakan yang berbeda. pemerintah Jepang memiliki kebijakan untuk melindungi petani dan menjaga ketahanan pangan domestik, yang salah satu dampaknya adalah harga jual beras yang tinggi. Kebijakan ini juga didukung oleh kondisi ekonomi yang stabil dan daya beli masyarakat yang kuat. di Indonesia, beras adalah makanan pokok utama, sehingga harganya sangat sensitif terhadap gejolak ekonomi dan sosial. Kebijakan pemerintah seharusnya fokus pada upaya menjaga stabilitas harga yang terjangkau bagi seluruh lapisan masyarakat, bukan membandingkan dengan negara lain yang memiliki kondisi sangat berbeda. Kesimpulan Jadi, membandingkan harga beras antara indonesia dan Jepang tanpa mempertimbangkan perbedaan pendapatan, daya beli, dan konteks ekonomi secara keseluruhan adalah perbandingan yang tidak adil. Kenaikan harga beras di Indonesia, meskipun nominalnya kecil, dapat memiliki dampak signifikan terhadap kesejahteraan masyarakat, terutama bagi mereka yang berpenghasilan rendah. dengan mempertimbangkan hal-hal di atas, perbandingan yang ideal adalah dengan melihat kemampuan masyarakat di negara tersebut untuk memenuhi kebutuhan pokoknya.",-,0,Netral,3,Sedih,Harga Beras:Mahal
ell🦋,puas sm jawaban ibu malu” dah😂,-,0,Negatif,2,Sarkas,Beras:Mahal
pacar na jaemin🤘,satu kata buat bapaknya OON,-,0,Negatif,5,Marah,Mentan:Blunder
Mawar Berduri,hadeehhhhh... bikin malu orang Sul Sel ajjaaa 😩😡,-,0,Negatif,1,Marah,Mentan:BikinMalu
call me J,dong*k jepan negara maju lah indo negara harga tunjangan veras 12 jt perbulan,-,0,Negatif,1,Marah,Harga:BerasMahal
Nur Asiyah Syafi'i,"Klo beras mahal petani harusnya sejahtera, tp petani disini tep aja susah, karna uang nya masuk ke bapak² dan tengkulak, bukan ke petani",-,0,Negatif,2,Sarkas,Petani:BuktiKorupsi
ie_🦖,se tolol itu wakil rakyat🗿,-,0,Negatif,1,Marah,Mentan:Blunder
HALAL MART KIYOKO JAPAN,"Gak sampe 100 rb , beras 5kg 400rb . Kalau mau disamain harga pangan jepang , sama in juga dong umr nya perbulan 20jt , bisa? 😅",-,0,Negatif,2,Sarkas,Harga:Beda
Mutia Ute,"Ehhh pinter.. Jepang warganya juga gaji gede,",-,0,Negatif,2,Sarkas,Jepang:Kecil
sntiiirhmmm,pan teu benghar kabeh jalmath kmha mun sagala mahal😒,-,0,Negatif,1,Sarkas,Beras:Mahal
nov✳️,aduh disamakan pula sama jepang😂😂😂😂 jepang pemerintahannya bagus pak,-,0,Positif,5,Senang,Jepang:BagusPak
Den-31,"ngebandingin sama jepang, kaya dia kerja nya sama aja kaya pejabat jepang",-,0,Negatif,2,Sarkas,Mentan:Blunder
𝐚𝐫𝐚𝐡𝐦𝐚🍃,buset disamainya yang UMR nya beda 90% 🙂 jauh banget anjay kaya langit dan bumi,-,0,Negatif,5,Marah,Mentan:Blunder
metihardianty,Jepang Gajinya Gede Pak 😩 Kita Cuma 3jt sebulan 😭,-,0,Negatif,1,Sedih,Gaji:Kecil
Dianadarren,kalo UMR indo sama kaya jepang mah beras 100rb/jg jg gak masalah pak,-,0,Positif,5,Senang,Beras:Mahal
Bang Aiden,Jepang 100rb perkilo wajar karena ekonomi nya setabil lah disini nyari kerja ajah susah,-,0,Negatif,2,Sarkas,Jepang:Wajar
Oreochyy⋆𐙚₊˚⊹♡,dongo banget anjir,-,0,Negatif,2,Sarkas,Beras:Mahal
Ray,PINTARR SEKALIII YAAA,-,0,Negatif,1,Sarkas,Mentan:Blunder
Amelia,SDM rendah,-,0,Negatif,1,Marah,Beras:Mahal
amaiyo,bukannya rupiah nilainya yang melemah ya?,-,0,Negatif,2,Sarkas,Rupiah:Beda
💞💞💞💞ike mbu Rifky💕💕💕,pk beras naik tapi gabah dari petani murah kan itu boloho pak,-,0,Negatif,2,Marah,Beras:Mahal
Putryy22,disamain sm LN😳 Kocak bgt😂,-,0,Negatif,2,Sarkas,Beras:Mahal
🌻,klo gaji kek jepang mau beras 100k jg kita ga berisik kocag,-,0,Positif,5,Senang,Gaji:Kecil
SENG,UMR e padakno jepang pak. rakyat ra bakal ribut.,-,0,Negatif,5,Marah,UMR:Mahal
Septidina,coba pa ob naikan gajinya 10jt perbulan gpp mau berapa harga beras sekilo juga gampang😏,-,0,Positif,5,Senang,Gaji:Kaya
suga,PA liat juga gaji di indo buat rakyat jelata berapa?bisa² nya di samain sama jepang,-,0,Negatif,2,Sarkas,Gaji:Kecil
novi,UMR 2 juta padakno 20juta 😂,-,0,Negatif,2,Sarkas,UMR:BedaDenganJepang
Raa괜찮아 🦋,Ya Gajih di jepang aja brp lol,-,0,Negatif,2,Sarkas,Jepang:Kecil
Ulan,Kurs uangnya kn beda pk,-,0,Negatif,2,Sarkas,Kurs uangnya kn beda pk:Netral
Ndaaaa ✨,ngana kira Rupiah udah setara sama Yen? pendapatan rakyatnya udah sama??,-,0,Negatif,2,Sarkas,Mentan:Blunder
eko rocktheory?,beda ATH pak pendapatan y indo sama jepang,-,0,Negatif,2,Sarkas,Aspek:BedaGaji
Tukang Mancing🦁🎣,otaknya dongo umr brapa jepang mau bunuh rakyat apa gimana,-,0,Negatif,1,Marah,Mentan:Blunder
Yooni,"pak umr saya 2,8 gimana mau beli beras 100k per kg",-,0,Negatif,1,Marah,UMR:Beda
🐼,bandingin sm jepang. dari umr sama pendapatan aja BEDA,-,0,Negatif,2,Marah,Bandingkan:Kritik
CewekTulen,mahal tidak apa apa tapi masyarakat harus sejahtera.,-,0,Negatif,2,Sarkas,Harga:Beras:Mahal
Bendet,jepang negara maju indo? negara maju mundur putar badan,-,0,Negatif,5,Sarkas,Jepang:MundurPutarBadan
Pikong087,paling bener gaji pejabat disamain kayak rakyat biar ngrasain,-,0,Negatif,2,Sarkas,Gaji:Kecil
kulsum❣️,"jauh banget di bandingin sama jepang ,,,jauh ke mna*😭😭😭",-,0,Negatif,1,Marah,Jepang:Beda
padukaa,hahaha,-,0,Negatif,2,Sarkas,Beras:Mahal
tulipmungil١٩🌷,Allahuakbarrr iiiii apakaliii ngomongnya ga dipikir duluuu,-,0,Negatif,5,Sarkas,Mentan:Sarkas
Siu🐝,Tolong yg ngomong laki itu siapa namanya,-,0,Negatif,1,Marah,Mentan:Blunder
Deni,BEDA KELAS NGAPAIN DIBAHAS,-,0,Negatif,5,Sarkas,BEDA KELAS NGAPAIN DIBAHAS:Mentan
G.C.A.R,di sama sama in sama jepang 😂,-,0,Positif,5,Senang,Aspek:Netral
lyonerre irma,tapi orang jepang malu buat korupsi 😄,-,0,Positif,5,Senang,Jepang:KorupsiTidak
ニコ,lu ada tunjangan beras 🫵,-,0,Positif,5,Senang,Tunjangan:Beras
Nifaira🍉,Kenapa dpr kita dongo dongo gw heran bgt,-,0,Negatif,2,Marah,Mentan:Blunder
👩‍👧mbak ifoodd💃,"Jepang puluhan jt lh sini berape 1,5 😭",-,0,Negatif,1,Sarkas,Jepang:BedaHarga
Siu🐝,Hadeh jangan bandingkan d Jepang itu Negara Majuuuuuuuuuuuu nahhh bu tietik bener tuh,-,0,Negatif,5,Sarkas,Bandingkan:Duh
𝗡 𝗜 𝗭 𝗔 𝗥 𝗗🔖,"jepang negara maju,rakyat makmur gak diperas pajak",-,0,Negatif,2,Sarkas,Jepang:Keterangan
biubil,KO OON BGT,-,0,Negatif,2,Sarkas,Beras:Mahal
diki,"ya kalo gajih masyarakat naik misalkan rata rata 8-10 jt perbulan ya gpp naik 100rb perkilo juga, kan harus di barengin juga paharga sembako naik pendapatan jga naik,jdi menyesuaikan",-,0,Positif,4,Senang,Pendapatan:Bertambah
your_hippo,ra ndue utek,-,0,Negatif,2,Sarkas,Beras:Mahal
adinda nasa,makin kesini makin kesana 😇😇😇,-,0,Negatif,2,Sarkas,Mentan:Blunder
xxntrabputen2,wkwkwk dia knp sih kok bisa pemikiran kek dia masuk dpr 🤣🤣🤣,-,0,Negatif,2,Sarkas,Mentan:Sarkas
discord,"gaji di Jepang 25/40 juta per bulan, di Indonesia sebulan gaji di bawah 800 ribu",-,0,Negatif,2,Marah,Gaji:Kecil
nhenk_iroh_jcw,ini orang lagi becanda apa gimana sih,-,0,Negatif,2,Sarkas,Beras:Mahal
zaki,"duh mas mentri, income penduduk Indonesia dengan jepang aja jauh beda bgt, mereka income perbulan bisa 20jt-+, sedangkan indo umr aja masih 3-4jt",-,0,Negatif,1,Marah,UMR:Kecil
TuanPuteri,"Tp jepang gaji sehari bs satu juta pak,di negara kt bs jg g?? Brtanya dg nada bengok2🤣",-,0,Positif,5,Senang,Gaji:Besar
Novita Ratnasari,beda pak 100rb jepang kaya 10rb nominalnya karna negara kaya pejabatnya ngak pada korupsi,-,0,Negatif,2,Sarkas,Aspek:Jepang:Kaya
herustylizer,"jepang negara maju bos, income nya stabil",-,0,Negatif,2,Sarkas,Jepang:Kegemaran
Tiaraaa✨,"Oi gajinya samain kyk jepang lahhh kalo mau mandingin ,, coba kalo gua gajih 2jta beli beras 100k kg apa ga bengek hahah kacauuu😭",-,0,Negatif,1,Sarkas,Gaji:BedaDenganJepang
Alief Ak,on ol,-,0,Negatif,1,Marah,Mentan:Blunder
len_dydesta,"Jepang 20jt/bln, indonesia 2jt/bln",-,0,Negatif,2,Marah,Harga:BerasMahal
Tukang Liar,Indonesia umr 2jt-5jt aja di banding kan sama japan 🗿,-,0,Negatif,2,Marah,UMR:Beda
𝓡𝓪𝓳 𝓐 𝓜𝓪𝓵𝓱𝓸𝓽𝓻𝓪,"sebenernya serba salah jga sih disini,disisi lain,kami sebagi anak seorang petani senang kalau harga padi itu naik,karna keperluan buat pupuk,obat""ab padinya sangat mahal jga,disisi lain juga sodara kami yg tidak bertani melihat kenaikan harga yh kasihan jga...",-,0,Positif,4,Senang,Pupuk:Mahal
Yaudahhhh,yaampun pasti kerja karna ordal ini😭,-,0,Negatif,2,Sedih,Beras:Mahal
si paling jajan🍜,umrnya aja jauh pak 😅,-,0,Negatif,2,Sarkas,UMR:Mahal
zhillvha ell,prabowo milih mentri nih gimana sih,-,0,Negatif,2,Sarkas,Mentan:Blunder
A y a m_Panggang,"jangan bandingin sama jepang bung, mreka negara maju. korupsi saja sedikit disana lah lu bandingin sama indo. mangkanya lu² pade digedung dpr jangan korupsi, sejahterahkan rakyat jangan mensejaterahkan kluarga lu sndiri pinya otak tapi kaga lu pake sblm ngomong. isinya gedung dpr orng² pinter tapi kepinterannya dipake buat aneh² kocak lu",-,0,Negatif,1,Sarkas,Mentan:Blunder
olinseler,"Heh gedein dulu gaji pekerja semua nya, baru lu gedein ekonomi nya, heran pendapat kecil pengeluaran dibesar besarin😬",-,0,Negatif,2,Sarkas,Pengeluaran:Besar
AkumaQuest,mimpi apa bapak itu di banding kan sama jepang mangkin kesini kok mangkin kesana,-,0,Negatif,1,Sarkas,Beras:Mahal
Rina febriany,Kok kyk org gak berpendidikan sih ngmng nya anjir,-,0,Negatif,5,Sarkas,Pendidikan:Beda
Umiasfashop,Kalo udh naek ntar di korupsi ya😂😂,-,0,Negatif,1,Sarkas,Mentan:Corupsi
sitysopiah56,buruh di indo berapa bapak😂😂😂,-,0,Negatif,2,Sarkas,Beras:Mahal
@zahra_aja,yauda 100 rb / kg tapi gaji 100jt /bln,-,0,Negatif,2,Sarkas,Gaji:Kecil
666,EMANG PETINGGI INDONESIAA GA ADA YANG BENER,-,0,Negatif,2,Sarkas,Mentan:Blunder
crearts_,Duuhhh.. tulil,-,0,Negatif,2,Sarkas,Beras:Mahal
matcha depan,oon bjirt 😭,-,0,Negatif,1,Sarkas,Beras:Mahal
istyArvan,mereka gak pernah susah jadi standar pikiran mereka ya mereka.. ngmong jg percuma gak prnh nyambung rakyat jg tau kali pak.. maksud anda,-,0,Negatif,1,Sarkas,Mentan:Blunder
ibeng parfvm,"Ga masalah beras 100 k / kg, asal gaji sama dgn di jepang.",-,0,Positif,4,Senang,Gaji:SamaDgnDiJepang
jiw,Umr indo 3 jt gw di jepang beli beras 10 kg 700 ribu tapi gijih 24 jt gila aja gajih 3 jt di indo sama 24 jt di jepang mau di sama samain🤣 kocak,-,0,Positif,5,Senang,Beras:Murah
RIY-AN,ga sekalian sak kilo sak juta😒😒,-,0,Negatif,2,Sarkas,Beras:Mahal
Kasi Kasiani,"penghasilan di jepang beda sama indo pak,,, bapak tamat ga sd",-,0,Negatif,1,Marah,Penghasilan di Jepang:Beda
anak ikan,"lah, masalahnya penghasilan warga kita juga gak seberapa pak beda sama penghasilan warga jepang 😅",-,0,Negatif,2,Sarkas,Penghasilan warga kita:Kecil
sopyansand,ga tau lahh ga tau lahhh malesssss😭,-,0,Negatif,1,Sedih,Beras:Mahal
fadhilmoms,matane,-,0,Negatif,2,Marah,Harga:Beras:Mahal
MrsChendana,Anak sd aja tau klo Jepang itu bukan negara agraris kyk Indonesia.,-,0,Negatif,5,Sarkas,Jepang:BedaDenganIndonesia
Kaay,ini pemikiran pemerintah kita emang begini semua kah?,-,0,Negatif,1,Marah,Pemikiran Pemerintah:Kritikal
Afni bukan apni,nilai mata uang nya aja gk sama bapakkkkk☺️suka pinter bapak ini,-,0,Positif,5,Senang,Bapak:Keren
Kisa | 이설아 🐯,"goblok banget, kayak yang gak lulus sd tiba2 dapet gelar sarjana karena ada dibiyayai partai terus jadi pejabat😭",-,0,Negatif,1,Sarkas,Mentan:Blunder
Juan_,"lah kocak bandingin sama jepang,lah kocak itu negara maju wkwk🤣",-,0,Positif,5,Senang,Bandingan:Kocak
sintaaaaa,ini mereka siapa yg pilih sih ih,-,0,Negatif,1,Sarkas,Mentan:Blunder
seblak_dua_putri,jepang sejam kerja gaji brpa pak? coba tanya😂,-,0,Positif,5,Senang,Jepang:Keren
Papa A.L,Lol,-,0,Negatif,2,Sarkas,Beras:Mahal
dtya,"beliau sadar ga sih ngomong kaya gt 😭 , sedangkan pemerintahan kita aja mau dibandikan sama singapura juga udah kalah ☝🏻😭",-,0,Negatif,1,Marah,Mentan:Blunder
riskaaaa🦋,dari umr juga beda lol,-,0,Positif,5,Senang,UMR:Berbeda
rinol,"ya iyalah dia bilang cuma,wong dia hanya liat gaji dia aja gede, coba kalau liat gajih rakyat biasa yang s.bawah 1 JT apa masih bisa Blang cuma",-,0,Negatif,5,Marah,Gaji:Kecil
rohmah_er,"Ari Beas kudu ningali ka jepang, ari gajih teu disabandingkeun jg jepang. rada gelo sugan",-,0,Negatif,2,Sarkas,Jepang:BedaHarga
DwiUtamii05.,dia sklh ga sii yaampunn😭,-,0,Negatif,1,Sarkas,Mentan:Blunder
Ini dewi🦋,"Bapak aja pindah ke kepang pak, soalnya bapak mampu beli 100/kg,kami ngga mampu dengn harga segitu🥲",-,0,Negatif,2,Marah,Beras:Mahal
Hoya lang,ini pak menteri bukan dpr GK bakalan bisa di bandingkan sama jepang pak menteri petaninya Karena di Indonesia koruptor masih di maaf'kan sama pak Wowo.,-,0,Negatif,1,Sarkas,Mentan:Blunder
sagita,ini bukan di Jepang mas di Indonesia,-,0,Negatif,2,Marah,Aspek:Beras:Mahal
nezukocan000,Emng bnyakn tolol ya,-,0,Negatif,5,Sarkas,Beras:Mahal
masfat,sok atuh samain umr kita sama umr jepang🗿,-,0,Negatif,2,Marah,UMR:Mahal
MatchaICE,"berasa dia"" bayar pajak tiap tahun cuma buat gaji orang"" gob*ok yg berkumpul untuk bejoget giliran di suruh ngeluarin isi pikiran untuk negara malah pd kosong otaknya..! 🙄",-,0,Negatif,1,Marah,Mentan:Blunder
Bg Endra,hadeh ada aja kelakuan pemerintah aneh2 tiap hari 😂,-,0,Negatif,2,Sarkas,Pemerintah:Blunder
kamelia🦂,ya pasti ribut lah pendapatan kita aja beda jauh ama jepang,-,0,Negatif,2,Marah,Beras:Mahal
awwlya,kenapa dongo dongo bgt si😔,-,0,Negatif,2,Sarkas,Beras:Mahal
pianrizi,ya jelas ribut. dibandingkan sma jepan umr nya aja beda jauh bangat. kocak,-,0,Negatif,2,Sarkas,Beras:Mahal
feby.m,hehhh jepang umr berpa yaa....😭😭😭😭,-,0,Negatif,1,Sarkas,Jepang:BedaUMR
OPPA GAPLEK,lucunya di negeri ini😂,-,0,Negatif,2,Sarkas,Mentan:Blunder
Meliyani,"yaallah, yaallah yaallah yaallah, ya jabbar ya jabbar ya jabbar, kok bisa dongo bet sih😭😭😭",-,0,Negatif,1,Sarkas,Mentan:Blunder
Rizmi Yuliani,"bisa ga si stiap rapat DPR itu dihadirin sama rakyat2 yg emg ekonominya dibawah jg, biar bisa saling tau kehidupan rakyat sebenrrnya kaya gimana jadi dpr ga mikirin standar harga tuh berdasarkan pendapatan mereka gt.",-,0,Negatif,2,Marah,Harga:BerasMahal
Apray,"padahal maksudnya bener itu, kalau mau harga beras turun. bagaimana dengan petani ?",-,0,Positif,4,Senang,Beras:Murah
mube,ternyata Syrat jadi depeer ga harus pinter😭,-,0,Negatif,1,Sarkas,Beras:Mahal
Santiine,"anak TKW jepang gaji gede perjam 120rb seterusnya apalagi punya negaranya pak jangan samakan lah pak udah pasti beda dinegara kita sehari 100rb 120rb kalikan sebulan,bedain mana yang maju mana yang maju mundur",-,0,Negatif,5,Marah,Beras:Mahal
fentimuliyani,emang dia mau beli 100k/kg???,-,0,Negatif,2,Sarkas,Beras:Mahal
Rosita Dewi,"kalau beras naik, gaji juga dinaikkan donkkkkkk",-,0,Positif,5,Senang,Gaji:Dinaikkan
bwk551,😂,-,0,Negatif,2,Sarkas,Beras:Mahal
Isaroh 282,pejabat jepang aja gak ada yang kayak pejabat indo,-,0,Negatif,1,Sarkas,Pejabat Jepang:Netral
D E S I C I,"jepang di bandingin dgn indonesis, pemerintahan jepang dan indonesia jomplang pakk heyy anda sadar",-,0,Negatif,1,Marah,Pemerintahan:Blunder
pneponemon,ni orang DPR sebenernya pada lulusan apa sih.. 😭😭 herann..,-,0,Negatif,1,Sarkas,Mentan:Blunder
🫧ππUt!||||||_🫧,"gaji disana 35jt pak, disini cuma umr 4jt pak, coba samakan gaji rakyatnya dengan gaji para bapak² yg berbicara, kita juga ga bakal ribut beras dan bahan pokok yg lain pada naik 😌",-,0,Positif,5,Senang,Gaji:Kecil
Si Dyan,orang² DPR ini dongo semuanya dah.. kalah sama warga yg cuman lulusan sd,-,0,Negatif,1,Sarkas,DPR:Kalah
f,tolol😭,-,0,Negatif,1,Sarkas,Mentan:Blunder
Nova Jelata,"pak jepang penghasilan umum perbulan 2 digit, kita 1/5 - 1 digit",-,0,Negatif,1,Marah,Gaji:Kecil
user90605253044,lu mah enak udh 3jt /hari dapat jatah pembelian beras total 12jt,-,0,Negatif,1,Sarkas,Beras:Mahal
sepombob,"ini pemerintah pada sekolah Ndak sih ,kayak Ndak ada yang pintar untuk mewakili rakyat",-,0,Negatif,1,Sarkas,Pemerintah:Blunder
sssssi unyil,b titiek lop yu,-,0,Negatif,1,Sarkas,Beras:Mahal
emak karir,sesuaikn gjix pak klu mau samain sm jepang,-,0,Negatif,2,Sarkas,Aspek:Beras:Mahal
Bawang merah,wajar orang gajinya dia aja udah melebihi umr jepang,-,0,Negatif,5,Marah,Gaji:BedaDenganUMRJepang
zizi,"dijepang lapangan kerja bnyak, di Indonesia sedikit jelas ngaruh ke penghasilan dan sangat berimbas sekali kalo hrga beras naik",-,0,Negatif,2,Marah,Harga:BerasMahal
jeje,"Jgn samain kaya jepang dong pak, kalo mau disamain sama jepang ya gaji juga harus kaya jepang pak",-,0,Negatif,5,Sarkas,Gaji:Kecil
a M ii e De Javu,"pak , gaji di jepang jg bkn kyk umr jkt pak ,, pgn toyorr dahhh",-,0,Negatif,1,Marah,Beras:Mahal
nafisaa,😥,-,0,Negatif,1,Marah,Mentan:Blunder
Krm,dadi mentri iso do klowor3 ngno pie,-,0,Negatif,2,Sarkas,Mentan:Blunder
restu_wellder,"rupiah gede sana pak, sekolah gak sih aduh😑",-,0,Negatif,2,Sarkas,Rupiah:Mahal
❀❀,dipikir pikir mereka mikir gasih?,-,0,Negatif,1,Sarkas,Mentan:Blunder
artin,bisa nngak indonesia bebas korupsi seperti jepang,-,0,Negatif,2,Sarkas,Indonesia:Bebas Korupsi
yena🫧🫧,,-,0,Negatif,2,Marah,Harga:Beras:Mahal
reree,Woyyyyy umr Jepang piro pak😅 kocakkkkk,-,0,Positif,5,Senang,Jepang:Kocak
Ryotaa.,plis adain vn di sini mau ngomong yg kenceng gua,-,0,Negatif,2,Sarkas,Mentan:Blunder
evaarieva,pendapatan per kapitanyaaaa berapaaa Pak kl Jepang?? 😭,-,0,Positif,5,Senang,Pendapatan per kapita:Baik
Yuda_menyod,JEPANG ADA PAK YANG TERLANTAR?? Indonesia banyak pak yanh terlantar tolonh siii,-,0,Negatif,5,Marah,Jepang:Blunder
iza.ೃ࿔,GAJI DI JEPANG AJA GA SEBANDING SAMA DI INDO,-,0,Negatif,2,Sarkas,Gaji:Beda
🌻ummi_Khalid🌻,gaji nya jga samain kocak 🤣,-,0,Positif,5,Senang,Gaji:Kocak
Silverqueen,helllowww umr jepang berapa pak???????,-,0,Negatif,2,Marah,UMR Jepang:Beda
mayaratnasari,bapak d smain sama jepang.. lach UMR indonesia sama jepang aja beda😭 emang anjj,-,0,Negatif,1,Marah,Bapak:Mentan:Blunder
maya,"laaah situ mah enak 12jta buat beras y lah gk pusing kemana2, org msh nyisa bnyak, lah kita beras naik mau nombok dri mna boss, sdangkan gji GK naik2, kerja Kya dijajah😂maka nya jdi masyarakat biasa Doong biar ngerasain🤭",-,0,Positif,5,Senang,Beras:Enak
Ghsnsa,"Emosi lama-lama.. bandinginnya ga apple to apple.. harusnya bandingin dulu pendapatan perbulan rakyatnya, jgn bandingin pendapatan sm lu lu aja anjir",-,0,Negatif,2,Sarkas,Jepang:TidakAppleToApple
micin,Amran piye to Amran,-,0,Negatif,2,Sarkas,Amran:Blunder
v,LAILAHAILLALLAH,-,0,Negatif,1,Sarkas,Mentan:Blunder
Resti,apa nih 🤨 apa nih 🤨,-,0,Negatif,2,Sarkas,Beras:Mahal
Mas Jie,"pekok pie jane, umr jepang piro kene piro",-,0,Negatif,1,Sarkas,UMR Indonesia:Mahal
Desi Ariani,kok bsa jd dpr,-,0,Negatif,1,Sarkas,Mentan:Blunder
Yuda_menyod,Gaji di jepang brp indonseia brp tolong si pak di liat rakyatnya gmb,-,0,Negatif,1,Marah,Mentan:Blunder
Bnyu_Lngt,Di jepng 100rb/kg umr ny 30jt lebih.,-,0,Negatif,1,Marah,UMR Indonesia:BedaDenganJepang
Yass,La jepang gajinya besar oey bandingin kok sama jepang😏,-,0,Negatif,5,Sarkas,Jepang:BandingTidakFair
Arga Mar,menteri prabowo gak ad yg bener kerjanya 🗿 ganas diawal melempeng kemudian😂,-,0,Negatif,1,Sarkas,Mentan:Gagal
titi nurmala,gaji nya aja beda pakkk ... lagian disini mah sawah nya lebih banyak dari jepang ..harus nya disini beras harga nya 1000 sekilo,-,0,Negatif,2,Marah,Beras:Mahal
deyl°𐙚,tapi jepang berasnya ga di oplos pak,-,0,Positif,5,Senang,Beras:Murah
isliyzayaa,"wajar lah jepang per kg nya 100rb,di sana kejra cabut rumput aja gajinya udah belasan jutaaaa😭😭lah di indo kerja banting tulang+ nguras tenaga,pikiran gajinya kecil😭gedek banget sih lama2 liat pemerintah2 iniiii",-,0,Negatif,1,Marah,Gaji:Kecil
Ndoro Nesu 💅,ya UMR .nya tambahin biar kayak Jepang dooooong.,-,0,Positif,5,Senang,UMR:Besar
Alif,woy jangan d smakaan dg jepang....jepang rakyatnya sejahtera,-,0,Negatif,5,Marah,Mentan:Blunder
Yuurika🐝,kalo bapak mau samain harga beras di jepang samain juga pak UMRnya jangan cuma harga pangan yg naik doang,-,0,Negatif,2,Marah,Harga:BerasMahal
Febb🪐,pak malu ih cri tau dulu bru ngomong 😑,-,0,Negatif,1,Sarkas,Mentan:Blunder
widawidiawatiiii,kenapa DPR gak di bubarin ajah sih nyiiinggg,-,0,Negatif,1,Sarkas,DPR:Blunder
Himari,gimana ceritanya ngebandingin sama negara maju,-,0,Negatif,1,Sarkas,Beras:Mahal
dim83,mana bisa disamain oyyy,-,0,Negatif,2,Sarkas,Beras:Mahal
Hafinns,Naik aja masih di oplos,-,0,Negatif,2,Sarkas,Harga:Beda
adittmoree,"lu mah enak pak ada tunjangann digaji rakyat, pikirin gaji rakyatmu sebesar apaa",-,0,Negatif,1,Marah,Gaji:Kecil
Citraamalia.,bapaknya lulusan dagelan periode ke berapa ya😔,-,0,Negatif,2,Sarkas,Bapaknya:KomentarTidakRelevant
Ptrlstr🐝,Dr sini aja kita udh tau siapa yg harus belajar lagi wkwk.,-,0,Negatif,2,Sarkas,Mentan:Blunder
hei gurlֶָ֢⊹𐙚,lohhh wong iki jalok di....@skuyduts,-,0,Negatif,2,Sarkas,Beras:Mahal
aika🍌,matane 100 per kg..,-,0,Positif,5,Senang,Beras:Murah
🌷,mudeng Tah ora😭,-,0,Negatif,2,Sedih,Beras:Mahal
February girl✨,Paaak gaji di org jepang rata2 20 juta per bulan,-,0,Negatif,2,Sarkas,Gaji:Banyak
Luo Jin (罗金),maksud lu itu beli dari petani murah trus ngejual lagi mahal 🗿,-,0,Negatif,5,Sarkas,Mentan:Blunder
Santiine,pak bedain gaji rakyat,-,0,Negatif,1,Marah,Gaji:Kecil
Queenly Moon,"Jepang negara maju, sedangkan Indonesia yang majunya cuma DPR aja pak",-,0,Negatif,5,Sarkas,DPR:Keterbelakangan
LESTARI WINDI ASIH,jangan apa pak🥲,-,0,Negatif,2,Sarkas,Mentan:Blunder
HappySoul✨,otaknya ketinggalan,-,0,Negatif,1,Marah,Mentan:Blunder
Alqueens,hah? ko d bandingin sama jepang??🤣🤣 ngakak,-,0,Negatif,5,Sarkas,Bandingan:Blunder
Kebab spesial ♉,beda umr pak,-,0,Negatif,2,Marah,UMR:Beda
hasan71117,peaakk bner di samain sma jepang🗿,-,0,Negatif,1,Sarkas,Beras:Mahal
Resnaafr,"maaf pa bagi orang kampung harga beras 15ribu per kilo itu mahal biasa nya suka di harga 12 13 ribu per kilo apa lagi buat rakyat yg di kampung uang pas2 san buat mencukupi sehari hari juga udh alhamdulillah jgn lah kasih beban buat rakyat lagi pa,,di jaman oa harto semua pada murah2",-,0,Positif,5,Senang,Beras:Murah
virgo ♍,di bandingkan sama jepang cok😂 Allahuakbar😮‍💨,-,0,Negatif,2,Sarkas,Jepang:Mahal
Rusnilawati Wati,pak gaji mereka brp,-,0,Negatif,2,Sarkas,Gaji:Beda
banina,"""serendah itu bu? betul"" YA MAKANYA GAJI LU KURANGIN NJIRR, LU SEHARI ITU BUAT KITA SEBULANN, MALAH KURENGG SOALNYA UMR NI KABUPATEN 2.6",-,0,Negatif,1,Marah,UMR:Beda
deka,make ni orang,-,0,Negatif,2,Sarkas,Mentan:Blunder
KYLIAN MBAPPE,🟥BERANI ⬜SUCI 🟦KEADILAN yang biru nya ilang gini jadinya,-,0,Negatif,1,Sarkas,Mentan:Blunder
mellyfirda21,paeh we paeh lah,-,0,Negatif,2,Sarkas,Beras:Mahal
hika,apakah Indonesia harus 100 rb/kg?,-,0,Negatif,2,Marah,Beras:Mahal
Pretty aryu,"kalau gaji orang indo sama dengan Jepang, dan lapangan pekerjaan banyak di indo jangankan harga 100 harga 200 aja kami beli jangan bedakan negara maju dengan berkembang pak, lulusan mana si😶",-,0,Negatif,2,Marah,Harga:BerasMahal
sunade447,Lol,-,0,Negatif,2,Sarkas,Beras:Mahal
heni,paaaaaaak maaf bapak jadi mentri harus pinter kan....jgn bandingkan jepang sama indonesia pak...hadeeew,-,0,Negatif,1,Marah,Mentan:Blunder
sunday morning call,bandingin juga UMR mereka sattt🗿,-,0,Negatif,2,Sarkas,UMR:MisleadingComparison
mrs S,lah jepang gaji rakyatnya juga gede brow,-,0,Negatif,2,Sarkas,Gaji:Banyak
okto19💕,"harga beas we di saruakeun jng jepang , ari UMR na teu disaruakeun , boa edaan 😏",-,0,Negatif,1,Sarkas,Mentan:Blunder
azaa🎲,"naikin dulu UMR nya jadi 24-28jt perbulan pak, baru boleh beras di indo jadi 100rb/kg , ini umr masih ada yang 2jt tapi harga beras udah dibandingkan sama Jepang, ya beda lahhhhhh, ini udah umr kecil belum di potong pajak segala macem ya ngamuk yang ada rakyat.. kalo mau tunjangan kalian semua di hapus, bagikan ke rakyat biar bisa beli beras 100rb/kg",-,0,Negatif,5,Marah,"UMR:Besar, Beras:Mahal, Jepang:BandingBeda"
Incess Mallehoy,atuhh pak gjih ogeh lebih gede jepang 😂,-,0,Negatif,5,Sarkas,Beras:Mahal
erfan,"jepang negara tertib, Konoha negara korup",-,0,Negatif,5,Sarkas,Jepang:Korup
kori || creative learning,gaji dijepang sama di sini beda toh pak,-,0,Positif,5,Senang,Gaji:Sama
salsa,halahhhhh halahhhhh,-,0,Negatif,1,Sarkas,Beras:Mahal
BSW paten,Ah mberoh bos bos 😅,-,0,Netral,3,Sarkas,Beras:Mahal
@dylan_attaya,nyamain sm jepang..lailahaililah..,-,0,Negatif,2,Sarkas,Jepang:Beda
Rumah indah property,ngomong opo seh wong ikii...... Punya otak ga yoooo...,-,0,Negatif,1,Sarkas,Mentan:Blunder
ptraa___,beliau ingin di hujat,-,0,Negatif,1,Sarkas,Mentan:Blunder
1irul1 -,jepang gajinya brpa woi...diindonesia dibandingkan dgn jepang ..gaji aja beda jau masak harga beras disamain dgn jepang.,-,0,Negatif,1,Marah,Beras:Mahal
dionmv,ya beda lah itu kan jepang lah kita+62 bro mentan 🗿,-,0,Positif,5,Senang,Aspek:Netral
namjoon wife,pak? don go🥰,-,0,Negatif,2,Sarkas,Mentan:Blunder
Libraaa 🌸,Woyyyy gaji aja udah bedaaaaa,-,0,Negatif,2,Sarkas,Gaji:Kecil
arshiealvrama,Gpp kok beras 100/kg tp gajinya 50 juta / bulan UmR nya gimana pak ?,-,0,Negatif,2,Sarkas,Beras:Mahal
Fanamerahjambu,matane,-,0,Negatif,2,Marah,Harga:Beras:Mahal
cc4stelangel,gbleknya deh,-,0,Negatif,2,Sarkas,Beras:Mahal
Madssjarkoni,"ya lu klo mau berss naik ya gaji naik juga la kocak , masa iya pangan mahal gaji kecil jomplang kan anehhh 🗿",-,0,Negatif,2,Sarkas,Gaji:Kecil
Gracious_Energy,"betul Bu Titiek ga bisa dibandingkan dgn jepang, income kita sangat jauh berbeda. Mentan nya lebih bodoh kalah sama DPR 😭",-,0,Negatif,2,Marah,Mentan:Blunder
★⃝𝐾𝖾𐍄ʊā 𝙄𝒏𝖙ǟnĂأส𝓶 BI★⃝࿐,"jepang sllu stabil kan rakyat y pak,,, in rakyat mu menjerit kmu mau stabil kan ,,, hadeihhh mau jd apaa bgsaa kita in wee",-,0,Negatif,1,Marah,Mentan:Blunder
Meilina🍁,"wingi bar menkes, saiki mentan, mentrine miris",-,0,Negatif,5,Sarkas,Mentan:Blunder
eleneka44,Mau dibawa kemana negara ini.. rakyanya lebih pintar dari mentrinya 😭,-,0,Negatif,2,Sarkas,Mentan:Blunder
Anindyta.fadilah,maksud dia baik membela petani tapi kan gaji kita unk beli beras juga gk segitu kali pak.. 😭😭🙏,-,0,Negatif,2,Sedih,Gaji:Bulat
Khansa🐣,jepang mah gajih na gede atuh ...lier ah,-,0,Negatif,5,Sarkas,Jepang:MahGajihNaGedeAtuh
Sudrajat,Mata uang jepang itu Yen.. Pak Mentri,-,0,Positif,5,Senang,Aspek:Koreksi
shusy,perekonomian jepan sama konoha beda 😂,-,0,Negatif,2,Sarkas,Jepang:Beda
resty febriana,"ga sah ngomong,anda perwakilan rakyat tp omonganmu menyengsarakan rakyat...",-,0,Negatif,1,Marah,Mentan:Blunder
melina andreas,mereka sekola ga si,-,0,Negatif,1,Sarkas,Mentan:Blunder
fisof,bandingin sama negara maju kocak,-,0,Negatif,1,Sarkas,Bandingan:SangatTidakSetuju
si_boy,sedikit apa... semua naik bukan cuma beras... pintar2 dikit pa mentri... rakyat diserang kenaikan dr segala arah terutama pajak,-,0,Negatif,2,Marah,Mentan:Blunder
mamakanza,knp d samain sm jepang? pndaptn jpang rata2 msyrakat nya aja dah jomplng sm pndptn orang indo,-,0,Negatif,1,Sarkas,Jepang:Beda
Wulan's🍃,"msalah beras dibahas ,kalo mau dibhas pmerintahan sini sama jepang aja udh kalah jauh pak🤦‍♀️",-,0,Negatif,2,Sarkas,Pemerintahan:Beda
sriw enong,"ko ngelucu ya,, Indonesian di samain sama jepang dengan gajih kariwan pabrik nya 30 juta 1 bulan lahkita 2 juta malah ada yang masih 1,5 juta,,😂😂😂",-,0,Positif,5,Senang,Jepang:Beda
Rieka,100rb buat para pejabat ky BPK aja masa kuli cangkul tukang bck hrs 100rb,-,0,Negatif,1,Sarkas,Para pejabat:Kurang adil
Rr.,jepang umrnya juga tinggi bapak,-,0,Positif,5,Senang,Jepang:Wajar
UTHIE ALWAYS,makin hari makin banyak yg nyeleneh 🤦🏻🤦🏻🤦🏻 dikasih makannya apa si mereka tiap hari.. ga yakin mereka makan yg 4 sehat 5 sempurna ..,-,0,Negatif,1,Sarkas,Mentan:Blunder
LINO,coba kalo gaji + tunjangan kita kayak bapak🥰,-,0,Positif,5,Senang,Gaji:Kecil
dino,bahan pangan mau naik gaji rakyat naik jg lah percuma beras naik gajinya ga,-,0,Negatif,1,Marah,Beras:Mahal
aurellya,woyy umrnya bedaa paakk,-,0,Negatif,1,Marah,UMR:Mahal
r,"gajinya aja beda,kualitas hidupnya beda jauh mau di samain,jangan pikirin beras dulu deh",-,0,Positif,5,Senang,Gaji:Banyak
junaidi,ko bisa orang kayak gini menjadi anggota dewan,-,0,Negatif,1,Marah,Mentan:Blunder
K,"gak menteri keuangan,pertanian sama aja dulu sekolah pada ngapain ya kok bisa jadi menteri???",-,0,Negatif,2,Sarkas,Mentan:Blunder
ev_,Pak masih baru mulai cakap aja saya shock!!! Jangan bandingkan sama Jepang pak! Negara maju itu pak!!!! Indonesia negara berkembang aja syukur pak! Buat emosi ya pak!,-,0,Negatif,5,Marah,Mentan:Blunder
alvienchannel,pak Mentri jepang 100 RB perkilo UPAH 40 JT PERBULAN KITA UMR 4.5 JT,-,0,Negatif,1,Marah,Mentan:Blunder
Mey,Astaghfirullah nyebbuuttt baaang nyeeebbbuuuttttt,-,0,Negatif,1,Sarkas,Mentan:Sarkas
hartinaaaaaa1996,Astaga bangun2 liat harga beras disamakan sama jepang,-,0,Negatif,1,Marah,Mentan:Blunder
mey🐾,di ceramahin sma orang yg tunjangan beras nya aja 12jt/bln😭😭😭,-,0,Negatif,1,Sedih,Tunjangan:BulananMahal
ZDL Destroyer,yang di perhatiin itu bagian distributor nya. percuma harga beras naik klw masih banyak calo. yg untung cuma calo . klw petani ya gitu2 aja,-,0,Negatif,2,Sarkas,Distributor:BedaHarga
HellenTryanii,100 rb rupiah itu brpa yen pak. mikir napa ihhh,-,0,Negatif,1,Sarkas,Jepang:BedaHarga
☠️_CROSS-GUILD_☠️,"jepang penjabatnya gk pernah korupsi sekali korupsi di hukum tegas . trs mereka tdk ada mobil dinas mereka naiknya kereta umum bukan kendaraan pribadi ,,gimna lek😂",-,0,Negatif,1,Sarkas,Jepang:KurangProtes
SUAMI IDAMAN💗(sadstory 🥀),masih mending klo nampak hasil nya.ini malah dijadikan korupsi 😂,-,0,Negatif,5,Sarkas,Mentan:Korupsi
Ayy work,kocak as w,-,0,Negatif,2,Sarkas,Beras:Mahal
Rinaapriliani5692,gajina ge beda atuh bro..ulah sok d saruakeun,-,0,Negatif,5,Sarkas,Mentan:Blunder
bubuqila,"kamu enak mau naik mau turun gak harus beli, karna dapet tunjangan. lah kita kan harus beli pak pak",-,0,Negatif,2,Sarkas,Beras:Mahal
Riandi ayu,jepang umknya brp? tolong infonya,-,0,Negatif,2,Sarkas,Jepang:Curious
febriharrymanullang,Standup Comedy Politik,-,0,Negatif,1,Marah,Beras:Mahal
🍓🍓🍓,"pak jepang itu negara maju, klo indonesia jangan kan mau maju,selangkah kedepan aja gak bisaa....",-,0,Negatif,5,Sarkas,Jepang:KomentarTidakLogis
febyrubyjanee,"Di bandingin ama anak ttangga aja gue gak sudi, apa lagi dibandingin sama negara lain 😑",-,0,Negatif,2,Sarkas,Beras:Mahal
sri._maryana123,kalau mau di bandingkan dengan jepang gajix di samakan dulu pak.,-,0,Negatif,2,Sarkas,Jepang:NotComparable
Hellooitspandagurl,MONMAAP DI JEPANG GADA YANG GAJINYA 1 juta sebulan WKWKWKWKWK,-,0,Negatif,5,Sarkas,Gaji:Kecil
Qimalkha.id,gaji nya aja beda jauh yawlohhh😭 gapernah semuak ini🥲,-,0,Negatif,5,Sarkas,Gaji:Kecil
satria,mnding gak usah eksport lagi beras ..,-,0,Negatif,2,Marah,Pemerintahan:Blunder
Scorpiooo28˚🦋༘⋆,penting ngomong yah pak😭,-,0,Negatif,2,Marah,Mentan:Blunder
han_🍒,coba bandingin DBR indo sama DBR jepang 🗿,-,0,Negatif,2,Sarkas,Banding:Kritik
callista,"pekerjaan nya Kuli serabutan,penghasilan 100/hari,kalo harga beras di samain sama jepang,kan cukup buat beli beras doang🤦",-,0,Positif,5,Senang,Beras:Murah
miilllssnew,"Ini Indonesia pak, bukan jepang 😭😭😭",-,0,Negatif,2,Sarkas,Aspek:Beras:Mahal
Erika Arifiana🍑,"Jepang udh negara maju, pendapatan perkapitanya juga tinggi. Masa hal kaya gini aja ga tau😭🙏🏻",-,0,Negatif,5,Sarkas,Jepang:BedaDenganIndonesia
pika24,KO BOD0h GINI BISA JADI DPR SIH😫,-,0,Negatif,5,Marah,Mentan:Blunder
Mika kingdom,Naik sedikit ribut ? Ni orang lewat mana pulang ?,-,0,Negatif,2,Sarkas,Mentan:Blunder
🍒🍒,ya kalo kerja di Indonesia gaji 1 bulan 10 jt mau beras sekilo ratusan ribu juga ga ribut pak pakk,-,0,Positif,4,Senang,Gaji:Banyak
JUDUL LAGU,mengatas namakan petani supaya pemasukan lebih😂,-,0,Negatif,2,Sarkas,Mentan:Blunder
Nur Badilah,ga nanggung2 langsung di bandingin sama jepang 😭🤣,-,0,Negatif,1,Sarkas,Beras:Mahal
BCW,ya lo ga mikir cari duit ya di konoha gimana capek doang,-,0,Negatif,5,Sarkas,Mentan:Blunder
momonmomon5888,ngomong gak pake otak memang ini menteri2 skarang.. apa tdk ada pendidikan mereka.. miris skali melihat menteri di pemerintahan Indonesia,-,0,Negatif,2,Sarkas,Mentan:Blunder
Wawa🌷,bodo bale emang pokok e bodo,-,0,Negatif,5,Marah,Mentan:Bodo
Nonia makeup,Minimal UMR naik lah kocakk,-,0,Negatif,2,Marah,UMR:Besar
iyupp,warga jepang di kasi bantuan tiap bulannya . jangan bandingkan dgn jepang anjjj,-,0,Negatif,5,Marah,Jepang:Beda
IndahSarniati,"masalah nya pak, yg naik harga sembako, sdang kan pendapatan kta menurun, gmna ngak puyeng isi kepala pak, anda ma enak udah pasti tiap bulan nya,",-,0,Negatif,1,Marah,Mentan:Blunder
Bela Thobaryah,wey gaji aja beda wey wey wey,-,0,Negatif,1,Sarkas,Gaji:Kecil
virgo,wooyu mata uang Jepang jangan kmu sma kan dengan rp,-,0,Negatif,5,Sarkas,Mata Uang Jepang:Beda
Neneng Juwita,"mau beras 100rbu, 200rbu juga gpp pak asal UMR nya sama dgn jepang !!! UMR 2jta lebih dikit beras 100rb, dikira hidup cuma makan beras doang.. kaga usah beli2 yg lain.. mikir pak..!!! punya otak kagak..???",-,0,Negatif,1,Marah,UMR:BedaDenganJepang
Andi,Nyakitin hati rakyat mulu...,-,0,Negatif,5,Marah,Mentan:Blunder
Cis,"Jepang negara maju pak, jgn disamain anj kan tau indo bukan negara maju. GITU AJA GATAU !",-,0,Negatif,5,Sarkas,Jepang:KomentarTidakLogis
—Bryann,DPR macam apa ini anj,-,0,Negatif,2,Sarkas,DPR:Kaget
nona manies,pak...pak rakyat byk yg miskin...bubarkan aja,-,0,Negatif,1,Marah,Mentan:Mahal
ugly people 🫟,soalnya ini bukan jepang 🗿,-,0,Positif,5,Senang,Aspek:Netral
wong ndeso,nilai uang sama nggakbpak. mikir dikit dong,-,0,Negatif,2,Sarkas,Harga:Beda
Joget Senpai,dari segi ekonomi aja bagai langit dan bumi,-,0,Negatif,1,Sarkas,Harga:BedaDenganJepang
ulma🦋,SADAR DIRI AMA GAJI,-,0,Negatif,5,Marah,Beras:Mahal
BungsuTunggaL,Kacau kacau 🤣🤣,-,0,Negatif,2,Sarkas,Beras:Mahal
Yeyen28,"jangan samakan dg jepang pak,,,,,,jauuuuuuuuhhhhh pendapatan rakyat disini",-,0,Negatif,1,Marah,Mentan:Blunder
Hazeleye,Pendapatan rakyat kecil sehari brp? msh bnyk rakyat yg pendapatannya cuma 50 ribu sehari.,-,0,Negatif,1,Marah,Gaji:BuktiKecil
pinky233,"hahaaa indonesia sama jepang, yasalammm. ngomongnya jangan pas lagi kaya pak, wkwk",-,0,Positif,5,Senang,Jepang:Yasalammm
💫🅱️🅰️ng dudik💫,modeng mikirin,-,0,Negatif,1,Sarkas,Harga:Beras:Mahal
Bajingan terhormat,jenis binatang apa ini,-,0,Negatif,1,Sarkas,Mentan:Blunder
Memy Muharjo,"Pak,,,, kenapa UMR kita ga di samakan dg Jepang, enak aja ngomeng,,,, jgn hanya mementingkan sendiri,,,,ga bisa kerja silahkan mundur Pak,,,, banyak generasi yg cerdas",-,0,Negatif,2,Marah,UMR:Mahal
Rifa ismill,Di bandingkan sma jepang😂 yg UMRnya 10x lipat dri Indonesia,-,0,Negatif,1,Marah,Mentan:Blunder
cintanyapapaferry,jepang bayarane piro lek kok iso,-,0,Positif,5,Senang,Jepang:BayarAnyaLekKokIso
syaaa🍒,bodoo nya ga ada yg ngalahinn,-,0,Negatif,1,Marah,Mentan:Bodoo
user9314788759724,Betul Bu Titiek....jgn dibandingkan dgn jepang wow ...😭 harga beras skrng aj sdh mahal kok malah mw dinaikkan lg 🤦🏻‍♀️,-,0,Negatif,2,Marah,Beras:Mahal
R.S,Mentang mentang dpt tunjangan beras seenaknya aja ngomong nih bpk bpk kon,-,0,Negatif,1,Sarkas,Mentan:Blunder
yalxndr_,gak ada otaknya dibandingin sama jepang,-,0,Negatif,1,Sarkas,Mentan:Blunder
Fby,"UMK 2,4 masa mau di samain sama jepang. 🧠🧠🧠🧠🧠🧠🧠",-,0,Negatif,1,Marah,UMK:BedaDenganJepang
scorpiogirl,rakyatnya aja beli beras 1kg 12rebu🤣,-,0,Negatif,5,Marah,Beras:Mahal
miring dikit,"hanya memandang orang mampu pembicaraan nya, tidak melihat rakyat kecil yg sehari kadang punya penghasilan 20k, turun lah pak ke rakyat jangan hanya melihat org kota saja",-,0,Negatif,2,Marah,Mentan:Blunder
Ndoro ayu💋,Makin kesini makin rusak 😭🤣🤣,-,0,Negatif,1,Sarkas,Mentan:Blunder
˙˚ʚSmyɞ˚˙,"y dipikir bapakkkkk, penghasilan rakyatnya berapa dulu. astaghfirullah",-,0,Negatif,1,Marah,Penghasilan rakyatnya:Kecil
me,lha jepang UMR 15-20jt padakno indonesia Leh pak 2jt-5jt mbok Yo di delok pendapatane,-,0,Negatif,1,Marah,Mentan:Blunder
Melgito,"elah pak, lu liat lah ekonomi di Jepang gmn, rakyatnya sejahtera, pejabatnya ga korupsi,hadeh",-,0,Positif,5,Senang,Jepang:Sejahtera
scorpiogirl,kan beda anji😭🤣,-,0,Negatif,2,Sarkas,Beras:Mahal
Zhia14,"enak bgt tuh ngomong,gaji aja bnyk yg di bawah UMR mau di samain kaya jepang 🤦",-,0,Negatif,2,Sarkas,Gaji:BanyakTapiKurangCukupUntukUMR
sky,hukum koruptor dijepang apa?,-,0,Negatif,5,Sarkas,Hukum koruptor:Mentan Blunder
Brown,eh bapak masalah nya itu di jepang sana pendapatan nya tinggi terus kalau di indo disamakan di jepang harga beras nya 100 ribu per kg nya rakyat kecil gimana makan nya ya tuhan🥺,-,0,Negatif,5,Marah,Beras:Mahal
anna84,"nyamain sm jepang, pemerintahan konoha mau gk di samain sm swedia, ichhhh",-,0,Negatif,5,Sarkas,Pemerintahan:Blunder
widiyanti975,yo pindah o nng jepang jan jembrek,-,0,Negatif,2,Sarkas,Jepang:NotAppleToApple
cochopie,anjjj pada ga skolah apa gimana sih bego bener,-,0,Negatif,2,Sarkas,Beras:Mahal
Everyday_Latte,anj😭 negara maju lo bandingin sm indo cokkkk,-,0,Negatif,5,Marah,Beras:Mahal
ᮃᮞᮨᮕ᮪ ᮛᮤᮃᮔ᮪ᮒᮧ,NGACA PAK!!! DARI SDM AJA UDAH BEDA MAU DIBANDINGIN SAMA JEPANG HADEUUHH,-,0,Negatif,5,Marah,Mentan:Blunder
SEDDIA NIN,Indonesia di samakan jepang???,-,0,Negatif,2,Marah,Jepang:Beda
artopiketut,tpi di pejabatnya profesional dan tidak korupsi seperti di negara kita pak,-,0,Negatif,5,Marah,Mentan:Korupsi
yantokhokki,kalau pejabat beli beras 100rb perkilo ya tidak masalah,-,0,Positif,5,Senang,Beras:Murah
wangbi💜🧚🏻,jepang di liat dong umr nya brp bambang,-,0,Negatif,2,Sarkas,Jepang:BedaUMR
SRN✨,"Mngkin bagi bapak 100 rb mah kecil soalnya gaji bapak kan 3 juta perhari, coba tengok orang” yg cari uang harus bawa bawa barang berat demi 10 rb buat beli beras pak 🥺",-,0,Negatif,2,Sarkas,Gaji:Kecil;Beras:MengapaMahal
ctraayufthanah,bnr bnr ngomong ga dipikir dulu pake otak,-,0,Negatif,1,Sarkas,Mentan:Blunder
-,pegoo,-,0,Negatif,2,Marah,Harga:Beras:Mahal
shofhiaaja,naik sedikit bagi anda pak yg gajinya puluhan juta dan tunjangannya jg puluhan juta berasnya ditanggung pemerintah ngk pusing LG mikirin beras lha kami masyarakat kecil yg 1 BLN berpendapatan 2 JT 500 beras 1 kg 15 ribu masih bayar listrik masih bayar air masih untuk sekolah anak masih beli gas masih beli lauk habis pak tak tersisa,-,0,Negatif,5,Marah,Beras:Mahal
GEMBILI,"jepang naik harga tapi imbang sama kualitas ,disini beras premium aja Mash Lo oplos, kocak",-,0,Negatif,2,Sarkas,Beras:Mahal
Ahmad Yohaness,"Jepang negara maju, rakyat nya ga susah nyari kerjaan dn umr nya jg beda jauh🗿",-,0,Negatif,2,Sarkas,Jepang:Berbeda
JusApel,"gak apple to apple, sekelas DePeeR looh 😂😂😂😂",-,0,Positif,5,Senang,Jepang:TidakAppleToApple
bagas b nya greenflag,kumaha maneh we ah cing arelingg wee intinamah bis kaburu paraeh,-,0,Negatif,5,Sarkas,Mentan:Blunder
Alshanum.id,😂😂😂,-,0,Negatif,2,Sarkas,Beras:Mahal
♒🌺 Rara_ Banyuwangi🌺♒,"beras 100/kg gaji guru honorer 350.000 satu buln..kok di samakan jepang yg negara maju..yg gajinya besar, tunjangan rakyat nya besar..",-,0,Negatif,5,Marah,Gaji:Bulat
celestial,boleh lahh kalo UMR juga di naik kan kalo mau naik anjir 🙃 hlaaa UMR aja 2.600 bjir,-,0,Positif,5,Senang,UMR:BisaNaik
Adrez sholeh,kita aja gk sejahtera kayak di Jepang😹,-,0,Negatif,2,Sarkas,Jepang:Beda
miring dikit,"yaaah beda lvl bos, per uangan nya sangat jauh, liat gaji orang bawahan di Indonesia, jangan karna anda punya jabatan gaji positif cukup, anda juga harus melihat orang yg kesusahan, jangan cuma liat pejabat sama² pejabat, buka mata dengan lebar biar tahu rakyat di Indonesia yg sebenar nya, jangan cuma melihat uang nya saja",-,0,Positif,5,Senang,Jepang:Kesadaran
ptrirgna,Ada aja gebrakanny😆,-,0,Negatif,2,Sarkas,Beras:Mahal
Ahsrul/Sahrul 11/11/06,beda dong pak jepang sama Indonesia,-,0,Negatif,1,Marah,Mentan:Blunder
al,ko bisa gitu jadi mentri anjirr,-,0,Negatif,2,Sarkas,Mentan:Anjirr
Rexxy,lucuu bet pengen di samainn sama negara yg udh majuu,-,0,Negatif,2,Sarkas,Mentan:Blunder
Sintaa,"coba UMR samain sama gaji lu pak, lu ngmng gitu enak krna gaji lu gede",-,0,Negatif,2,Sarkas,UMR:Kecil
Jajanganggia,gaji jepang brpa pak,-,0,Negatif,2,Sarkas,Gaji:Kecil
Safa,ini mereka jadi anggota pemerintahan masuknya jalur apasih,-,0,Negatif,1,Sarkas,Mentan:Blunder
cacacaacac,"jepang negara maju lahhhhhh kita habis d korupsi pakkkkkk , apa kabar pak sehatkah ?",-,0,Negatif,5,Marah,Mentan:Korupsi
Luluk Chudhoifah,"Beras mundak tunjangan pean melok mundak pak, wong cilik beras mundak yo menjerit pak mbok yo ojok di padakno 😏",-,0,Negatif,1,Sarkas,Beras:Mundak
senja kelabu,pak jepang UMR nya gede jangan samain di konoha,-,0,Negatif,1,Sarkas,Jepang:NotFair
yaiah,"tolong lah indonesia nyari kerja aja susahhh, umr ga seberapa. nyusahin rakyat bgttt gilaaaaaaa",-,0,Negatif,1,Marah,UMR:Besar
liaaa,ini yg jdi dpr pada sekolah ga sii?,-,0,Negatif,2,Sarkas,Mentan:Blunder
animekuu01,dia sekolah ga sih 😭,-,0,Negatif,2,Sarkas,Mentan:Blunder
Rahma Yunita Sari,"woyy Jepang mah rakyatnya dijamin kali ama negara,, pajak2 yg dibayar juga buat mereka nanti masa tua, punya anak ada tunjangannya . lahhhh kitaaaa",-,0,Positif,5,Senang,Jepang:DapatDiJadikanContoh
putra_ganjil,lah samean kan neng indonesia😬 mak di bandingno bek jepang wes,-,0,Negatif,5,Marah,Mentan:Blunder
v_naa🌹,pak lu dlu skolah sering bolos ya cape bgt😌😭,-,0,Netral,3,Sarkas,Pak Lu:Dulu
senn.,"NYESEL NYOBLOS 02, 1 PERIODE AJA",-,0,Negatif,5,Marah,Mentan:Blunder
человек,"Ngebandingin tuh ngga imbang, sebodoh itu anjir",-,0,Negatif,2,Sarkas,"Ngebandingin tuh ngga imbang, sebodoh itu anjir:Beras"
R🅰️EHAN🤏🏻,"jangan samakan jepang dengan Indonesia, mereka negaranya maju, sedangkan di Indonesia pejabatnya yang maju rakyatnya di terhampakan",-,0,Negatif,5,Marah,Mentan:Blunder
givie🫶,😏,-,0,Negatif,2,Sarkas,Beras:Mahal
November14,"berapa UMR di Jepang, lagian orang jepang gk kayak indo yang makan nasi mulu",-,0,Negatif,5,Sarkas,Jepang:BedaDenganIndo
varofari,turunin aja dia gila jadi Mentri pemikirannya kaya gitu,-,0,Negatif,2,Sarkas,Mentan:Blunder
KAZAMA,skg anjjj anjjj pada pinter ngomong,-,0,Negatif,2,Sarkas,Mentan:Blunder
Shakilaatmarini,Yah allah di samain sama negara maju😌,-,0,Negatif,2,Sarkas,Jepang:NotComparable
_hatii.pamungkas,minimal naikin juga umr nya gblk,-,0,Negatif,2,Sarkas,UMR:Beda
𝙍𝙀𝙉𝙉,ini orang lulusan SD kah?,-,0,Negatif,2,Sarkas,Mentan:Blunder
Siskacheno,1 kata buat dy? dong*o,-,0,Negatif,1,Sarkas,Mentan:Blunder
Encuzse Wakgoes,gaji ne wae buwedo😭@Feny Nur Arsyafa,-,0,Negatif,5,Sarkas,Gaji:Bulat
allodes,kocakkkkk😭,-,0,Negatif,1,Sarkas,Beras:Mahal
YR🎀,gada isi😂,-,0,Negatif,2,Sarkas,Beras:Mahal
ucup,Menteri/pejabat skrg knp pada bloon semua ya.. 😂😂,-,0,Negatif,2,Sarkas,Mentan:Blunder
Fera Wati,"paakkk di jepang gak ada yg nganggur di jepang gajinya besar,pemerintahnya gak rakus gak korup😌",-,0,Positif,5,Senang,Gaji:Besar
𝖇𝖎𝖓𝔱𝔞𝔫𝔤,"ini beneran dibandingin sama jepang? woylah jepang gaji dan umr beda sama di indo, yakali umr indo disuruh gaya hidup jepang🤦🏻‍♂️",-,0,Negatif,5,Sarkas,Aspek:BedaGajiUMR
ᴋᴀɪᴅᴇ́ᴋᴀ ✥,"""mandiri pangan"" fakta nya petani indo dari benih ,pupuk sampai pestisida masih sangat bergantung pada produk luar negri 🤣",-,0,Negatif,2,Sarkas,Pertanian:Dependensi
vey,"Yang ""KATANYA WAKIL RAKYAT"" 🫡😏",-,0,Negatif,5,Sarkas,Mentan:Blunder
A N D I,"Umr Indonesia pak berapa ?, otak pemerintah gimana sih",-,0,Negatif,1,Marah,Pemerintah:Blunder
🍀,"ngomongnya jgn muluk2lahh, disini UMR masih 2jta",-,0,Negatif,2,Marah,UMR:Beda
Tasya Wardani,"Paaakkkkk jangan sibuk naikin ini naikin itu, pikir dulu kesejahteraan rakyatmu😏",-,0,Positif,5,Senang,Pikir dulu kesejahteraan rakyatmu:Bahagia
Nuna_Suga,"ini nih kelewat pinter, jadi kaya gini",-,0,Negatif,1,Sarkas,Mentan:Blunder
teh galon,dri gajih aja beda pak2🤣🤣🤣kok mau d.samain harganya piyeee toh,-,0,Positif,5,Senang,Beras:Murah
Rimaalseiga,ya ampun,-,0,Negatif,2,Sarkas,Beras:Mahal
nala ༄,bahlul,-,0,Negatif,1,Marah,Mentan:Bahlul
Windra_,"Gapapa beras naik pak yang penting gajih naik juga biarpun dimana bisa ga buat kesepakatan untuk pengusaha"" biar gaji karyawan segini dan di buat persetujuan untuk pengusaha atau apa kek",-,0,Negatif,2,Marah,Beras:Mahal
zexshow,"ini org skolah nya dmna bandingin sm jepang, sejahterain dlu noh rakyat lu kocak 🤪",-,0,Negatif,1,Sarkas,Mentan:Blunder
kate,"DIAM PAK DIAM JEPANG UDAH JADI NEGARA MAJU JADI WAJAR, TINGKAT PENGHASILAN MEREKA JUGA LEBIH SEJAHTERA DARI PADA PENGHASILAN NEGARA BAPAK.",-,0,Negatif,1,Sarkas,Jepang:Kecil
adah,Ari maneh eling te.😭,-,0,Negatif,2,Sedih,Beras:Mahal
LU,negara mundur kok di samain sama negara maju pakkk yg bener ajah 😭,-,0,Negatif,2,Sarkas,Mentan:Blunder
miraiii,aduh bapak bandingin jepang ama indonesia sesat logika ituu !!! ibarat DPR sama RAKYAT JELATA jauuhhh🙏,-,0,Negatif,5,Marah,Bandingan:Beda
nande,dpr ko bisa gatau hal umum sih😭,-,0,Negatif,1,Sarkas,Mentan:Blunder
teguh riyadi,masih murah dijepang,-,0,Positif,5,Senang,Beras:Murah
IMAM SANTOSO,di idoni kudune wong iki,-,0,Negatif,1,Sarkas,Mentan:Blunder
g.putriandayani,tiap hari ada aja gebrakan nya ya ada aja celotehan2 lucu dan gak masuk akalnya dasar toodler,-,0,Negatif,1,Sarkas,Mentan:Blunder
fatimah,kalau di sini 100/hari ga bakalan kebeli pak kalau buat gajih suami yang di bawah 100rb/hari,-,0,Negatif,1,Marah,Gaji:BedaDenganJepang
nayy11🍃,kumaha pikirana sih ieu jelema,-,0,Negatif,1,Sarkas,Mentan:Blunder
Anisa Diah,jepang aja UMR udah 25 juta pakkkkkkkkkkkk yg bener aja,-,0,Negatif,5,Sarkas,UMR:Mengkhianati
duwiliya,🥰🥰🥰,-,0,Negatif,1,Marah,Beras:Mahal
Telfast,Hadeeeh bisa bisanya disamain sama jepang😭😭😭,-,0,Negatif,1,Marah,Mentan:BedaHarga
Icha 🌱💛✨,hahah kelihatan bunggulnya,-,0,Negatif,2,Sarkas,Mentan:Bunggul
ihsan prass,"orang kaya gini bisa menjadi menteri,emang lucu",-,0,Negatif,2,Sarkas,Mentan:Blunder
mentari indah,jepang gajinya jauh woe sam Indonesia kita 2 jt sn 20 jt hadah,-,0,Negatif,1,Marah,Gaji:Kecil
Ayu,laahhhh disana uangnya juga gede2 an.. sumpah tol.l,-,0,Negatif,1,Sarkas,UMR Indonesia:BedaDenganJepang
Ryan,gaji di jepang berapa brow ? .,-,0,Positif,5,Senang,Gaji:Besar
cimeyy💋,"wong Iki Jane utekke main ga sih,getih e mlaku ga jane☺️",-,0,Negatif,2,Sarkas,Mentan:Blunder
Via ✨🌙,Pejabat skrg kok pada oon sih,-,0,Negatif,2,Sarkas,Pejabat:Blunder
aldiansah,toolollll bettbdahhh☺️,-,0,Negatif,1,Sarkas,Mentan:Blunder
Mufrih,atuh beda jepang mah lieur 😭,-,0,Negatif,2,Sarkas,Jepang:MahLieur
anggrianaaaaa,"haaaah, sumpah orang² otaknya dimana 😭",-,0,Negatif,1,Sarkas,Mentan:Blunder
AFI 🔸💫,pengganguran di jepang berapa orang pak?. umur di jepang berapa lol,-,0,Positif,5,Sarkas,Jepang:Keren
fajarr,"tetapi gaji Jepang juga 30jt perbulan pak. usahain kalo nyamain ekonomi, samain juga UMR nya",-,0,Positif,4,Senang,Gaji:Besar; Jepang:Netral
Nuraisya82,"ini anggota DPR dimana pikiranya ko bisa2nya ngebandingin sama jepang sama negara tetangga SJ kita sudah kalah jauh, pinteran dikit atuh pak klu ngomong kmrin jg yg ngomong tentang kenaikan gaji DPR dan tunjanganya jg asbun.diliat2 knp anggota DPR klu ngomong asbun ga di pikir dulu",-,0,Negatif,1,Marah,Mentan:Blunder
Devina,oon bgt anjir😭,-,0,Negatif,2,Sedih,Beras:Mahal
Yogiicikal,knpa pada oon sih 😭😭,-,0,Negatif,2,Sarkas,Beras:Mahal
lyonére,oon😌,-,0,Negatif,2,Sarkas,Beras:Mahal
arisss,prettt,-,0,Negatif,2,Marah,Harga:Beras:Mahal
Yelinashop.id,yaampun ko gak expect ya naikin dulu gaji rakyatnya,-,0,Negatif,2,Sarkas,Gaji:Kecil
shiballll,"Loh gpp kalo indo juga harga segitu, Gaji org² indo kan gede²",-,0,Negatif,2,Sarkas,Gaji:Kecil
anak mama🤍,"paok2 gaji di indo aja naik nya susah , gaji 2jta beras naik , ya kalik gue sebulan makan nasi tanpa lauk",-,0,Negatif,1,Marah,Gaji:Kecil
Gemini Chivaare,nih orang ngomong lagi posisi mabok kah? dari segi UMR aja beda anyeng,-,0,Negatif,1,Marah,Mentan:Blunder
Bagus,Kayak udah sering kejepang aja 😳,-,0,Negatif,2,Sarkas,Jepang:NotApplesToApples
"For u, 2k Years Ago.",jepang naik krna UMP nya juga tinggi bandingin di Indo..lawak banget ga becus banget jadi pejabat asal ceplos,-,0,Negatif,1,Marah,Mentan:Blunder
riyafitria27,orang jepang gajinya berapa.. beda lah..,-,0,Negatif,2,Sarkas,Gaji:Beda
🦚lisa_gemini🥑,"hahahaah...ini indonesia pakkkk...bukan jepang,",-,0,Negatif,2,Sarkas,Jepang:Beda
"0,0℅",Yaampun malah dibandingkan dengan Negara Jepang😔,-,0,Negatif,2,Sarkas,Aspek:Beras:Mahal
🖤,pak yaAllah🙂 gtau mau ngomong apalgi,-,0,Negatif,1,Sarkas,Mentan:Blunder
Gatau,sebenernya jepang ma indo sama harganya semua uang kalo jd rupiah jd gede nominal nya,-,0,Positif,5,Senang,Harga:Bersama
agealf,nembak ijazah sarjana😹😹😹,-,0,Negatif,2,Sarkas,Mentan:Blunder
Tikaa,Hei hei hei look at me jepang negara maju ya anak anak….,-,0,Negatif,2,Sarkas,Jepang:Komentar
Super Baby,kenapa byk menteri itu ngasih data tapi ga pinter 😂,-,0,Negatif,2,Sarkas,Mentan:Blunder
landdd,seleksi anggota DPR wajib melampirkan sertifikat IQ minimal 120,-,0,Negatif,1,Sarkas,Seleksi DPR:Keterbatasan
木村Mouu,konyol wong oki,-,0,Negatif,2,Sarkas,Mentan:Konyol
aluna025,d jepang az beras 100k/kg adem ayem....eh pak asal lu tau ya jepang itu negara maju warganya az bnyk dapet tunjngn gaji mreka d atas20 jta...gw ngerti skarang bnyk tanah kosong yg d ambil negara ternyata mau ngikutin jepang ya?? d jepang itu bnyk rmh&tanah kosong emang udah ga ad ahli waris nya makannya negara ambil ......,-,0,Negatif,1,Marah,Jepang:Beda
Goodday,Otaknya mana ini apakah di tinggal dirumah nya,-,0,Negatif,2,Sarkas,Otaknya:MentanBlunder
Muria seram🔥,LIRIK KE PAPUA PEGUNUNGAN BERAPA... DI INDONESIA DLO PAK. 🙏,-,0,Negatif,5,Marah,Mentan:Blunder
mamaillmi,pak gaji kita jg gg sebanyak warga jepang ..,-,0,Negatif,2,Sarkas,Gaji:Kecil
Mufar❗️,MASALAHNYAAA GAJINYAA KECILLL COYYY DISINIIIIIIIIIIIIIIII,-,0,Negatif,1,Marah,Mentan:Blunder
yuri,pak kalau gaji kami 1 jt aja sehari x 26 hari udah 26 JT. ngpp pak beras 1 kg 100 rb🥺,-,0,Negatif,5,Marah,Gaji:Besar; Beras:Mahal
alann,logikanya cacad jir😹,-,0,Negatif,2,Sarkas,Logika:Cacad
historia,oon😭,-,0,Negatif,2,Sarkas,Beras:Mahal
Baihaki,indo beras 10rb aja banyak yg gk mkn. klo prcya cek aja kelapangan,-,0,Negatif,2,Sarkas,Beras:Mahal
Jee,Jepang negara maju bapakkkk😂😂,-,0,Negatif,2,Sarkas,Jepang:KomentarTidakLogis
ALFI LIYANI,Di samain sama jepang ah lawaaaak 😂😂,-,0,Positif,5,Senang,Jepang:Lawaaaak
samin,orng indo juga banyak kerja di jepang,-,0,Positif,5,Senang,Orang Indo:Kerja
Dede Eva,"percaya aja sm mulut² tikus😂, alesan untuk mensejahterakan petani, ujung²nya mah masuk kantong sendiri..",-,0,Negatif,2,Sarkas,Mentan:Blunder
nayla,"dibandingin sm jepang, umr nya dlu pak samain kayak jepang😂🙏🏻",-,0,Positif,5,Senang,Aspek:Beras:Murah
pintar dan ceria,"Puang tabee jngn hrga beras saja kita bandingkan, PENDAPATANNYA JUGAA!!!!",-,0,Negatif,5,Sarkas,Pendapatan:Mengganggu
Radine Farm,"Pendapatane rakyatmu ik deloken, gak tambah meningkat malah menurun. Haruse dikasih solusi untuk perputaran ekonomi yg baik. La mosok gajiku tahun 2016an iso luweh akeh dr pd tahun 2025 ik lah anjrot😏",-,0,Negatif,2,Sarkas,Pendapatane rakyatmu:Blunder
優し人です。,Pekokk 🤣🤣,-,0,Negatif,2,Sarkas,Pekokk:Beda
yahaha wahyu,jadwal mukulinnya kapan ni guys?,-,0,Netral,3,Sarkas,Jadwal:Mukulin
WidhiFadillah,Ada aja ini tiap hari nya gebrakan nya anj,-,0,Negatif,2,Sarkas,Mentan:Blunder
Yerii,gaji di Indonesia aja banyak yg gak UMR kocak kalau gaji tinggi mah oke aja naekin bahan pokok,-,0,Negatif,2,Sarkas,Gaji:Banyak
Bunda Haw,"beras 100 rb per kilo gaji 50 perhari,,, koclak",-,0,Negatif,1,Marah,Gaji:Kecil
Adadiplatinum,"ngomong apa dia, gajinya dong samain kyk gaji d jepang, mungkin rakyat juga bakal diem",-,0,Negatif,1,Marah,Mentan:Blunder
ahfara_,😏,-,0,Negatif,2,Sarkas,Beras:Mahal
dang5mret,dikira semua rakyat banyak duit apa pak,-,0,Negatif,2,Sarkas,Mentan:Blunder
Widisulistyaningsih_Billah,hadeeeh Kowe Iki DPR jepang opo indo,-,0,Negatif,1,Sarkas,DPR:jepang opo indo
sell,pinteran anak sd,-,0,Negatif,2,Sarkas,Beras:Mahal
レサ・オクタヴィアーニ,disamain jepang. jepang tuh negara maju. kita rakyat aja miskin,-,0,Negatif,5,Marah,Jepang:KurangNyaman
Ardian pratama,"negara yg belum maju jangan samakan sama negara yg udah maju woy, orangnya aja masih pada korup gimana mau maju kan gitu logikanya",-,0,Negatif,5,Marah,Mentan:Blunder
Nisa.nimek,di Jepang 20jt lebih sebulan dong0o di indo 3jt sebulan njr?,-,0,Negatif,1,Marah,Harga:BerasMahal
madaaannn,"kmu baik loh pak jgn ikut"" an th*l ahh",-,0,Negatif,2,Sarkas,Mentan:Blunder
Pentol Alfa bukit kamintingpky,"UMR aja 3,500 ,disamakan sama gajih perbulan puluhan Jeti prbulan , ,ohhh tuhannn mau makan apa rakyat menengah kebawah kalo 1 kg beras 100k .😩😩meningggoyyyy",-,0,Negatif,5,Marah,UMR:Besar; Gaji:Kecil; Beras:Mahal
Nadin,Ini ga menteri ga dpr sama aja anjir kosongg asbun,-,0,Negatif,2,Sarkas,Mentan:Blunder
bubblepie,pak ngomong aja sama keluargamu.,-,0,Negatif,2,Sarkas,Mentan:Blunder
Siti ruhkaya,bapaknya ini kurang pintar masak jepang di samakan Indonesia,-,0,Negatif,5,Sarkas,Bapaknya ini:Blunder
higun,"kocakkkk... mentri apalah ini, pusing gua liat kabinet wowo",-,0,Negatif,1,Sarkas,Mentan:Blunder
NADAWA PARSEL,pakkkkk kita beli beras 2kg per hari aja udah syukur Alhamdulillah,-,0,Positif,5,Senang,Beras:Dukung
D,heh bego bgt pak😏,-,0,Negatif,2,Sarkas,Mentan:Sarkas
Hadi Hariyadi,"salut sama mentri ini bela para petani,",-,0,Positif,5,Senang,Mentan:BelaParaPetani
AkuSiapa,makin hari makin muak😭,-,0,Negatif,2,Sedih,Beras:Mahal
NoviIndriawati,🤣🤣🤣,-,0,Negatif,2,Sarkas,Beras:Mahal
Aditia Pratama Abdi,"Gaji sama ratakan juga dong. 30 juta / bulan, gaji karyawan maupun guru, jaminan rakyat sejahtera seperti Jepang. kalau masyarakat sudah sejahtera, anda boleh komentar seperti itu Bapak Menteri Yang Terhormat!",-,0,Positif,5,Senang,Gaji:Wajar
AAM SAMHUDI,para menteri kabinet ini hebat2 yah,-,0,Negatif,2,Sarkas,Menteri kabinet:Beda
hasianku,"menteri ni lulusan apa sih,bisanya Lo banding bandingkan negara maju, Ama negara berkembang, gaji aja selisih 10 juta menteri",-,0,Negatif,1,Sarkas,Mentan:Bodoh
Taufik Hidayat,Ga bisa disamain anjj,-,0,Negatif,2,Marah,Beras:Mahal
Lutfi warhamni,100 rb/kg husus untuk para gajih 3 jt perhari pak,-,0,Negatif,1,Sarkas,Gaji:Kecil
PANGERAN EROR,si Udin maksain pinter...😅,-,0,Negatif,2,Sarkas,Mentan:Blunder
Syecko_miko✅,"pak setidak nya kalo bahan pokok naik gaji masyarakat juga harus di naikan😅jadi imbang,jepang emang mahal tapi gaji disana juga cukup besar",-,0,Positif,4,Senang,"Gaji:Kecil,Beras:Mahal"
inzakky21,"bandingin ama yg sudah makmur, halah halah...",-,0,Negatif,2,Sarkas,Bandingan:Malah
Baca_Novel,yg dia atas sana ngomong nya mulai ngelantur semua Kebanyakan duit tuh,-,0,Negatif,1,Sarkas,Mentan:Blunder
plapleplip,kek gini mentri? bukannya yg ahli dibidangnya harusnya?,-,0,Negatif,2,Sarkas,Mentan:Blunder
bagus permadi,"indo mau d samain sma jepang ya jauh lah pak,jepang sudah negara majau...lah indonesia....",-,0,Negatif,5,Marah,Mentan:Blunder
Itsmemineee,mikir dong pa umr nya aja beda antara jepang ama indo dipikir sma gaji nya,-,0,Negatif,1,Marah,UMR:Mahal
baiqayuni02,"Kok bisa dia jadi anggota , nggk ada otak indonesia negara penjjh dibandingkan negara maju😭",-,0,Negatif,5,Marah,Mentan:Blunder
IniMyAby,"petani kesejahteraannya rendah karna banyak ‘tengkulak’ yg bikin kebanyakan petani jual berasnya dgn harga rendah, wadahi dulu hal kayak gitu bukan malah mikir naikin harganya :)",-,0,Negatif,2,Sarkas,Petani:Bencana
Destiana Dwi Anggita,lah Jepang aja ga kerja digaji 😄,-,0,Negatif,2,Sarkas,Jepang:Kecil
tasyaKarina,"ya elah kak , perekonomian aja udah beda kelas ,, 😏",-,0,Positif,5,Senang,Perekonomian:Netral
MITIK FOODS,Ngomong aja lu pak! UMR 20juta dulu,-,0,Negatif,1,Marah,Mentan:Blunder
myeon's,DEYYY NILAI RUPIAH SAMA YEN AJA BEDAAA 😭,-,0,Negatif,1,Marah,Mentan:Blunder
windiihr,gaji ajaa bedaa anjj,-,0,Negatif,2,Sarkas,Gaji:Kecil
Sang Bintang Terakhir,Lha dia mau naikin ke 100 ribu kah?,-,0,Negatif,2,Sarkas,Mentan:Blunder
kamu aman saya amin,"eh, dibandinginnya sama jp???? 😂 kalo bandingin kualitas aja hitungannya beras kita kayak raskin dibanding beras mereka",-,0,Negatif,2,Sarkas,Beras:Mahal
BoriZ,kirain pada ad oteknya,-,0,Negatif,2,Sarkas,Beras:Mahal
indra,kalo gaji 3jt perhari si bisa di perhitungkan 😅,-,0,Negatif,2,Sarkas,Gaji:Kecil
krisdy02,kalau gaji diindo 3 juta perhari kek DPR mungkin ga ribut 🙄🙄,-,0,Positif,5,Senang,Gaji:Banyak
tinkerebel ✨,Syarat jd anggota DPR di Indonesia apa sih? Ko pada gtu ya……,-,0,Negatif,2,Sarkas,Syarat:MentanBlunder
alvinisr,yaudah umr nya samain sama jepang pak,-,0,Negatif,2,Sarkas,UMR:Malah
berkahshafa,😂😂😂😂😂,-,0,Negatif,1,Sarkas,Mentan:Blunder
naaa,gajinya aja beda jauhh😭,-,0,Negatif,2,Sarkas,Gaji:Kecil
Gitar_R,ko bisa jadi dpr ya🗿,-,0,Negatif,2,Sarkas,Mentan:Blunder
kolakMurbei,orang2 PD kenapa sih... semua. pingin di naikin..gaji g naik2,-,0,Negatif,2,Sarkas,PD:Kecil
prettygirl,dongo anjirrr umr kita aja 4 jt,-,0,Negatif,1,Marah,UMR Indonesia:Besar
user8810610615309,100rb per kg tp dia gaji besar pak. kita 1jt perbulan kalau 100rb per kg seperti beli emas,-,0,Negatif,2,Sarkas,Gaji:Kecil
ekur71,kira² aja pak.. membandingkan sama negara yg yg gajinya di atas 10jt perbulan.. lah kita gaji umurnya berapa??,-,0,Negatif,2,Sarkas,Gaji:Kecil
mamaharfan255,paakkkkkk greget gueeee😂,-,0,Netral,3,Sarkas,Komentar:Blunder
G.E,"Jepang negara maju, dirimu di negara mana",-,0,Negatif,2,Sarkas,Jepang:KomentarTidakLogis
pisangkeju,"Pakk jepang 100k perkilo gaji rakyatnya up to 40jt perbulan paaakkkk🫵🏻🫵🏻 beras 1k yen gaji 400k-500k yen perbulan🙂‍↔️masih murah, tapi dah gitu pemerintah jepang masih usaha buat nurunin harganya👍🏼",-,0,Positif,5,Senang,Jepang:BisaDibandingkan
mworkgolie,gajinya jepang sama indo sama kah pak??,-,0,Negatif,2,Sarkas,Gaji:Beda
frimania,kalian hang beras 12jt sebulan aja ngeluh gk ada kenaikan...lo mau makan 12 juta beras sebulan udah brp karung tuh??,-,0,Negatif,5,Sarkas,Beras:Mahal
Desy puspitasariIhsan,kalo gajinya sama kaya jepang si gpp ya,-,0,Negatif,2,Sarkas,Gaji:Kecil
♥ Dannani eveer ❤️,"jelas ribut lah gaji kecil semua mahal, apa2 di pajakin coba bpk punya pemasukan sprti wrga biasa yg pemasukan kecil krja setengah mampus kira2 bisa g ngomong bgtu",-,0,Negatif,1,Marah,Gaji:Kecil
苏南,beda UMR jepang dan indonesia kita di Konoha kerja hampir mqty tapi gaji 2/3 juta perbulan apa lagi guruh honorer,-,0,Negatif,1,Marah,UMR:Kecil
Itsmeorin🍄,TOLOL😭,-,0,Negatif,2,Sarkas,Beras:Mahal
Maulin_145 girls 💅,😂😂😂,-,0,Negatif,2,Sarkas,Beras:Mahal
yaki,jngn di samakn luuar broo,-,0,Negatif,2,Sarkas,Mentan:Blunder
putry✨🙈,oon apa gmn si 🤣,-,0,Negatif,2,Sarkas,Beras:Mahal
kipli0208,enak bnget ya kalo yang ngomong gaji 30jt anj111rr ..,-,0,Negatif,5,Sarkas,Gaji:Kecil
latteungulop3,dari segi pendapatan rakyat aja udh beda jauh.. haddeehh,-,0,Negatif,2,Sarkas,UMR Indonesia:Beda
ZxcyBoy,wajar la jepang 100k gajinya juga gede🫵😂,-,0,Positif,5,Senang,Gaji:Banyak
just wulaaann,umr e ae bedo adohhh paakk pak,-,0,Negatif,1,Sarkas,Beras:Mahal
Nadiarobinson31,"UMR Jepang berapa wak, wak wak wak",-,0,Negatif,2,Sarkas,UMR Jepang:Mahal
Haniidziess🤏,lah beda atuh pak jngn d samain UMR jepang sama indo org jepang aj mkn nasi nya dikit GK kay org indo pad doyan mkan,-,0,Negatif,1,Sarkas,UMR:Beda
yesimsfs,"UMR NYA AJA BEDA WOOOYYYY, MINIMAL NAIKIN DULU BJIRRR UMR NYA😭",-,0,Negatif,5,Marah,UMR:Beda
Vianaaa,gob lok dibandingin sm negara maju😭 sdngkan kita?,-,0,Negatif,2,Sarkas,Beras:Mahal
ihjyen,pendapatan warga jepang 10x dari pendapatan warga indo😌😌reset ente gimana si,-,0,Negatif,5,Sarkas,Pendapatan warga Jepang:Besar
yuliechan,"beda lah, UMR Jepang aja gede bgt. kalo di indo UMR sulit hrga pangan elit",-,0,Negatif,2,Marah,UMR:Kecil
isman,coba bandingkan gaji UMR jepang sama indonesia...woyyy mikir .,-,0,Negatif,2,Sarkas,Gaji:Beda
Yuli Syamsudin,Bikin rusuh lg az sekarang beras dinaikan.. mau rakyatnya pd kelaparam,-,0,Negatif,1,Marah,Mentan:Bikin Rusuh
ꜰᴇʙʏ,"Ini modean bapak bapak yg harus nya garap sawah aja, masih pinteran bapak bapak petani dari pada bapak ini",-,0,Negatif,1,Marah,Mentan:Blunder
intanna438,"bapak yang terhormat kalau beras smpe seratus ribu,yg ada g kebeli lauk pauk nya,g ada buat kebutuhan yg lainnya,sedangkan penghasilan kita aja g smpe segitu,g bisa disamakan dengan negara Jepang yg jelas2 maju,gmna mau maju uangnya aja sering dikorup",-,0,Negatif,1,Marah,Gaji:Kecil
ilhms,orang kaya gini ko bisa jadi dpr anj😭,-,0,Negatif,5,Sarkas,Mentan:Blunder
Ale Family,bapak suka becanda ya orngnga😂,-,0,Netral,3,Sarkas,Bapak:SukaBecanda
💜🦂PIOMOY🦂💜,"DPR lama"" longgor yaa",-,0,Negatif,1,Sarkas,DPR lama:Netral
☻️E💅F☻️,masslahe jepang pajak dan gaji2 dan lain2 nya kesejahteraan nya terjaga.. incone sdh beda woi,-,0,Negatif,2,Sarkas,Jepang:Beda
koala 🐨,yg dsni aja kkrja djpg mlh beras mau dsmakan hrga,-,0,Negatif,2,Sarkas,Beras:Mahal
️,beda kelas bapak 😭,-,0,Negatif,1,Sarkas,Beras:Mahal
leo🦁,masalahnyaaa indonesia gak semaju di jepang tikusssa,-,0,Negatif,1,Marah,Mentan:Blunder
christianazel3,pakkkkk....jepangg🤣🤣🤣🤣 ini indonesia😆😆😆😆😆😆,-,0,Negatif,1,Sarkas,Mentan:Sarkas
Black_Mama ✨🍃,"gwendeng, bandingin ke jepang yg UMR puluhan juta",-,0,Negatif,1,Marah,Mentan:Blunder
radhi khiAr alfarizky_45353577,gaji nya naikin dulu boossss...kau gak ribut krn gajimu 3jt/hri....anda aja pindah ke jepang sana,-,0,Negatif,1,Sarkas,Gaji:Kecil
Beby,andai gajih rakyat sama dengan gaji DPR mau beras sekilo nya 200 rb pun gue gk akan ribut,-,0,Negatif,2,Sarkas,Gaji:Beda
Leo🦁♌,podoke jepang gajinya rakyat yoo akeh Jepang pak😆,-,0,Positif,5,Senang,Jepang:Keren
Myprasetia✨,UMR jepang brp pak? Angka kemiskinan? Angka pengangguran?,-,0,Negatif,5,Marah,UMR Jepang:Kecil
its.me,guuuuooobloo**kkk UMR e karo jepang ae bedo 🗿,-,0,Negatif,1,Marah,UMR:BedaDenganJepang
Devita.ajaa,kalau mau bandingin harga beras minimal bandingin dulu gaji nya samain kaya jepang 🙃,-,0,Positif,5,Senang,Gaji:Sama
Mutia 2005,"jepang mesti mata nya sipit,tapi gak rabun, bisa liat keadaan rakyat nya",-,0,Positif,5,Senang,Jepang:Keren
𝐇𝐎𝐑𝐄𝐆_𝐒𝐐𝐔𝐀𝐃📍,astaga pak jepang gajinya 40 jt+/bln indonesia 2 sampai 4jt/bulan gini kok jadi anggota dpr lulusan mana sih pak🗿🗿,-,0,Negatif,1,Marah,Gaji:Kecil
emeyeeli,"pakkkkk, gajiii masyarakat indo sama jepang bedaaaa jauhhhhhhh",-,0,Negatif,1,Marah,Mentan:Blunder
Alvarezel,bingung kan pak🤣🤣,-,0,Negatif,2,Sarkas,Beras:Mahal
Apinnn,ya Allah masih adakah pejabat di negeri ini yg otaknya masih sehat ya Allah,-,0,Negatif,1,Marah,Mentan:Blunder
bwgazkeeun,"yaa kalo di setarain sama jepang,samain dlu umr nya pak,boro² 4 jt an,nih di yogya cuma 2 jt an",-,0,Negatif,2,Marah,Beras:Mahal
wulandarii,"Gaji mu karo gaji ne rakyat indonesia adoh, rakyat indonesia ijik enek seng mikir sesok arep mangan opo, tapi duite ora enek, kok uenak arep naik ke harga beras, melek o makane melek o, delik rakyat mu seng neng ngisor ojo seng sugih wae😏",-,0,Negatif,1,Sarkas,Mentan:Blunder
Reza Septiawan,coba bedakan pemerintah kita dengan pemerintah korea utara 😝,-,0,Negatif,2,Sarkas,Pemerintah:Blunder
Libra⚖️,otak nya pada ketinggalan dimana sih?,-,0,Negatif,5,Sarkas,Otak:Mundur
Didaii,"Toll gak sebandinglah mata uang jepang sma konoha,dari segi fasilitas aja tertinggal jauh 😩",-,0,Negatif,5,Sarkas,Jepang:TidakAppleToApple
진주ᴊɪ̬͠ɴᴊᴜ🔥,Konoha Korup Bpk 🙏,-,0,Negatif,1,Sarkas,Mentan:Blunder
Mery🤍,enakan pak to..gajimu besar mampu beli beras ber ton2 tp masyarakat miskin bagaimana????uang 15 rupiah sj terasa susah untuk beli sekilo pakkkk🥺🥺🥺🥺,-,0,Negatif,1,Sedih,Beras:Mahal
NoviaMeySrg,Lila2 aing dahar Beas raskin 😭,-,0,Negatif,2,Sedih,Beras:Mahal
Mas I-Wan,masalahnya UMR Jepang sama Indo itu Langit dan Bumi bapakkkkk,-,0,Negatif,5,Marah,UMR Jepang:Mahal
Mutmainnah,kalau kata aruma : Muak... Aku Muak.....🎶🎶🎶🎶,-,0,Negatif,1,Sarkas,Mentan:Blunder
Riska Noor,astaghfirullah pa,-,0,Negatif,2,Sarkas,Beras:Mahal
nddd🐻‍❄️~,matane matane,-,0,Negatif,1,Marah,Mentan:Blunder
Devina marsya,bandingin sama jepang kocak gaji aja beda,-,0,Negatif,2,Sarkas,Jepang:KocakGaji
Desty.ynl,Owalah ncen guobloklok 😆,-,0,Netral,3,Sarkas,Komentar:Berisi Sarcasm
s🤩😍🥰,"geblek mentrine wahhh rugi bayar mahal2,, otak didengkul",-,0,Negatif,1,Marah,Mentan:Mahal
BAKARAN VIRAL PARAS,pak pak...jepang negara maju..lah kita negara bobrok😂,-,0,Negatif,2,Sarkas,Jepang:Bobrok
indho_48,HARGA PADA NAEK ANJ,-,0,Negatif,1,Marah,Mentan:Blunder
itsrestii___,"dibandingkan sama jepang, Y rabbiiii, NEGARA MAJU SAMA NEGARA BERKEMBANG BEDA JAUHHHHH",-,0,Negatif,5,Marah,Jepang:Beda
ia💕,"dari gaji aja udah beda jauh woilah pak, kalo gaji sama kaya Jepang beras 100rb juga gapapa 😭🤣",-,0,Negatif,5,Marah,Gaji:BedaDenganJepang
(alomani version),Oon ah,-,0,Negatif,2,Marah,Beras:Mahal
♏Ϝ𝘪𝘪ʂƈσrρισ🦂,MINIMAL BANDINGKAN JUGA GAJI MASYARAKAT INDONESIA DENGAN JEPANG PAK !!!!,-,0,Negatif,2,Sarkas,Bandingkan:Kecil
Punyanyamas🖤,si bapak mabookk kecubung ngebandingin jepang sma negara konoha🤣🤣,-,0,Negatif,2,Sarkas,Mentan:Blunder
Mutmainnah,perbandingan yang sangat jomplang,-,0,Negatif,1,Sarkas,Perbandingan:Beda
user2232208699484,orang kek gini jadi mentri🤣🤣🤣,-,0,Negatif,2,Sarkas,Mentan:Blunder
EROS,"BAPAK PINDAH AJAH KE JEPANG SANA,,, 🔥",-,0,Negatif,1,Marah,Mentan:Blunder
Baraaa🔥,jgn mslahkan hrganya.. mslahkan pndptanya per daerahnya.. payah,-,0,Negatif,1,Sarkas,Harga:Beras:Mahal
Killzvr,umr yg 2 jt vs umr yg 20jt😂😂,-,0,Negatif,2,Sarkas,UMR:Beda
_AcE_86,"pemerintah tll,di jepang semua terjamin gaji ga kaya di Indonesia..ngmng ga ada🧠",-,0,Negatif,1,Marah,Pemerintah:Blunder
dira,"pe* gaji berkali2 lipat bedanya, uang umr aja kaya uang jajan klo buat di jepang, di samain? ko bisa pikiran nya bgtu di ucapin lagi apa gk malu, 😒",-,0,Negatif,2,Marah,Mentan:Blunder
Mutiara Langit,Menterinya kurang ngopi🤣😂🤣,-,0,Negatif,5,Sarkas,Mentan:Blunder
ikashunshine🌤️,Univ mana yg lulusin itu orang 😭🙏,-,0,Negatif,5,Sarkas,Mentan:Blunder
itsmeatuw,YA ITU JEPANG ANJ,-,0,Negatif,2,Sarkas,Jepang:Anj
M.N,"Jepang gaji puluh juta perbln,indonesia gaji 700 ribu prbln pon ada,lngit dan bumi jauh nya",-,0,Negatif,1,Marah,Gaji:Kecil
Cheezymilky,yah masa lu mauu seratus ribu perkilo juga😭 nilai rupiah ajahh rendah dibanding mata uang jepang,-,0,Negatif,1,Sedih,Beras:Mahal
ᵀᵃᵐᵃʰᵃᵒ 💥,Memang goblok 😂,-,0,Negatif,2,Sarkas,Mentan:Blunder
Al Al,dia GK mikiran rakyat kecil,-,0,Negatif,2,Marah,Mentan:Blunder
vero,"mambal kejepang,",-,0,Negatif,1,Sarkas,Mentan:Blunder
Vanilaa🐊,katanya sekolah tapi otaknyaa mana? tolong dirubah pola pikirnya,-,0,Negatif,2,Sarkas,Pola Pikir:Mundur
Onbouquet.id,Yg milih dia jd dpr siapaa ha?,-,0,Negatif,2,Sarkas,Mentan:Blunder
"𝓗𝓮𝓵𝓵𝓸,𝓖𝓸𝓸𝓭 𝓑𝔂𝓮",itu DPR ISI NYA ORANG2 SEKOLAH APA KAGAK SIH. ASAL CEPLAS CEPLOS AJA ITU MULUT. OMONGAN NY G BERBOBOT KEBANYAKAN.,-,0,Negatif,1,Sarkas,Mentan:Blunder
7%,bisanya gitu doang omongannya,-,0,Negatif,5,Sarkas,Omongannya:BisanyaGituDoang
Amatir plagiat,kek gini kualitas 3 juta sehari,-,0,Negatif,2,Sarkas,Mentan:Blunder
abila's,"pantesan tunjangan beras 12juta perbulan, bandingin nya sama Jepang",-,0,Negatif,1,Marah,Mentan:Blunder
Rury_Sari,ya gak ribut gmana....wong gaji rakyat indo gak kayak jepang...kocak lu pak,-,0,Negatif,2,Marah,Harga:BerasMahal
zhend,liat umr nya kocak kocak,-,0,Negatif,2,Sarkas,UMR:Beda
Evialvis12,cape banget like komen semua komentar omongannya bener semua 🤣,-,0,Negatif,1,Sarkas,Mentan:Blunder
your_moonlight🌒,jgn hanya harga beras yg disamain. gaji rakyatnya juga disamain donggg,-,0,Negatif,2,Sarkas,Gaji:Banyak
❝᷀ົviaaa❝᷀ົ⁎⁺˳✧,malah di banding sama Jepang waduhhhh,-,0,Negatif,2,Sarkas,Jepang:Beda
Evialvis12,dia ini mikir ga si jepang naik harga berat dg nominal sgtu tapi liat dong UMR mereka ya tuhan ini ngapa anggota DrP pada pinter pinter banget si ya tuhan ..,-,0,Negatif,1,Sarkas,Mentan:Blunder
semutgula,mata uangnya aja beda kocak,-,0,Negatif,2,Sarkas,Mata Uang:Beda
n.dhiniaraa_,malu bgt malu😭,-,0,Negatif,2,Sedih,Beras:Mahal
yola afista,ini beneran di bandingin sama jepang 😭,-,0,Negatif,2,Marah,Beras:Mahal
D'Kellor,"harga beras tdk d naikkan saja msh bny rakyat yg kelaparan,,ga sanggup beli beras,,makan pakai aking,umbi2an ☹️apalagi d naikkan",-,0,Negatif,1,Sedih,Beras:Mahal
Latifah,Mentrinya asal comottttt,-,0,Negatif,5,Sarkas,Mentrinya:Blunder
🍓,lah beda coi sama pendapatan mereka😫ko bisa beliau ini dibandingkan sama negara maju😔,-,0,Negatif,2,Sedih,Beras:Mahal
siwioo6,Jepang pendapatannya berapa lu juga harus searching belajar,-,0,Negatif,2,Sarkas,Jepang:Belajar
⚡️,Planga plongo nya kliatan bgt,-,0,Negatif,2,Sarkas,Beras:Mahal
Nila Jibril19,dari segi pndapatn aj bda jauh pak,-,0,Negatif,2,Sarkas,Aspek:BedaHarga
sari,"jangan pernah bandingkan dg jepang pak, indonesia ini negara yg kayaaaa mineral, negara agraria",-,0,Negatif,5,Marah,Jepang:Beda
ashazielshop,bapa enak asal bicara kan bapa punya tunjangan beras 12jt 😂😂😂,-,0,Positif,5,Senang,Bapa:Enak
Moothy,ini serius dibandinginnya ke Jepang coy?,-,0,Negatif,5,Marah,Mentan:Blunder
areslaaaaa,bandingin sama jepang?. indonesia aja maju mundur malah bandingin sama jepang😭,-,0,Negatif,2,Sarkas,Bandingin:Mentan
who_i'm,"kalo dijepang duitnya g di korup,naik harga,duit penjualan jg dinikmati brsama masyarakat,,di habitat kita g cocok,bantuan aj dr pusat berapa nyampe ke sasaran jg brapa,trlalu banyak tikus yg menggerogoti",-,0,Negatif,2,Marah,Pemerintahan:Bungling
lovellol4,bandingkan aja kinerjamu dengan menteri di Jepang Pak Menteri🤣,-,0,Negatif,5,Sarkas,Mentan:Sarkas
Are You Okay,ko dia lolos sih jadi DPR 🗿,-,0,Negatif,2,Sarkas,Mentan:Blunder
Adamistza,"Pejabat Kita ini, ngira kalau masyarakat nya itu iQ 58. Jadi gampang di OKE GASSIN...",-,0,Negatif,1,Sarkas,Pejabat Kita:Blunder
zeuz,uang aja masih di korupsi so soan mau naiki harga jual,-,0,Negatif,1,Marah,Mentan:Blunder
maamisang,di Jepang gak ada pejabat oon model Amran,-,0,Negatif,1,Sarkas,Mentan:Blunder
rosieyy_,"rada"" keknya,ga ngoyak bgt bandingin sm jepang yang umrnya berkali"" liat dri indo🤣",-,0,Negatif,1,Sarkas,Bandingan:Beda
je🦦,"guys kasi tau kalo indonesia udah sehat yh, sy lelah melihat berita dpr dpr",-,0,Negatif,1,Sarkas,Berita:DPR
.,"keliatan banget 0 0nnya😂 di samain sama jepang,jelas jauh beda kasta 🤣",-,0,Negatif,1,Marah,Mentan:Blunder
moomo,cokk cokk,-,0,Negatif,2,Marah,Beras:Mahal
Aisah Iftiawan,betul kata bu titiek income kita sama jepang jauh berbeda 😁😁,-,0,Positif,5,Senang,Income:Beras
♈️,Jepang gaji 20juta 😩,-,0,Negatif,2,Sarkas,Gaji:Kecil
anggaofficial,DPR PEMIKIRANNYA BOCAH BANGET,-,0,Negatif,5,Marah,DPR:Bocah
Usder Hendrik Pardede,"nggak ada pemimpin yg beres sekarang ini,semakin kearah kehancuran.",-,0,Negatif,1,Marah,Pemimpin:Kehancuran
🐱minika_ka,"gaji di Jepang berapa pak, di Indonesia gaji cm UMR apa apa naik,",-,0,Negatif,2,Marah,Gaji:Beda
Takoyaki,"ya bener di japan 1000¥ sama di Indonesia Rp 100 ribu, karna Nilai mata Uangya Beda, klo di sama in sma japan berarti harga beras di Indonesia, 10 ribu sampai 15 rb /kg.",-,0,Positif,5,Senang,Aspek:Penjelasan
🕊️,"Menjeseahterakan petani, mematikan konsumen. dikiranya semua org di muka bumi pertiwini jadi petani apaaahh",-,0,Negatif,2,Marah,Pertanian:Mahal
Febri DC HNI kuamang,Kenapa mentrinya gak satupun yg beres😭🤣🤣🤣,-,0,Negatif,1,Sarkas,Mentan:Blunder
Amyy,y ampun blow on nya kebangeten lu nyamain negara lain yang gajinya tiap bulannya aj beda jpng 20-+ Indonesia brp pak hny 2 JT/3 JT ya ampun,-,0,Negatif,1,Marah,Mentan:Blunder
xoalsox.taem,Beda umr beda negara TOLONG KALIIILAHHH,-,0,Negatif,5,Marah,Beda umr beda negara:Mentan:Blunder
ree,"sumpah gue ngakak bgt pernah ada yg komen ""Ayo beliin beras 12jt buat DPR"" kek ngapain bjirr rakyat aja byk yg susah 😭",-,0,Negatif,5,Sarkas,Beras:Mahal
rEe 🧠🫀,"kasihan yg mau beli yg kurang mampu sperti aku,uang krusnya saja sdah beda pak, sini 100 ribu buat beli beras dan lauknya saja belum dpt semua nya",-,0,Negatif,1,Sedih,Beras:Mahal
Kntl,kayaknya AI?,-,0,Negatif,1,Marah,Mentan:Blunder
lo.laaa,yaudah UMR nya samain di Jepang aja😂biar ga di sama in sama Jepang (bercanda ya gaes),-,0,Positif,5,Senang,Beras:Mahal
blueskyirnina,stress stress 😭,-,0,Negatif,1,Stress,Beras:Mahal
airtropis_,atuh mikir jepeng negara maju imr mereka aja 2 digit lah indo?,-,0,Negatif,2,Sarkas,Jepang:Beda
Diah Fauziah,Indonesia di bandingkan Jepang pak😭😭jepang bebas dari korupsi lah Indonesia korupsi merajalela,-,0,Negatif,1,Marah,Jepang:Bebas Korupsi
xoxoxo,mereka lupa dengan perbandingan gaji umr jepan dan indo mungkin mereka lupa soalnya ingetnya gaji dia bukan umr,-,0,Negatif,2,Sarkas,Gaji:Kecil
Icha Kim,Kalian dpet 12jt buat beras.. ya iyalah ga ribut harga beras naik.. 😌,-,0,Positif,5,Senang,Beras:Murah
octopus,"kalau mau di bandingin sama jepang,,setarain gaji sama orang jepang dulu,,,di jepang juga jarang ada beras plastik karena di pantau trus sama pemerintah,,tolol nya ga ketolong",-,0,Negatif,2,Sarkas,Beras:Mahal
Lyn,UMR JUGA BEDA PAKKK JEPANG 100rb/JAM PAKKK /JAM,-,0,Negatif,1,Marah,UMR:Beda
Putri Nofia,Indonesia negara berkembang pak jangan dibandingkan ya,-,0,Negatif,2,Marah,Beras:Mahal
Lyd’s,KACAUUUUUU,-,0,Negatif,1,Sarkas,Mentan:Blunder
yola afista,disamain sama jepang 😭,-,0,Negatif,2,Sedih,Beras:Mahal
Mama Varel❤️,ni orang otaknya ketinggalan dimana sih 😭,-,0,Negatif,2,Sarkas,Mentan:Blunder
Sunny,model gini ko jdi menteri... 🤔🤔🤔,-,0,Negatif,1,Sarkas,Mentan:Blunder
riswandiriswandi94,salah satu untk sejathrakan petani yaiut membeli hrg beras dngn harga yg tinggi sedikit. tpi yg perlu di waspadai yaitu mafiany. mereka membeli dari petani murah lalu di jual demgn hrg mahal di rakyat,-,0,Negatif,2,Sarkas,Harga:BerasMahal
Shofi,"kyk gini dijadiin Mentri,, 😁 naikin dlu UMR Segede jepang pak,, kocak",-,0,Positif,5,Senang,Mentan:Kocak
ibobiasajaaa,gaji aja 125 ribu perhari jepang 120 perjam.😂,-,0,Positif,5,Senang,Gaji:Banyak
"SULTAN ga pake ""L""",gaji nya sama engga ko bisaaaa,-,0,Negatif,5,Sarkas,Gaji:Kecil
Kimon27,"Kocakkkkkkk, lu lihat umr di konoha",-,0,Negatif,1,Sarkas,UMR Indonesia:Mahal
Lyn,"PAKKK JUST INFO JEPANG ADA BERAS SUBSIDI BUAT SELURUH RAKYAT NYA YAAA SAYA YANG ORANG ASING AJA DAPET PAKKKK, DI INDO EMNG BISA GITU JUGA?",-,0,Negatif,2,Sarkas,Beras:Mahal
nurfuad_,kok pembanding ny setara? jepang ga tuh🤣,-,0,Negatif,2,Sarkas,Pembanding:Beda
▶️ Arjuna ◀️,kita indonesia wei,-,0,Negatif,2,Sarkas,Mentan:Blunder
bby S🌹,"kalau mau di samain sama jepang , pasilitas yang lainnya juga harus di samain pa biar adil jgn cuma hrganya aja",-,0,Negatif,2,Sarkas,Harga:Beda
Far🦋,ya allaaahh masih subuh mau memulai hari geh udah emosiiiiiii,-,0,Netral,3,Sarkas,Komentar:Mengganggu
Agam Fathul,jepang gajinya berapa blok,-,0,Negatif,5,Sarkas,Gaji:Kecil
Yaaaaaaaaaaaa,Dibandingin sama jepang yang UMRnya 10x lipat dari konoha🤣,-,0,Negatif,5,Sarkas,UMR:Beda
Mama Zain,aduh d samain sm jepang🤣pndapatan kita jauh beda😭,-,0,Negatif,1,Marah,Mentan:Blunder
Shabira Albery,biji mata mu empuk pakkkkk🤣🤣🤣,-,0,Netral,5,Sarkas,Biji Mata Mu Empuk:Amusing
ayuuirmaagatha,"bandingin sm Jepang 😭, Jepang gaji gede bapake ya allah 😭",-,0,Negatif,1,Sarkas,Jepang:Kecil
Jingga JR,"Oon sumpah ini orang, gila hormat ini orang",-,0,Negatif,2,Marah,Mentan:Blunder
🌞 3 dara 😘😘😘,ancen mentrine TK pikir Ra masuk akal kabeh kok,-,0,Negatif,2,Sarkas,Mentan:Blunder
Syamsiiiiiii,Yaudah upah kerja juga naikin 3jt perhari,-,0,Negatif,2,Sarkas,UMR:Beda
Baltimore El Barnum,udah yappingnya?,-,0,Negatif,2,Sarkas,Mentan:Blunder
Putu jegeg,"bingung banget tiba"" bandingin sama jepang 😭",-,0,Negatif,1,Sarkas,Jepang:Beda
Iw,"kok bisa jadi mentri ya Allah, merdeka hanya untuk mereka yg kaya",-,0,Negatif,1,Marah,Mentan:Blunder
ifa,DPR kok kagak ada yg bener yaa otaknya dimana si,-,0,Negatif,1,Marah,DPR:Blunder
Alfazyan harahab🎫,Pak penghasilan d jepang prjam jja 100k bhkan lbih dkita prjam 10k yya beda jauh pak,-,0,Negatif,1,Sarkas,Gaji:BedaJauh
ikaa27,maaf Pak mukanya mirip pengamen yang lewat depan rumah yang maksa maksa minta duit,-,0,Negatif,2,Sarkas,Mentan:Blunder
zzu,gaji UMR nya aja beda jir,-,0,Negatif,2,Sarkas,Gaji:Kecil
sayangmu,MASIH PAGI WOY,-,0,Netral,3,Sarkas,Komentar:Mengganggu
Ekha Eka,cubo bgwe ngeliat dulu mang😂😂,-,0,Netral,3,Sarkas,Komentar:Bingung
dodikHermawan92,jepang pak....😅😅😅 orang kayak gini kok bisa jadi DPR,-,0,Negatif,2,Sarkas,Jepang:Blunder
ersyaa,petani jepang sama indonesia jauh beda boy harga sembako naik semua warga jepang dan wni dpat bantuan dari pemerintah nyaa gblokk😏,-,0,Negatif,2,Sarkas,Beras:Mahal
Aprilia pejuang HATI,":ka tolong bantu donasi bayi saya, sakit kelainan hatiampedu, harus segera operasi, ade butuh dusu pempes🙏",-,0,Positif,5,Senang,Bantuan:Bahagia
Bajayo,"Bapak ini orang pintarrrrr, tapi sayaaang minim empati karena gak pernah lihat tetangganya sulit beli beras👹👹",-,0,Negatif,2,Sarkas,Mentan:Minim Empati
Amalia Febrianty Saputri,Coba gaji nya naik nya setara sama jepangg dong pakkk,-,0,Negatif,2,Sarkas,Gaji:Kecil
Mukhlis 48,otaknya di mana pak,-,0,Negatif,2,Sarkas,Otaknya:Blunder
T U T S U D I 亗,Bandinginnya kok sama negara maju😅 kocak,-,0,Negatif,2,Sarkas,Bandinginnya:BerasMahal
user001983775899,"Kualitas beras, umr jepang beda, gabisa disamain ujang",-,0,Negatif,5,Marah,UMR Indonesia:BedaDenganJepang
Nur Rio215,jpang cari krja ny mudah gjih nyh jga gde ga sprti D Indonesia cari krja susah kke ente mh org org bnyk duiit mw 500 rb jga 1 kg bras gbrsa bos,-,0,Negatif,1,Sarkas,Mentan:Blunder
fiiiiiy-,@fiiiiiy-:gabisa pak beras e wes bedo rasane 😂😂 Umr jepang 30jt umr Kabupaten Pelosok Indonesia 3Jt pak perbulan .. samean kok menyamakan sama gaji dpr ngeh mesti leres,-,0,Negatif,1,Marah,Mentan:Blunder
trisnahtri3,Weh cek gaji jepang . Ihhhh esmosi pagi2 😭,-,0,Negatif,2,Sarkas,Gaji:Kecil
sStarla 🌈🌟,LHA ELU BERAS AJA KITA TANGGUNG,-,0,Negatif,2,Marah,Beras:Mahal
pisces,jepang duitnya udh berlebih wajar beras sekilo 100 ribu 😏 ingin ku berkata kasar,-,0,Negatif,1,Marah,Jepang:BedaHarga
ayuu,gpp sih 100 ribu perkilo asalkan gajian petani jangan 100 ribu perhari 🤣🤣🤣🤣,-,0,Positif,5,Senang,Gaji:Kecil
keyyiko1,Gpp bgt ko harga beras 100rb tp naikin juga ya umr nya sama kaya jepang,-,0,Negatif,2,Marah,Harga:Beras:Mahal
"Unoo, Kobe , churo & Pablo",gak usah disama2in sm negara lain lah.. situ ngmg enak org dpt tunjangan beras 12jt 😂😂😂,-,0,Positif,5,Senang,Beras:Murah
Awing_ear,ni hayang nyiduhan ANJ,-,0,Negatif,2,Sarkas,Mentan:Blunder
Momisanas,Indonesia negara Maju mundur maju mundur Syantik mundur lagi mundur lagiii🥺🥺🥺,-,0,Negatif,2,Sarkas,Mentan:Blunder
nutellaas🍫🍩,@cikayy makin kesini makin makin nih orang,-,0,Negatif,2,Sarkas,Beras:Mahal
NoNa,umr jepang 30 juta. lha disini umr 1 juta 700🤣,-,0,Negatif,1,Marah,UMR Indonesia:BedaDenganJepang
Dr.Ayi,"1 Yen = berapa rupiah pak ? I/ca kita berapa pak ? UMP ,Indonesia berapa pak ? TIDAK BISA BANDINGKAN dg JEPANG Negara Berkembang VS negara maju Literasi ilmu Ekonominya pak mentri perlu ditingkatkan.",-,0,Negatif,5,Marah,Mentan:Blunder
puji Lestari,gapapa beras 100.000 perkilo asal gaji kita 100jt perbulan minimal 75jt perbulan,-,0,Negatif,1,Marah,Gaji:Kecil
@Za🧋,Sekolah Lulusan opo wong iki😅,-,0,Negatif,2,Sarkas,Beras:Mahal
IMAM,klo gaji rata'ny sm ya 200rb jg gua beli jirr,-,0,Negatif,2,Sarkas,Gaji:Kecil
¥ann🖤,pak pak ngelawak amat sh woi di Jepang harga segitu juga UMR nya besar lah di Konoha semuanya naik trus tapi UMR nya sgtu sgtu aja pikiran luh dimana.,-,0,Negatif,1,Sarkas,Mentan:Blunder
arista Rizki,perasaan pembantu pembantu pak prabowo ini semuanya kl ngomong pasti nyakiti hati rakyat..,-,0,Negatif,1,Marah,Mentan:Blunder
magenta,sampe gak bisa ngomong apa2 lagi,-,0,Negatif,1,Marah,Mentan:Blunder
bonbon,"kalo ingin sama ya minimal gaji jg samakan lahh pak,suka nya banding2 kan dg negara lain tp lupa negara sendiri kindisi seperti apa,apa anda tdk pernah melihat masyarakat k bawah",-,0,Negatif,2,Marah,Beras:Mahal
Dusk,"ya jepang juga ngasih makan rakyatnya kayak ngasih makan dpr, hidup di masa depan terjamin! lah lo? hidup keluarga lo yg terjamin!",-,0,Positif,5,Senang,Jepang:Dukungan
Rrrratu,"ya udah naikin UMR indo jg pak 20 jt perbulan gmn????.. beras nya yg Naik 100rb per kg sebulan hbis 3 jtan biaya beras, brrti msih ada sisa 17 jt buat keperluan lain bakal aman sihhh ... gak akan ribut🤣",-,0,Positif,5,Senang,Beras:Mahal
딸기 🍓🍓🍓,Yaudah kalo gtu gajih bisa gak samain sama jepang?????????????????? Dia 100 rbu/ kg gajihnya juga gedee 😩 menjerittt ini emak emak,-,0,Negatif,1,Marah,Mentan:Blunder
Zade Ciamis,gabah nya dri petani nya beli mahal di japan. konoha beras naik gabah murah lol,-,0,Negatif,2,Sarkas,Beras:Mahal
P,Baru bgn udah dibikin muak sma ni org,-,0,Negatif,2,Sarkas,Mentan:Blunder
Afifaaa 𐙚,o0n bgt,-,0,Negatif,2,Sarkas,Beras:Mahal
wasweswos,mentri pada tolol2 🤔,-,0,Negatif,1,Sarkas,Mentan:Tolol2
user3530123399475,bedalah UMR jepang,-,0,Negatif,2,Marah,UMR:Mahal
Prita,KALAU GAJINYA KEK LU PADA JUGA MAU PAK ☺️😒,-,0,Negatif,1,Sarkas,Gaji:Kecil
ES,"mau di bandingkan sama jepang??oke,,,bbm?sdm?korupsi?gaji pejabat?harga lain"" nya?",-,0,Negatif,2,Sarkas,Jepang:BedaDenganUMRIndonesia
mahesa mahadewa,kiteeee makan mie Aj pke nasi woyyy,-,0,Netral,0,Sarkas,Komentar:Bingung
🥰 Arumi Nabila 🥰,laaaahh jangan sama kan Ama jepang pak di jepang mah rakyatnya di sejahtera kan pak,-,0,Negatif,5,Marah,Mentan:Blunder
Fionaaa,apa2 dibandingkan ke luar negeri...gpp beras 100rb/kg kayak dijepang...tapi gaji jangan umr 3jt...kasihlah gaji minimal 50jt/bln buat smua buruh,-,0,Negatif,2,Marah,Gaji:Kecil
bocil jr,"temenku kerja di jepang di kebun gajinya 40 jt per bulan, coba di sini berapa?",-,0,Negatif,2,Sarkas,Gaji:Kecil
cy,negara maju yang pendapat masyarakat nya 20 - 30jt an perbulan di bandingin sama indo ya jelas beda jauh 🤣,-,0,Negatif,5,Sarkas,UMR Indonesia:BedaDenganJepang
teteh kampung,atuuhhhhh penghasilaaannnn gebeda jauuhhh tanah ka langit😭😭😭,-,0,Negatif,1,Sedih,Beras:Mahal
single mom,jangan disamakan dgn negara luar yg maju...Indonesia kan rakyatnya makin terpuruk...dasar oon,-,0,Negatif,5,Marah,Mentan:Blunder
carcar,"sumpah ini yg milih siapa si kabinetnya, kacau semua.",-,0,Negatif,1,Marah,Kabinet:Blunder
Irwan A,bubar,-,0,Negatif,1,Marah,Mentan:BedaHarga
vietha zoe,indo ojo kok padakne jepang pak.. jauuhhh🤭🤭,-,0,Negatif,5,Marah,Mentan:Blunder
baba,gua gak ngerti sii pungsi dan manfaat DPR🥺,-,0,Negatif,2,Sarkas,DPR:KurangJelas
mehwaarra,idiot bangeeeeett si paaak,-,0,Negatif,1,Sarkas,Mentan:Blunder
Aquarius♒,ijin bapak. niat bapak baik. hanya saja coba di pikirkan lagi. kalo hanya untuk kesejahtraan petani bapak bisa menurunkan harga pupuk.soal nya org tua saya juga petani. harga pupuk mahal dan pupuk supsidipun kadang tidak terbagi rata.,-,0,Positif,4,Senang,Niat Mentan:Baik
Sutikno,gila mentri2 jaman sekarang ini,-,0,Negatif,2,Sarkas,Mentan:Blunder
Ummay Mayaa,bandingin sama jepang 😩,-,0,Negatif,2,Sarkas,Bandingan:Malah
ririnrismawati,omongan yang duitnya digajih sama rakyat,-,0,Negatif,2,Sarkas,Omongan:Mengeluh
Santi Nur Fauza,heeeiiii pak upah kerja pirooo bolooooooooo,-,0,Netral,3,Sarkas,Pak Upah Kerja Pirooo Bolooooooooo:Netral
cupcake🧁✨,"asal njeplak aje lu pak, elu mah enak perkara beras aja ditanggung negara... lah rakyat lu mau makan aja kudu kerja keras banting tulang pak",-,0,Negatif,5,Marah,Mentan:Blunder
Wege,udh pada di atas kok malah pada dongo ya,-,0,Negatif,2,Sarkas,Beras:Mahal
.,terus bagaimana jika gaji para buruh di setara kan sama jepang setuju gak,-,0,Negatif,2,Marah,Gaji:Beda
bude74,jepang mah negara makmur bapaaa..... indonesia makin kesini makin susah rakyatnya merasakan kemakmuran kecuali anggota DPR yg gajinya gede tunjangan gede...,-,0,Negatif,1,Marah,Jepang:Beda
haomei,,-,0,Negatif,2,Marah,Harga:Beras:Mahal
gita,gaji aja ga sma masa beras pengen sma?mau bikin orang indonesia mati kelaparan,-,0,Negatif,1,Marah,Beras:Mahal
Dapoer Cengek,ahh iye mah urg nu usaha ge 100rb mah dek loba puasa. komo nu te usaha. sok 100. semua gampang pekerjaan tidak dibatasi umur gajina ngikut jepang.,-,0,Negatif,1,Sarkas,UMR Indonesia:BedaDenganJepang
Emi,agak laen,-,0,Negatif,1,Marah,Mentan:Blunder
4.20,goblok ah😫,-,0,Negatif,1,Sarkas,Mentan:Blunder
dfhrt..,bandingin dulu tu umr ind sama jepang sinkron ndak?,-,0,Negatif,5,Sarkas,Banding:Kritik
julyymop,DPR D nya apa teman2?,-,0,Negatif,2,Sarkas,DPR D:Curious
RickyDL,😂╭╮╱╱╭━━━━┳╮╱╱╱🤣 😂┃┃╱╱┃╭╮╭╮┃┃╱╱╱🤣 😂┃┃╱╱┃╭━━╮┃┃╱╱╱🤣 😂┃┃╱╭┫┃┃┃┃┃┃╱╭╮🤣 😂┃╰━╯┃╰━━╯┃╰━╯┃🤣 😂╰━━━┻━━━━┻━━━╯🤣,-,0,Negatif,5,Marah,Mentan:Blunder
lafelala,"meskipun gtu jepang gsjiny tinggi, sdgkn indo?",-,0,Negatif,2,Sarkas,Jepang:Beda
Alken,pendapatan kita beda jauh sm jepang pak 😂,-,0,Negatif,2,Sarkas,UMR Indonesia:BedaJauh
BAHAGIAKU,jepang GAJI nya udah berapa paaaaaaaaa !!!!!,-,0,Negatif,5,Sarkas,Gaji:Kecil
Ny. Lutfan,tpi UMR ikutin Jepang donk pak... bisakah...,-,0,Negatif,2,Marah,UMR:BedaDenganJepang
AntikaAlni0606,beras 100rb/kg penghasilan tapi kecil,-,0,Negatif,2,Sarkas,Beras:Mahal
nayla Wijaya,mikir woy Jepang negara sejahtera..,-,0,Negatif,2,Sarkas,Jepang:Kecil
milk_shake,yg di jaga apa pak? tunjangan bapakk gt?,-,0,Negatif,2,Sarkas,Mentan:Blunder
now o never,Ngomong apa gak mikir dlu jepang di bandingin sama indo dari segi gaji aja udah beda jauh,-,0,Negatif,2,Marah,Jepang:BedaGaji
duabelasdesember,dia mau sama samainn sama jepang?? serius? jepang dan indo beda banget anj🤣,-,0,Negatif,5,Marah,Mentan:Blunder
apaaja🎋,lawakk yaa punya mentri giniii😳,-,0,Negatif,2,Sarkas,Mentan:Blunder
ahmadsollehin08,"woi jgn banding kan sama japang,banding kan cukup sama Malaysia ahahaah",-,0,Positif,5,Senang,Aspek:Beras:Mahal
umi anisah,indo bandingin sma Jepang jauhhhhhh pakkkk,-,0,Negatif,2,Marah,Bandingan:Beda
🧸,heh heh heh jangan samain sama jepang disana umr aja berkali2 lipat nya kita g mikir apa tu manusia,-,0,Negatif,1,Marah,Mentan:Blunder
miftahJ94,aku yakin mentrinya gak pernah bertani,-,0,Negatif,2,Sarkas,Mentan:Blunder
ekarafa,kamu pikir semua pengahasilan orang itu sama masih banyak yang kelaparan d luar sana gara gara ga bisa beli beras,-,0,Negatif,2,Sedih,Beras:Mahal
ika,"Jepang beras 100rb sekilo itu bagus asli pulen wangi berasnya ,disini beras jg bnyk di oplos ,",-,0,Positif,5,Senang,Beras:Bagus
_Alkaaaa,UMR jepang sama indo beda DPR apalahhh,-,0,Negatif,1,Marah,UMR:Bedasalahhh
izzaww🐾🐚🧚,harga mau kaya jepang sedangkan penghasilan sekelas zimbabwe,-,0,Negatif,5,Marah,Penghasilan:Berkurang
𝐓𝐞𝐡 𝐘𝐚𝐭𝐢⁰¹🌊pangandaran,pa Indonesia bnyak bngt pengangguran trus pake apa beli berasnya😭😭,-,0,Negatif,2,Sedih,Beras:Mahal
rehan,petani aja jual panennan padi nya aja murah,-,0,Negatif,2,Sarkas,Beras:Mahal
leviianarki,makin kocakk gini dpr indo,-,0,Negatif,1,Marah,Mentan:Blunder
tantripinandita,sebel bgt knapa sih pada pinter dikit donk 😏,-,0,Negatif,2,Sarkas,Mentan:Blunder
cze🕷️,bandingin juga dong UMR Jepang sama Indo,-,0,Negatif,2,Marah,Bandingan:Kritik
adiss ye,nauzubillahhimindalik,-,0,Negatif,2,Marah,Beras:Mahal
Hey,"Kalau UMRnya kaya jepang juga ngapain kita berisik pak, kenapa sih pejabat skrg kaya pd gak jalan analytical thinkingnya",-,0,Negatif,5,Sarkas,Mentan:Blunder
yssndre,wkkwkw anying pejabat tolol semua buset,-,0,Negatif,1,Sarkas,Pejabat:Blunder
anggianggraini656,dih mending w dah yg jd anggota dpr😳,-,0,Negatif,2,Sarkas,Mentan:Blunder
Papananaaa,gpp kalo UMR nya ikut jepang juga 🤣,-,0,Positif,5,Senang,UMR:Bisa
Novita Nur wahyuni,jepang gaji udah 20jt keatas disini masih 3jt aja pak 🤣🤣 gimana dong?,-,0,Negatif,5,Marah,Gaji:Kecil
Kamu Nanya,bang coba bandigin juga pemerintah jepang dan Indonesia,-,0,Negatif,2,Sarkas,Pemerintah:Blunder
dhewwy Padi_PONOROGO,jannnn due mentriii og pekok erammm😁,-,0,Negatif,2,Sarkas,Mentan:Blunder
Mr.Crabs,ngapa dpr makin kemari makin tolol ya,-,0,Negatif,2,Sarkas,DPR:MakinTolol
"""AA""","lah kok bandingin sama Jepang, dengarkan suara rakyat yg ngk mampu",-,0,Negatif,2,Marah,Bandingan:Kritik
Eleanor,Lawak. Sebelum ngomong riset dulu. Gaji orang di jepang perbulan 20jt ke atas. Lah orang Indonesia perbulan umr aja rata rata 2jt. Bagaikan langit dan bumi. Pikirin juga rakyat di bawah. Anda kira semua gaji orang indonesia 2jt. Di jepang pajak yg di bayar rakyat teralokasikan dengan baik ke rakyat. Lah di Indonesia pajak yg di bayar di tilep sama pejabat. Anda penjabat enak ngomong karna gaji anda 10jt ke atas wajar anda bisa ngomong begitu. Coba gaji anda di bawah 2jt. Pasti anda juga ribut di berikan kebijakan ngawur kayak gitu. バカやろ,-,0,Negatif,5,Marah,"Gaji:Kecil,Mentan:Blunder"
HaTiTyy,ada saja gebrakannya padaan tiap hari 🙂,-,0,Negatif,2,Sarkas,Beras:Mahal
luvvv lalaaaa🙆,KOCAK BET INI CO UMR AJA BEDA😭,-,0,Negatif,1,Marah,Beras:Mahal
Put✨,"bandingin mah sama negara berkembang, malah dibandingkan sama negara maju😭🙏",-,0,Negatif,2,Sarkas,Bandingan:MalahDibandingkan
Purjianto1104yanto,Indonesia jangan samakan dengan negara maju,-,0,Negatif,5,Marah,Mentan:Blunder
nayzira,"org jepang kaya pak kmi Indonesia kadang makn kadang GK, jgn dibandingkan pak.",-,0,Negatif,5,Sarkas,Jepang:KomentarTidakSetuju
AZZAR ZAIN NEW,"beras dr petani murah,masuk ke toko jadi mahal,krna di sawah g ada yg nanam padi,rata2 diganti tebu",-,0,Negatif,2,Sarkas,Beras:Mahal
deactivee,ngang ngong ngang ngongggggggg,-,0,Negatif,1,Sarkas,Beras:Mahal
Lulu Hulyatul Jamilah,boloho emang si amang eta mah,-,0,Negatif,5,Sarkas,Mentan:Boloho
Arina,bisa2nya di samain sama jepang pak ehhh,-,0,Negatif,2,Sarkas,Mentan:Blunder
mondrop,gaji di jepang berapa di indo brpa masa mau disamain,-,0,Negatif,2,Sarkas,Gaji:Beda
MADA,"niat baik pk amran juga baik,,petani biar senang klo gabah dan beras mahal..",-,0,Positif,5,Senang,Niat:Baik
alexaaaja,BOLOHO IHH😭,-,0,Negatif,1,Sarkas,Mentan:Blunder
erlitaaaa,cape banget jujur,-,0,Negatif,2,Sarkas,Mentan:Blunder
Fahmi,"Jepang gajinya besar pak , makanya kita ribut .😄",-,0,Positif,5,Senang,Jepang:Keren
masrusmali8@gmail.com,"Knp ga dijual ke Jepang? Kurangnya bisa beli dari Vietnam & Thailand, lebih murah.",-,0,Positif,4,Senang,Beras:Murah
Intan leee,"ijazahnya asli apa beli si ni orang,",-,0,Negatif,5,Sarkas,Ijazahnya:KurangPercaya
umiwww,lah kalo gaji gua 45jt/bulan mo naik 100rb ge gue jabanin,-,0,Negatif,1,Marah,Gaji:Kecil
アディ・クン,jauh amat bandingin ma jepang jir😂😂,-,0,Negatif,2,Sarkas,Bandingin:Menghujat
Ara,jepang gajine 1bulan piro pak? mbok di pikir tekan kono😭,-,0,Negatif,1,Sarkas,Jepang:Kecil
Yusuf A.,beda UMR,-,0,Negatif,1,Marah,UMR:Beda
Yusuf A.,beda kualitas.,-,0,Negatif,1,Sarkas,Beda Kualitas:Mahal
Yoga Van_Belt,jakarta 100 ribu perhari beras 100 ribu perliter,-,0,Negatif,1,Marah,Beras:Mahal
Cindiayuprasastiii,UMR e bedo cok,-,0,Negatif,2,Marah,UMR:Beda
Sun_DelL,"klo urusan barang naik aj di bnding²kan sma ngra lain, tp klo urusan menyejahterakan rakyat mendadak amnesia,, hasyu",-,0,Negatif,2,Sarkas,Mentan:Blunder
CulizCyo,ya kalau rakyatnya itu minim gajinya 60 jeti pak,-,0,Negatif,2,Sarkas,Gaji:Kecil
Sunyi,kalo pa mentri gaji 3jt perhari jelas mampu.. kalo kita rakyat biasa hanya 3jt/bulan.. bahkan ada yg dibawah itu. gimana bisa membandingkan dg negara jepang yg sudah maju..,-,0,Negatif,1,Marah,Gaji:Kecil
NXPmaskii,bisalah bapak ini di mutasi ke jepang aja,-,0,Negatif,2,Sarkas,Mentan:Blunder
Bagas_Pithit,minimal punya akal 🙌,-,0,Negatif,1,Marah,Mentan:Blunder
Neophyte,"Jangan disamain sama jepang cok!!, Umrnya beda",-,0,Negatif,2,Marah,Jepang:Beda
Moh Endra,"lu enak pak dapat tunjangan beras 12 jt atw 1 ton sebulan,tp rakyat harus kerja keras dulu buat beli beras,mending bapa sekolah TK lg aja",-,0,Negatif,2,Marah,Beras:Mahal
Mochi Kimchi💖,Malu uy,-,0,Negatif,2,Sarkas,Mentan:Blunder
si.eri,ngomong pada gapake otak anj😭😭😭,-,0,Negatif,1,Sarkas,Mentan:Blunder
yellow.peachy🍑,mana bisa disamain sama jepang 😭😭 gaji mereka juga umr merata kesemua pekerjaan,-,0,Negatif,1,Marah,Jepang:BedaUMR
Aurienn3,@Amat @WOW,-,0,Negatif,1,Marah,Beras:Mahal
Sir Andreus,"Masalahnya kalian pengen beras murah tapi presiden kalian pengen harga gabah jadi mahal, nah lu coba pikir lagi deh beras itu bahan baku nya apa? Padi kan, yaudah kalo berasnya mau murah padinya gausah di kasih standar harga standar harga yang tinggi dan malah jadi ngerusak harga pasaran, matematika sederhana kayak gini aja ga rakyat ga presiden nya sama sama kagak bisa😹😹😹",-,0,Negatif,5,Sarkas,Beras:Mahal
duahehe,"umr jepang berapa paaakkk, haduuuu",-,0,Negatif,1,Sarkas,UMR Jepang:Mahal
user5963409683767,mungkin otaknya dh macet kali y ni pak mentri.. ko d bndingin ma jepang 🥴,-,0,Negatif,1,Sarkas,Mentan:Blunder
L,Pak Prabowo bisa ga sih milih karyawan yg pinter,-,0,Negatif,1,Sarkas,Pak Prabowo:Kecil
HIDAYATTOKO27,jangan kau samakan negara jepang sama indonesia..jepang negara tertip aturan..Indonesia tertip korupsinya boss,-,0,Negatif,2,Marah,Mentan:Blunder
Aku Selo,nyamain jepang ...😔😔😔🙃,-,0,Negatif,2,Sarkas,Jepang:Beda
Mayash,Kemarin aja yang ngakunya premium di oplos pak 😭 gmn kalau dimahalin,-,0,Negatif,1,Sarkas,Mentan:Blunder
Quuen97,"sementara dpr di kasii tunjangan beras..kita"" pada beulii apa gak gilaa",-,0,Negatif,2,Sarkas,Mentan:Blunder
Gilang Kurniawan,"pak² punya mulut asal ngomong aja. Gaji aja beda jauh, ini malah mau disamain. hadeh..🤣",-,0,Negatif,2,Sarkas,Mentan:Blunder
DK86 PROJECT,"sumpah menteri kek gini amat... yang naik cuma berasnya doang bambang,,,gabahnya di petani rendah....",-,0,Negatif,2,Marah,Mentan:Blunder
rosaherdi2025,UMR NYA SETARAIN SAMA JEPANG JUGA DONG. DONGO😭🤣,-,0,Negatif,5,Sarkas,UMR:Malah
putra bukan puter💮,"ni dpr dri kemaren pada dongo"" ni sekolah ngak sibenaenya",-,0,Negatif,2,Sarkas,Mentan:Blunder
Cari apa?,pemerintah nya tolol🗿,-,0,Negatif,1,Marah,Pemerintah:Blunder
ILHAM HONDA BATANG,mentri2nya kek gini semua apa ya,-,0,Negatif,2,Sarkas,Mentan:Blunder
agus_puji,@Rina rahma646,-,0,Negatif,2,Marah,Harga:BerasMahal
Tik Toker,11 12 semua menteri Prabowo.. dungunya bikin analog,-,0,Negatif,2,Sarkas,Mentan:Blunder
Suci_Maru,Ganti jadi gen z aja dah biar bener,-,0,Negatif,2,Sarkas,Ganti:Beda
dindaazwahanakamila,ee... 15rb aja rakyat kw bnyk ngk mkn babi,-,0,Negatif,1,Sarkas,UMR Indonesia:Babi
alfina.rsdt,wes raiso berkata kata aku😭,-,0,Negatif,2,Sarkas,Beras:Mahal
minggnon.sher,mana kmrin yg kata wakil dpr kita tolol noh ini lebih tolol,-,0,Negatif,1,Marah,Mentan:Blunder
keinagetakiss,hei gaji umr aja cm 3 juta anj,-,0,Negatif,2,Marah,Gaji:Beda
hi'sasa🍒,otak e dimn?,-,0,Negatif,1,Sarkas,Mentan:Blunder
Acep Ahmad,sakarepmu wae pak...,-,0,Negatif,2,Sarkas,Mentan:Blunder
Andr'e,jir,-,0,Negatif,2,Marah,Beras:Mahal
angg,gelut lah jg aing,-,0,Negatif,2,Sarkas,Beras:Mahal
?,"maksudnya yg mau beli beras100ribu perkilo ,kw jepang",-,0,Negatif,1,Sarkas,Mentan:Blunder
assss,ko dibandiingin jepang UMR brapa...😡😡😡😡😡,-,0,Negatif,1,Marah,Mentan:Blunder
Roxxa,paaaaaakk.. Jepang negara maju... Indonesia negara maju munduur🙄🙄🙄,-,0,Negatif,1,Sarkas,Jepang:KomentarTidakLogis
ughik,kok bisa si pak membandingkan indo dengan jepang,-,0,Negatif,2,Sarkas,Mentan:Blunder
Ayy 💋,weuh otak an 😭,-,0,Negatif,1,Sarkas,Mentan:Blunder
Goplank22,"membandingkan kok dengan jepang,dari segi penghasilan saja sudah berbeda sangat jauh lawak2 amran 😅",-,0,Negatif,2,Sarkas,Aspek:Beras:Mahal
Agdaliany Marlaut,lu riset yang bener napa.. lu anggaran riset milyaran masa hasil nya kaya riset anak TK 😂😂 gak ada berkelasnya banget si sebagai DPR 😏,-,0,Negatif,2,Sarkas,Riset:Beda
bara,bro mengira gaji kita semua sama dgn DPR & para mentri,-,0,Negatif,2,Sarkas,Gaji:Kecil
Binna.,Mentri pertanian 😭,-,0,Negatif,2,Marah,Mentan:Blunder
Miftachul Jannah1302,goblo* banget ya DPR . UMR aja beda begooo begoooo,-,0,Negatif,1,Marah,DPR:Blunder
jesiyem,"jepang UMR banyak bang,la kita gaji 2juta bisa apa coyyy bisa payleter biar bongko",-,0,Negatif,1,Sarkas,UMR:Kecil
sari,"anggota dpr ini lulusan apa sih , hal sederhana saja orang Jepang itu nasi bukan makanan utama , mereka sehari g makan nasi g masalah bpk dpr yg terhormat 😆 masak gtu aja g tau",-,0,Negatif,1,Sarkas,Mentan:Blunder
🍉,"Klo ngomong dipikir-pikir dulu pak ngapain disamain sama jepang indonesia pasti kalah jauhlah,pejabat-pejabat disana gk ada yg mau makan uang rakyat klo diindonesia kn beda biarin rakyatnya sengsara yg penting pejabat-pejabatnya hidup senang",-,0,Negatif,1,Marah,Mentan:Blunder
Utari Dyah356,lawakkk🤣,-,0,Negatif,2,Sarkas,Beras:Mahal
Sigittarius,"amran udah ngga makan nasi dia,,makanya ngelantur ngomongnya,,nasi udah ganti sama JANGKRIK jadi gacor gitu ngkmongnya🤣",-,0,Negatif,2,Sarkas,Mentan:Blunder
pluviophile🔮,dungu,-,0,Negatif,1,Marah,Mentan:Blunder
Senoparty,"yauda. UMR kita samain sama gaji DPR, janji rakyat ga marah marah lagi. adil?",-,0,Positif,4,Senang,UMR:Besar
kodok,disamaaiin sama jepang 😭,-,0,Negatif,2,Marah,Beras:Mahal
xgdhfh,ya boleh siihh 100rb perkilo juga asal pendapatan rakyat indo juga 30jt perbulan,-,0,Negatif,2,Sarkas,Pendapatan rakyat indo:Kecil
Ay,jepang sudah 100rb perkilo hahahahha,-,0,Negatif,1,Sarkas,Jepang:Mahal
°•🍂 lyrn🍂•°,kok pada gobl*k ya semua ini DPR?? 😮‍💨,-,0,Negatif,5,Marah,DPR:Blunder
AdityaCS,astaghfirullah gaji suami cmn cukup buat beli beras gk pake lauk kalau gini,-,0,Negatif,5,Marah,Gaji:Kecil
ALIKAKEITHNA,pada enak bgt yaa itu mulutnya 🤣,-,0,Positif,5,Senang,Mulutnya:Enak
Astrid Verika Paramita,jgn di samain loh pak.. beli beras 5kg aja mikir2 loh. UMR aja beda loh.. naik sedikit ribut yaa jelas pak.,-,0,Positif,4,Senang,UMR:Beda
Binna.,"umr jepang 30jt UMR indo 3jt, 9blok",-,0,Negatif,1,Marah,UMR:Kecil
Om Nosa,"astaghfirullah..., apa harus di bandingkan dengan Jepan, mereka yg blom merasakan keadaan rakyat saat ini wajar bisa ngomong apa aja, ijin maaf kk🙏🙏",-,0,Negatif,2,Marah,Mentan:Blunder
rahmann7777,UMR di Indonesia timur 3 jutaan sekian aja,-,0,Negatif,1,Marah,UMR:BedaDenganJepang
sitirahma1942,Naikin gajihh sama jepang pak 😁,-,0,Positif,5,Senang,Gaji:Kecil
💜ستي عائشة💜,pak Jepang pendapatannya di atas UMR pak.. di Indonesia kadang kerja kandang nganggur 🤦🏻‍♀️🤦🏻‍♀️,-,0,Negatif,2,Marah,Mentan:Blunder
ci moets,Naha make nyaruakeun Jeung jepang anjaii.,-,0,Negatif,1,Sarkas,Mentan:Blunder
asey,aku sbgai petani 😌 moga aja naik harga padi nya...sialnya harga yg lain naik ...sdangkan padi gitu2 aja.,-,0,Negatif,2,Sarkas,Harga:BerasMahal
Pinka,Umr samakan jepang dong.,-,0,Negatif,2,Sarkas,UMR:Malah
anto,"eh gobl*k jngan samakan jepang sma kita , gaji umr aja dibawah mereka, tulul pda😏",-,0,Negatif,5,Marah,Jepang:Beda
spongeboob,harga gabah turun harga beras naik 🥺,-,0,Positif,5,Senang,Harga Gabah:Turun
dianaecelaluetcab,gila bedain Indonesia sama Jepang.. ayam aja ketawa dengernya😂😂😂😭,-,0,Negatif,2,Marah,Beras:Mahal
Feby Febriyanti Utami,Ya samain Gaji kita sm JEPANG 😭😭🫵🏻🫵🏻 pengen bandingin sama jepang yg beras 100rb/kg. tp gajii rakyat 2-4jt. bahkan banyak yg dibawah 1jt😭🫵🏻 udah stres.,-,0,Negatif,1,Marah,Gaji:Kecil
jellyfish,ngelantur nih dpr,-,0,Negatif,2,Sarkas,Mentan:Blunder
𝒜𝓁𝒻𝒶𝓇𝒾𝓏𝓎,80% export dengan harga yang lebih tinggi 20% untuk rakyat dengan alasan beras sulit dan harga pun naik,-,0,Negatif,2,Marah,Harga:BerasMahal
Nchek44,pekerja jepang umr brp pekerja indonesia umr brp dya ngk liat itu kx yaaa,-,0,Negatif,1,Marah,UMR Indonesia:Kecil
Shafiraaa,Peaa🙃,-,0,Negatif,2,Sarkas,Beras:Mahal
Silviaaa,"lieur lah pak,, 😳😳",-,0,Negatif,1,Sarkas,Mentan:Blunder
noonna❀,"Pak kalo anda bisa buat negara ini semaju jepang, bolehlah anda pidato begitu🗿",-,0,Negatif,1,Marah,Mentan:Blunder
@Alenk260,memang ini sudah disetel biar rakyat pda emosi dan melwan ujung2 nya dibentrokan dgn pol pp polisi sudah pasti akan baku hantam dengan rakyat,-,0,Negatif,1,Marah,Mentan:Blunder
ney.,Allahuakbar!! Ini gimana ngasih taunya sih?! 😭😭😭,-,0,Negatif,5,Sedih,Beras:Mahal
🤏,umr juga beda pak,-,0,Negatif,2,Sarkas,UMR:Beda
DEDE PHANG,Woee jangan kau bandingkan dgn jepang .buka matamu lebar lebar apa rakyat kita,-,0,Negatif,5,Marah,Bandingkan:Mentan
nay,otaknya gak nyampek🤣,-,0,Negatif,1,Sarkas,Otaknya:GakNyampek
sams tortoise,"beda Indonesia negara mundur banyak utang, jepang negara maju dia gajinya gede negaranya mau maju dari pemerintah sama rakyat sedangkan negara kita ngak dukung rakyat buat jadi negara maju beda jauh",-,0,Negatif,5,Marah,Pemerintah:Blunder
Azam10,Lah dia mlh bandingn sma Jepang ya jauh coi heran ko bisa org bego bisa jdi wakil pjabat,-,0,Negatif,1,Sarkas,Mentan:Blunder
Ristinasari,gpp beras naik 100 rbu perkuliahan yg penting..... gajihny sama kyk di Jepang.... 10/15 jt perbulan... pantasan beras ditmpat ku 5 kg 98 rbu..... biasanya 75/80,-,0,Negatif,2,Sarkas,Beras:Mahal
Melias29,gaa mikir kah?,-,0,Negatif,2,Sarkas,Beras:Mahal
wiencuex,para pegawai pabrik buruh swasta lainya gaji di naikkn 10 jt baru d samakan dengn negara jepang ...lah ini negara gaji umr aja ada yg 2jt ...dpr o2n,-,0,Negatif,1,Marah,Gaji:Kecil
Bim✓,bodo kali ni mentri,-,0,Negatif,2,Marah,Mentan:Bodo
Siburian Bon,"Dia gak tau,,menteri Jepang mengundurkan diri karena beras.",-,0,Negatif,2,Sarkas,Mentan:Blunder
pluto,dibandingkan dengan jepang? lah gaji kerja di jepang berapa woii.. d bandingkan dengan indonesia gaji 2-3jt per bulan🤣,-,0,Negatif,2,Sarkas,Gaji:Kecil
Ahmad rifaldi95,Agak lain juga ternyata bapak ini😂,-,0,Negatif,2,Sarkas,Mentan:Blunder
Ndutyyy,jepang GK onok korupsi anj,-,0,Negatif,2,Sarkas,Jepang:Korupsi
revaadch💔,"Dijepang ga dikorupsii pak?aman sentosa lapangan kerja banyakk,gajih udh di atas rata2 lah ini????????",-,0,Negatif,1,Marah,Jepang:KurangFair
ahmad,pelayanan yang diberi di indo sama gak sama di jepang,-,0,Negatif,2,Sarkas,Pelayanan:Netral
Sky Queensha,bubarin dpr nya percuma lu mau presidennya anies ganjar atau prabowo ya kalo dpr nya mereka tetep aja bikin rakyat melarat,-,0,Negatif,1,Marah,DPR:BikinRakyatMelarat
itsme.Novi🇮🇩,Ini orang ngelawak apa gimna 😭 bisa2nya di bandingkan sama Jepang 😭 umr Jateng aja gk sampe 3 jt bos,-,0,Negatif,2,Marah,Beras:Mahal
DANI KENDALL,"Mengurangi kemiskinan , karena orang miskin sudah meninggal",-,0,Negatif,5,Sarkas,UMR Indonesia:Mahal
Farock Ramdani,"Bisa jadi menteri, semuanya naik pak, tapi gaji g naik naik.",-,0,Negatif,2,Sarkas,Mentan:Blunder
Aara,iya jepang umr ny brp pak?? astaga,-,0,Negatif,1,Marah,Jepang:BedaUMR
ekabe,jepang naik segitu tp pendapatannya tinggi oyy,-,0,Positif,4,Senang,Jepang:DapatDiBandingkan
TalktToFar,baru mau komen bu titik langsung jawab😭,-,0,Negatif,1,Marah,Mentan:Blunder
sheana,"masa gaji Indonesia 3jt sebulan , Jepang udah 20 jt loh, gitu aja ribut pa",-,0,Negatif,2,Sarkas,Gaji:Kecil
𝐓𝐫𝐢𝐬𝐭𝐚𝐧,"Gak logis secara logika, jepang negara maju mereka pun tidak terlalu ber tergantung sama beras, sedangka Indonesia makanan pokok sehari-hari nasi, jepang negara maju dan mata uang sama Indonesia jauh berbeda",-,0,Negatif,5,Marah,Beras:Mahal
liemthinker,jepang sudah sejahtera lol,-,0,Positif,5,Senang,Jepang:Sejahtera
sweet,"kocak bgt sih pak bandinginnya sama Jepang, klw UMR nya sama kayak Jepang sih ga masalah ya",-,0,Negatif,2,Sarkas,Bandingan:Beda
Cindo1295,lebih ke berkembang sih ngembang terosss glinding mundur,-,0,Negatif,2,Sarkas,Beras:Mahal
Lifebuoy,ngipi ye,-,0,Negatif,2,Sarkas,Beras:Mahal
yoe- herman,ngomong yg penting ❌ yg penting ngomong ✅,-,0,Negatif,1,Marah,Mentan:Blunder
pall4774,udha tau kan iq mentri di indonesia,-,0,Negatif,1,Sarkas,Mentan:Blunder
__Americano__,sebelum ngomong harusnya di pikir dulu pk brp gaji UMR di negara kita hadeh nih menteri nglawak aj,-,0,Negatif,1,Marah,Mentan:Blunder
Azizah,astaghfirullah 😭,-,0,Negatif,1,Sedih,Beras:Mahal
git,Yaudah umr sm ky jepang ya pak,-,0,Negatif,2,Sarkas,Mentan:Blunder
b3mby,klo umr kita sm ky jepang jg gpp anj,-,0,Negatif,2,Sarkas,UMR:Mahal
rare.things✨,"duhh gausa banding""in dehh, keuangan negara lu ini ga sebaik jepang",-,0,Negatif,5,Marah,Beras:Mahal
iwak kembung,disana gaji puluhan juta pak ..disini gaji 3 juga sudh ngos ngosan kerjane pak ..jnggn disamakan ..mohon pencerahannya,-,0,Negatif,2,Marah,Gaji:Kecil
Serena,Bedaaaaa lah masah mau ngikutin jepan🤣🤣,-,0,Positif,5,Senang,Jepang:DapatDiBandingkan
SaniSer,pak UMRnya naikin sama kaya jepan dong,-,0,Negatif,2,Sarkas,UMR:Malah
Huzain_699,coba ekonomi nya bandingkan dengan jepang,-,0,Negatif,2,Sarkas,Eonomi:Beda
Cindo1295,"Hoeeee gajinya samain kaya Jepang dulu yukkk, Tapi Anda jangan Ribut 😊😊😊😊",-,0,Positif,5,Senang,Gaji:Banyak
Aliena👽,"kalau gaji gua perhari 3 juta sih gua gak akan protes. UMR juga di naikin, jangan bahan pangan doang yang dinaikin mulu.",-,0,Positif,4,Senang,Gaji:Banyak
🇭🇰BAILEYS🍓🧁🏳️‍🌈🦂,Jepang pendapatan nya berapa pak umr nya🤣,-,0,Positif,5,Senang,Jepang:Keren
sylvester,"oon, malu ih😭",-,0,Negatif,2,Sarkas,Beras:Mahal
n🪐,YA MASALAHNYA GAJI SEGINI SEMUAAAAAA DINAIKKAN,-,0,Negatif,2,Sarkas,Gaji:Kecil
gwdim_,"mau sejahtera in petani tu bukan naikin harga berasmya, tapi kasih mereka subsidi pupuk dan pestisida harganya mahal mahal tuh, kasih juga sistem/teknologi buat membantu di sektor pertanian sama jangan ada pengepul beras yg memberikan harga ke petani di bawah harga pasar",-,0,Positif,5,Senang,Sistem/Teknologi:Pertanian
kuning telur,beda Jepang mahal krna ga ada yang menanam bro klo ada pling minum Indonesia banyak trus guna kalian kasih bntuan ke petani bukan di korupsi,-,0,Negatif,5,Sarkas,Mentan:Blunder
DeWie Fatmawati,selalu kurang paham kalau liat orang pinter ngomong,-,0,Negatif,5,Sarkas,Mentan:Blunder
YUZENI2,jepang lapangan pekerjaan buanyaaak..rakyatnya rata2 bekerja...jd pajak mau naik harga beras melambung ea tetap aman,-,0,Negatif,2,Sarkas,Jepang:Kegiatan
lindawatiaja3.,"iya dia bisa ngomng gt krna tunjangan berasnya gede,GK kyk rkyat hrus Sush payah cri uang untuk beli beras,,",-,0,Negatif,2,Sarkas,Tunjangan:Besar
Bull98,naik teruss,-,0,Negatif,1,Marah,Mentan:Blunder
𝗮𝗯𝗶🪐🍰,"kalau mau seimbangin jepang, kesejahteraan nya imbangin juga dong kocak ngomong nya",-,0,Negatif,2,Sarkas,Mentan:Blunder
Wanpis,"pejabat pejabat kita pada tolol semua ahk mls nagapin nya, UMR nya ajah 30 juta kalo di indo 4 jt ahk kocak bapak siapa nih",-,0,Negatif,1,Marah,Mentan:Blunder
taehyung,"pantas santai beras naik, orang tunjangan beras BPK 12 jt..btw itu rakyat yg nanggung pak",-,0,Negatif,1,Marah,Mentan:Blunder
far,pakkkkk gaji sama kebutuhan balapaan ga sesuai pak beda sama gaji bapaaa😭,-,0,Negatif,1,Sedih,Gaji:Beda
Umriyahs Mii,ohh pantesan tunjangan beras 12jt perbulan.. mungkin harga beras negara luar x ya..,-,0,Positif,4,Senang,Tunjangan:Beras
Agus An,"gimana negara mau maju kalok mentrinya konslet,",-,0,Negatif,2,Sarkas,Mentan:Konslet
sptyn,maluuuu mentan indo begini wkwk haduh sedih bgt,-,0,Negatif,1,Sedih,Mentan:Blunder
Srisyahputra95,sadar g kita berada di jajah negara sendiri,-,0,Negatif,2,Sarkas,Mentan:Blunder
Luluk Aziza,zedeng💨,-,0,Negatif,2,Marah,Harga:Beras:Mahal
rhkt1401,lah inflasi nya jugaa bedaa cok,-,0,Negatif,2,Sarkas,Inflasi:Beda
Chngf😋🤏🏼,Kocak di samain sama jepang 😭😭😭😭,-,0,Negatif,2,Sarkas,Beras:Mahal
MarryMeCurtin🖤,gausah jauh2 deh. singapur yg gapunya lahan buat nanem padi paling mahal sekilo 12k dan umrnya jauh banget dari indo,-,0,Negatif,2,Marah,Beras:Mahal
@pencinta kopi tampa gula97,awak skolah ap gak pak indonesia bukn negara maju,-,0,Negatif,2,Sarkas,Mentan:Blunder
❁ridaaa_cantikkkk❁,dia ngmong dipikir dulu apa ngga sih?,-,0,Negatif,2,Sarkas,Mentan:Blunder
be_strong,"Dia bedain apel dengan rambutan,,, kejauhan",-,0,Negatif,2,Sarkas,Jepang:NotComparable
bunda Ines,"di Jepang Masi banyak kerjaan di Indonesia pabrik2 PD bangkrut jangan membandingkan harga bahan pokok sama negara2 lain ... coba kalau di Indonesia banyak lapangan kerja,, pasti rakyat makmur..... pemimpin kok gak bisa melihat banyak pengangguran",-,0,Negatif,2,Marah,Mentan:Blunder
✞ঔৣ𝙅𝙊𝘿𝙔 ঔৣ✞,"hubungannya sama jepang apa ???.di Amerika beras ngak laku pak,jangan beras di impor trus di jual mahal di Indonesia,beras Indonesia aja beli udahh membantu rakyat hadehh",-,0,Negatif,5,Marah,Impor:Beras:Mahal
sptyn,"kmrn dpr dongo fyp gw skrg mentan, keknya butuh tes akademik emang orang2 ini, mana gaji nya gede banget. gasesuai, isin banget.",-,0,Negatif,1,Sarkas,Mentan:Blunder
AdityA_HaMdi,jepang 10KG 1 JUTA ANJJ😭. berhenti aja makan nasi 🙂,-,0,Negatif,5,Sarkas,Jepang:BedaHarga
badai,betul bu,-,0,Negatif,2,Marah,Beras:Mahal
Andang@FFilieteFYP,beras e jepang bedo pak!! 😅,-,0,Positif,5,Senang,Beras:Bedo
wajid,Jepang berapa penghasilannya masyarakatnya. dan Indonesia berapa. ... 😏,-,0,Negatif,2,Sarkas,Jepang:BedaPenghasilan
Ria Mariana,jangan samakan dgn jepang negara indonesia banyak yg miskin kadang makan kadang tdk situ enak,-,0,Negatif,1,Marah,Beras:Mahal
sam.,DEY BISING LA!,-,0,Negatif,2,Marah,Beras:Mahal
Shio_Naga ♒,"pak jangan berasnya aja naik,UMR naikin juga.apa mau buat kita beli njiirrr nyusahin masyarakat aja.kalian sejahtera kita mati berdiri",-,0,Negatif,1,Marah,UMR:Besar
b.,"jepaang udah maju paaak, sedangkan kita? maju kagak, mundur? BANGETTT",-,0,Negatif,1,Marah,Jepang:Beda
Rita,jepang gajinya gede pak indo gaji seiprit harga kebutuhan gak masuk akal,-,0,Negatif,1,Marah,Gaji:Kecil
hshg,di samain sama jepang samain junga lah penghasilanya,-,0,Negatif,5,Marah,Mentan:Blunder
dzakiyah,kesejahteraan nya beda pak,-,0,Negatif,2,Sarkas,Kesejahteraan:Beda
Darkgombest,"jepang memang hebat, sapinya aja makan rumput jepang😂",-,0,Positif,5,Senang,Jepang:Hebat
Natanael,"pindah aja kau kejepang jadi rakyat biasa ya,",-,0,Negatif,1,Sarkas,Mentan:Blunder
Vio🍀,Dari segi UMK setiap daerah aja beda pak sama jepang 🙂🙏🏻,-,0,Positif,4,Senang,UMK:BedaPakSamaJepang
Yati Zakaria,di samain dg jepang .otaknya kemana,-,0,Negatif,1,Sarkas,Otaknya:Kemana
Muhammad Rafli321,sarappppppp,-,0,Negatif,1,Sarkas,Beras:Mahal
NiaSofiana,"Jpn negaara maju,UMR DI NEGARA KITA 2jt rata"" lah jpn 20 jt ,wajar 100/kg lah kita konoha 2 jt beli beras /kg 100 mau makan apa??? Beras saja??? Menyri kok dong*",-,0,Negatif,1,Marah,Beras:Mahal
user50047659502022,mentri 8390,-,0,Negatif,1,Marah,Mentan:Blunder
Gusmang,"woee pk, jangan samakan dengan Jepang, di Jepang karyawan nya sebulan bisa gaji nya 20 ke atas, lah kita sebulan cuma 3 juta 🗿",-,0,Negatif,2,Marah,Beras:Mahal
momogessy04,cuma cari pembelaan diri sendiri biar uang jatah sama beras GK d kurangin,-,0,Negatif,2,Sarkas,Pembelaan Diri:Beda
user5675124157211,"di Indonesia 100 ribu perkilo, Banyak yang mati Rakyatnya",-,0,Negatif,1,Marah,Beras:Mahal
belitaaaaaas,DPR mikirnya semua masyarakat gajinya sama kaya gaji dia,-,0,Negatif,1,Sarkas,Gaji:Kecil
Rahmad irfan Hanafi,@yayasabdillah_ @suamiarofah,-,0,Negatif,1,Marah,Mentan:Blunder
Supiansyah,jepang gajinya aja rata² di atas 50 juta🗿,-,0,Negatif,2,Sarkas,Gaji:BedaDenganBeras
iwanridwan12935,hay hay di bandingkan dengan jepang.. pada goblok ni pejabat.,-,0,Negatif,2,Sarkas,Pejabat:Goblok
andtiwww,dongo pisan eta gusti😭,-,0,Negatif,2,Sedih,Beras:Mahal
SHACMAN.TSINGSHAN,naik 200 rb juga tidak masalah yang terpenting gaji juga harus di naikan dong,-,0,Positif,4,Senang,Gaji:Ditingkatkan
afiefa GNR,makin dirumitkan sama mereka mereka 🤨,-,0,Negatif,1,Sarkas,Mentan:Blunder
adsan,Woooo.... malu besar,-,0,Negatif,2,Sarkas,Mentan:Blunder
Taurus,sadar gk itu mentri ngomongnya,-,0,Negatif,1,Sarkas,Mentan:Blunder
Susi Song,😂😂😂 jauh bgt banding nya coba banding kan dgn Malaysia itu tetangga dr pasilitas kesehatan barang jauh lbh murah n gaji lbh besar 🤭,-,0,Positif,5,Senang,Banding:Logis
Moms Putry Shannon,makin kesni makin ksna para pejabat dpr or mentri kok kyk g*bl*k y klo ngomong...hmmmm,-,0,Negatif,1,Sarkas,Pejabat:DalamKonteks
SUKATEHKOTAK,lah kocaggg,-,0,Negatif,1,Sarkas,Beras:Mahal
SuperRYANZZZ,Ngomong dulu baru mikir😂😂 “iyak betul”,-,0,Negatif,2,Sarkas,Mentan:Sarkas
Bachtiar,menterine jg omon²...yg penting kerja nyatamu pak..jgn suka omong doang,-,0,Negatif,2,Sarkas,Mentan:Blunder
fia fia,"boleh pk janji gaji nya sama dgn jepang, , lama2geram saya kamu ,",-,0,Negatif,1,Marah,Mentan:Blunder
ma'e boboho,😂😂😂,-,0,Negatif,2,Sarkas,Beras:Mahal
Adventureace,"yang punya duit banyak enak, beli beras mahal juga, orang miskin boro"" beli beras,buat sehari"" aja kita mikir",-,0,Negatif,2,Sarkas,Beras:Mahal
pangeran kodok,jepang negara makmur pajak juga buat keperluan rakyat lah diindo pajaknya dimakan wakil rakyat🫢🙏🏼,-,0,Negatif,2,Sarkas,Pajak:Beda
gloria,pikirane ki piye,-,0,Negatif,1,Marah,Mentan:Blunder
Meldeims,gaji pokoknya aja beda pak ah elah 😬,-,0,Negatif,2,Sarkas,Gaji:Kecil
Mr. Kim,"woi amran, income beda, kwalitas pejabat beda, yg jelas JEPANG, KORUPTORNYA TDK SEPARAH PEJABAT INDONESIA. YG BUAT MAHAL ITU PEMERINTAH YG GA BECUS MENGENDALIKAN HARGA DN MENGENDALIKAN TENGKULAK, IMPORTIR, MAFIA",-,0,Negatif,1,Marah,Pemerintahan:Blunder
rnggsptra__,tapi pak gaji kuli dijepang 20jt😭,-,0,Positif,5,Senang,Gaji:Besar
_rynfb,"bubarin DPR ganti yg bener "" mikirin rakyat 😏",-,0,Negatif,2,Sarkas,DPR:Bubarin
Betrix Aprilia Devi,"pak, kalau kita dapat tunjangan beras 12jt mah nggak akan ribut",-,0,Positif,5,Senang,Tunjangan:Beras
RXGaleri3,"satu kata aja GOBLOK pendapatan gk sebanding dgn harga kebutuhan,, tolol gini kok ikut rapat",-,0,Negatif,1,Marah,Mentan:Blunder
walid,enak ya ngomong nya mantep amat pa,-,0,Negatif,2,Sarkas,Mentan:Blunder
karni,"indonesia negara subur ,sua sembada pangan ,gatel",-,0,Negatif,2,Sarkas,Beras:Mahal
I One,katanya suda swasembada beras tapi garga beras naik terus..kirain lo mentri paling top eh ternyata sama saja,-,0,Negatif,2,Sarkas,Mentan:Blunder
manusia,"kalo gaji ku 3 juta per hari, ""sekali lagi 3 JUTA PER HARI "" beras 500 rb per kg juga gue beli anjir 😏",-,0,Positif,5,Senang,Gaji:Kecil; Beras:Murah
RULL🥶,Ai sekarang luar biasa Biasakan jgn nonton potongan aja nontonlah dari awal,-,0,Negatif,2,Sarkas,Mentan:Blunder
S,anjir di bandingin ama negara maju kocag😹,-,0,Negatif,2,Sarkas,Bandingan:Malah
botolyakult🍭,logika nya gak jalan nih si monyt,-,0,Negatif,1,Sarkas,Logika:Mengkhawatirkan
beal,toy,-,0,Negatif,1,Marah,Mentan:Blunder
Erni Ayu,bandingin sama jepang. kocak bgt. woii jepang UMR nya gedeeeeeeee .. lucu juga ni orang,-,0,Positif,5,Senang,Jepang:Lucu
bukan agus yg itu 🙏🤘,tamatan apA orang ini😂😂😂,-,0,Negatif,2,Sarkas,Mentan:Blunder
GamerGeologistArtist,Ya samain lah gajinya juga,-,0,Negatif,2,Sarkas,Gaji:Kecil
Astrophile,dpr isinya kek gini?,-,0,Negatif,1,Sarkas,DPR:Kek
riqriqsyariqshop18,jepang magang aja 15jt😂😂😂😂,-,0,Positif,5,Senang,Jepang:Magang
RULL🥶,bersosial medialah dengan bijak ya adik2,-,0,Negatif,1,Marah,Mentan:BedaHarga
My_Tsukasa✨,""" jepang sudah 100 ribu per kilo"" eh kucay lu urus dlu noh nilai inflasi, malah ngurusin gaji 3 JT per hari",-,0,Negatif,1,Sarkas,Mentan:Blunder
Ⅎ,"Pak, kita ga mau di sama2 in",-,0,Negatif,1,Marah,Mentan:Blunder
gurslion💫,ini siapa sih yg pilih gua sebodoh itu kah sampe diwakilan modelan begini🙏😡,-,0,Negatif,1,Sarkas,Mentan:Blunder
Faqih,beda bos jepang negara maju,-,0,Negatif,5,Marah,Jepang:Beda
Franky Lewowerang,LOGIKA BERFIKIRNYA RUSAAKKK TOTAALLL..🤗,-,0,Negatif,5,Sarkas,LOGIKA BERFIKIRNYA:Blunder
🥤,STRESSS SEMUA STRESSS😭😭😭😭😭😭😭😭😭,-,0,Negatif,1,Sarkas,Mentan:Blunder
🥤,JAUH ANJ JAUHH ATUH AI DIBANDINGKEUN JEUNG JEPANG MAH😭😭,-,0,Negatif,5,Marah,Beras:Mahal
Dimas Panjaitan,mereka di Jepang seimbang.sama gajinya,-,0,Negatif,2,Sarkas,Gaji:Kecil
Kim.dhef01,kok nyamain sama jepang si dari pendapatan aja udah beda njir terus mata uang nya juga beda udah tau rupiah melemah kalo di bandingin sama mata uang jepang dasar mentri peaa 😭,-,0,Negatif,1,Marah,Mentan:Blunder
z,lah bandingin sama jepang kocak yang notabennya UMR di negara tsb lebih tinggi daripada Indo,-,0,Negatif,2,Sarkas,Bandingan:Beda
trionotriono727,"jepang mkn beras pke sumpit bos,,satu centong bisa setengah hari memakanya,,la kita pake tangan,sewakul sekali mkn bos",-,0,Negatif,5,Sarkas,Jepang:BedaHarga
ojos,giliran pajak boleh di bandingkan dengan luar...giliran pasilitas pejabat boleh di bandingkan 😁...giliran harga sembako tidak boleh...giliran pendapatan/gajih masyarakat tidak boleh😅....,-,0,Negatif,1,Sarkas,Harga Sembako:TidakFair
AnggiRK,pa jepang 1kg 100rb brapa gaji jepang? gausah bandingin sama indo udah kek langit dan bumi😭😭,-,0,Negatif,2,Sarkas,Jepang:BedaDenganIndo
Luthfia@@@@,😂😂😂 lawak pak pak... bandingkan gaji disana dan di sini,-,0,Positif,5,Senang,Gaji:Kecil
sambas,jepang beras mahal umr tinggi 😂.,-,0,Negatif,2,Sarkas,Beras:Mahal
eftychíaclaes,STRES,-,0,Negatif,1,Marah,Beras:Mahal
Serenity 28_,"12 juta anggaran beras, y g ada rasax d bapak. kita yg d bawah ngerasain",-,0,Negatif,1,Marah,Mentan:Blunder
Maji,yang gw tanya gaji jepang dan indo jauh banget njir cuman yang bisa banding gaji jepang cuman DPR doang,-,0,Negatif,1,Sarkas,Gaji:Kecil
caa,mereka lulusan mana sii??😭ko bisa lulus,-,0,Negatif,2,Sarkas,Mentan:Blunder
adarashoop07,"mon maap pak, jepang penghasilannya bisa puluhan juta/bulan, lah indonesia rakyat nya aja yg mau dapet 2jt/bulan udah sangat susah, lihatlah rakyat kecil ANJJ",-,0,Negatif,5,Marah,Beras:Mahal
noy,"di jepang gaji sebulan paling rendah udh puluh an juta,di konoha berapa,jauh beda pk.",-,0,Negatif,1,Marah,Mentan:Blunder
poni cels,Jepang UMR nya aja berapa kali lipat dari indo anj😭 walaupun 100k/kg juga,-,0,Negatif,1,Marah,Jepang:BedaUMR
lin ᥫ᭡,samain anj gajinya sama tingkat pemerintahanya,-,0,Negatif,2,Sarkas,Gaji:Kecil
Sebutir Debu,"jangan samakan jepang ama kanoha 😂 tau kan biaya hidup jepang lebih maju... UMR nya jauhhhhhh coyyyy, naikan UMR rakyat baru bicara bapakkk",-,0,Negatif,5,Marah,Mentan:Blunder
Aida,UMR jepang brp pak?,-,0,Negatif,1,Marah,UMR Jepang:Kecil
Kamila Muhtar,indonesia kalau 100 rb per kg gaji aja gak UMR,-,0,Negatif,2,Sarkas,Gaji:Kecil
Yoelhykook💜🍀,elu bnyak duit enak ngomong bgtu🙄,-,0,Negatif,2,Sarkas,Mentan:Blunder
seiga_28,pak dari pendapatan per kapita aja Daha kalah masa mau ngebandingin nilai uang juga,-,0,Negatif,2,Sarkas,Pendapatan:Kecil
Yoel25,"otak menteri nya 1,2 kb",-,0,Negatif,1,Sarkas,Mentan:Blunder
ce`🍉🌻,"emil be like : ""udah omong kosong nya"" 🥰",-,0,Negatif,5,Sarkas,Mentan:Blunder
🌏🍀,Udah boleh pensiun parah mentri sekarang pikiran udh error mending anak mudah pikiran luas,-,0,Negatif,2,Sarkas,Mentan:Blunder
777.🇯🇲🇯🇲🇯🇲,gini aja deh intinya gaji umr nya beda,-,0,Negatif,2,Sarkas,Gaji:Kecil
khaerulanam5669,kenapa orang seperti ini hidup di indonesia...😂😂😂,-,0,Negatif,1,Sarkas,Orang:Menghakimi
nurarohman,pendapatan beda pak Indonesia sama jepang harga jangan samain pak,-,0,Negatif,2,Marah,Harga:BedaPak
AIKHO_min🐱🐼💜,umr mu ae seje ambk jepang😭😭,-,0,Negatif,2,Sedih,Beras:Mahal
pekerjaan serabutan,iso2 ne bandingin jepang,-,0,Negatif,2,Sarkas,Beras:Mahal
user624096033186,mau dibikin tambah sengsara apa gmna si anj😔,-,0,Negatif,2,Sedih,Beras:Mahal
𝓐𝓷𝓰𝓰𝓮𝓻,"mabok tuh orang ya,, lagi make kyaknya😂",-,0,Negatif,2,Sarkas,Mentan:Sarkas
Dias,gaji umr nya beda pak kocak🤣🤣,-,0,Negatif,2,Sarkas,Gaji:Kecil
Hilwa Food,wahduh logikanya amburadul,-,0,Negatif,2,Sarkas,Logika:Bulat
putrilokaaa,Gaji di jepang sepadan pak! Nyamain sama negara maju😭,-,0,Positif,5,Senang,Gaji:DapatDiterima
Nadiapangestika,goblog😭,-,0,Negatif,2,Sarkas,Beras:Mahal
𝓐𝓷𝓰𝓰𝓮𝓻,"UMR Jepang 20 jt tolol ada yaa, pejabat tidak punya otak gini aduhhh",-,0,Negatif,1,Marah,Mentan:Blunder
bale,goblok banget 😭,-,0,Negatif,1,Marah,Mentan:Blunder
onetubles,bp semuanya dijamin negara😡,-,0,Negatif,2,Marah,Mentan:Blunder
🅱️,"Konoha gajinya di samakan jepang biar nggak ribut goblok, bisa nggak",-,0,Negatif,1,Sarkas,Gaji:Kecil
Nozel O500R,Prabowo gak salah . Yang salah yang milih 😂 mentri nya pinter kabeh,-,0,Negatif,5,Sarkas,Mentan:Blunder
🥰🥰🥰,loe enak ngomongnya .krna gk pernah merasakan yg namanya beli beras😩 secara kaliankan dapat jatah tunjangan beras🙄,-,0,Negatif,1,Kecewa,Beras:Mahal
Dina Widodo,heh bapk mau banding konoha ama negara jepang! makanya suru temen² bapak jgn korup biar bisa maju kek jempang,-,0,Negatif,2,Sarkas,Mentan:Korup
AzlanAswad,"Indonesia d bandingkan Jepang... coba liat gaji"".a org Jepang pada tinggi"" sedangkan Indonesia gaji.a rendah"" bhkn d daerahku pegawai toko bju ajah sebulan gji.a 550 rbu",-,0,Negatif,1,Marah,Gaji:Kecil
unknown,lolot,-,0,Negatif,2,Sarkas,Beras:Mahal
Riani,Aduh kok bisa jadi mentri?????,-,0,Negatif,1,Marah,Mentan:Blunder
pengrajin hati,pak2 harga beras di indonesia 15 ribu la umr cuma 2 juta di tempat q....la jepang gaji rata2 lebih dri 15 juta ........beda jauh pak umr ..kita ama je,-,0,Negatif,1,Marah,Mentan:Blunder
bung malaka,sekelas menteri otak nya kek gini🥱🥱,-,0,Negatif,1,Sarkas,Mentan:Blunder
mitmit🌻,Dipikir dulu kalo ngucap,-,0,Negatif,1,Sarkas,Mentan:Blunder
Husni,"naikan harga beras pa, biar petani sejahtra dan kaya raya",-,0,Positif,5,Senang,Beras:Bahagia
dnmvss,negara mundur disamain sama negara maju 😆,-,0,Negatif,2,Sarkas,Negara:Mundur
Lis,Duuuh... si bp. bandingkan negara yg maju. kesejahteraan. 😇😇😇,-,0,Negatif,2,Sarkas,Beras:Mahal
M nya dua,giliran rakyat protes lu ga Terima kalo mau di setara kan sma Jepang ya semuanya dong jangan soal beras aja.. 12 jt sebulan untuk beras doang lu makan pake nasi Berlapis emas rakyat 12 juta untuk beras ckup. berbulan2 bahkan tahunan..,-,0,Negatif,5,Marah,Beras:Mahal
De bara,klau ngomong gak di saring dlu nih orang,-,0,Negatif,1,Sarkas,Mentan:Blunder
𝒥𝑒𝒹𝓎,bandingin indo sama jepang?????,-,0,Negatif,2,Sarkas,Bandingin:Mahal
Syndi,kalok bandinging itu ya di lihat pak . yg logika aja yg setara,-,0,Negatif,2,Sarkas,Bandinging:Beda
p,"paaakkkk 100 rb/kg banyak warga menengah ke bawah yang kaga kuat beli, pilihannya cuma mati",-,0,Negatif,1,Marah,Beras:Mahal
디아나사리,lah dijepang Gaji tinggi Indonesia gaji nga seberapa tpi bahan pokok naik apa² naik,-,0,Negatif,1,Marah,Gaji:Kecil
Niu22,tolong jangan samakan dengan jepang,-,0,Negatif,2,Marah,Jepang:Beda
🍟,mereka ini punya ot4k ngga si? yg dipikirin duit duit duit mulu serakah bgt deh heran,-,0,Negatif,1,Sarkas,Mentan:Blunder
Juleha Come back 😎,kalau gitu gaji kami sesuaikan kaya di jepang juga,-,0,Negatif,2,Sarkas,Gaji:Kecil
maddddd,"pea nih orang,,",-,0,Negatif,2,Sarkas,Mentan:Blunder
dr.Auleeyyy,Gambaran kwalitas pemerintah kita saat ini 💔,-,0,Negatif,1,Marah,Pemerintah:Blunder
Ed Priant,love buat ibu😍.. to. lol bgt org uni ajj,-,0,Netral,3,Sarkas,Beras:Mahal
Lung Lung,"pakkk bapak kan,gak tau gimana rasanya nyari duit beli beras,karna beras bapak kami yang beliin😒",-,0,Negatif,2,Marah,Beras:Mahal
💞 ⃝⃪Sιитα вαωєℓℓ᭄🍃,"ya ampun di bilang ribut 😳😳,,lah bapa kan pintar ,, masa gak ngerti sih penderitaan rakyatnya",-,0,Negatif,1,Marah,Mentan:Bodoh
Wanzys,anying di samain ama jepang gatuh dongo bat asli😹,-,0,Negatif,2,Sarkas,Beras:Mahal
dodit,jepang nilai uangnya gak semahal uang rupiah...,-,0,Negatif,2,Sarkas,Jepang:BedaHarga
Mirra♒🧜🏻‍♀️🔱,ni orang sekolah gk sihh dulu 😩,-,0,Negatif,5,Sarkas,Orang:MentanBlunder
🍁,emang Jepang sedikit lowongan kerja?,-,0,Negatif,2,Sarkas,Jepang:LowonganKerja
M!n=inochi,"😳 woe jangan mbele mbele pak,,Jepang tu bangsanya sejahtra negara pekerja,semua rakyatnya punya penghasilan diatas rata2,gaji mereka setahun bisa beli mobil kerja lima tahun udah bisa bangun rumah,,la kita kerja dari awal sampai tewas penghasilannya lebih besar ke pajak biaya kelakuan hidup yg tinggi",-,0,Negatif,1,Marah,Jepang:Kegagalan
Naga150✅,klo mau naikkan sembako boleh2 saja tapi UMR juga naikkan signifikan. biar para buruh menikmati kesejahtraan.,-,0,Positif,5,Senang,UMR:Besar
ansa.belle,bisa nya ngebandingin ama negara lain tuh yg gini nya aja... bandingkan tuh kelebihan n sistem negara luar yg udah baik..aneh pemerintah slalu bandingkan ny dgn kekurangan/sisi buruk negara lain...bandingkan pak gaji org kita dgn jepang..yg deket aja dgn malaysia deh..tuh bandingkan jg hrga bensin n pajak nya jauh lbh murah di negara tetangga...heran!,-,0,Negatif,5,Marah,Pemerintah:Blunder
Leo,Biarin besar harganya kaya di jpg juga asal gajih nya juga sama kek org2 kerja di jpg eeeeee,-,0,Negatif,1,Sarkas,Harga:Besar
marlugapasgort,"pak jepang Mentri mentrinya kerjanya bagus,ot4k pake",-,0,Positif,5,Senang,Pak Jepang:Mentri yang bagus
Yus_0505,Dongo betul,-,0,Negatif,2,Marah,Beras:Mahal
Anggi,"gaji lu udh bisa beli beras per kg 100rb, apalagi lu ada tunjangan beras 😒. lah rakyat. mikir gaa sihhh pakkkkk.",-,0,Negatif,5,Sarkas,Gaji:Kecil;Mentan:Blunder
ButuhHidayahhh,UMR KITA SAMA JEPANG BEDA.. MINIMAL RAKYATNYA NGERASAIN UMR YG SAMA KYA D JEPANG KLO MAU BIAYA HIDUPNYA DISAMAIN SAMA JEPANG.,-,0,Negatif,1,Marah,UMR:Beda
kucing miaw miaw,ettt ngapa pada blunder sih,-,0,Negatif,2,Sarkas,Beras:Mahal
Budiasa Bali tourservice,Aduh aduh aduh😁😁😁😁 mungkin gaji jepang perbulan 18 upp 🫣,-,0,Positif,5,Senang,Gaji:Besar
@David_tsianida,"enak bgt ya... beda pak, jepang sama indo... kenapa ya sekarang pejabat, menteri sekarang terlihat tidak pintar... cm bisa asal ngomong aja",-,0,Negatif,2,Sarkas,Mentan:Blunder
Susilo Pradita,orang gblk juga tau kalo dia .......🤭,-,0,Negatif,1,Sarkas,Mentan:Blunder
black coffee,makin kesini makin ngaco 😆,-,0,Negatif,5,Sarkas,Beras:MakinNgaco
@@,jepang tidak ada masyarakat nya yg menderita,-,0,Negatif,2,Sarkas,Jepang:TidakAppleToApple
Sogol_87,mentri model opo ngniki.,-,0,Negatif,1,Sarkas,Mentan:Blunder
Onge,maluuu,-,0,Negatif,2,Marah,Beras:Mahal
betha tomaluweng,jepang harga 100ribu /kilo....gajinya berapa pak???? lapangan kerja di sana macam mana pak???? Indonesia beras yg cuman 15/kilo banyak yg kerja mati2an ngumpul duit dari seribu rupiah ...,-,0,Negatif,1,Marah,Beras:Mahal
𝘀𝗺𝗶•people,masalahnya gajih di jepang jga beda.. hukum korupsi juga beda tod. klo mau disamain knpa ga disamain juga cara menghukum korupsi hayo,-,0,Negatif,2,Sarkas,Jepang:Berbeda
Alvaro_Rehan_Pratama,"ngomong apa pak, gaji di sana lebih gede di banding konoha",-,0,Negatif,2,Sarkas,Gaji:Besar
Khadijah,petani juga harus di pikir,-,0,Negatif,2,Marah,Mentan:Blunder
fens freya,rupiah indo aja di kalah Ama jepang,-,0,Negatif,1,Marah,Rupiah Indo:Ama Jepang
attalzd_,Minimal lak ngundakne umr langsung 3jt pertahun,-,0,Negatif,1,Marah,UMR:Mahal
fens freya,"iyh liat juga rakyat nya pak,bodoh berpikir",-,0,Negatif,1,Sarkas,Mentan:BodohBerpikir
mamaci,woilah gaji disini 3jt disana 20jt woi,-,0,Negatif,1,Sarkas,Gaji:Kecil
mbasofi,"cerdas ibu ku... mn bs d sm kn... s bpk mentri org kaya, mw bli beras harga 100 ribu sekilo jg aman buat kantong x,🙄",-,0,Negatif,1,Sarkas,Beras:Mahal
ay♒,iy krna hrga sgitu sesuai gaji lah nh d Konoha gaji perhari cmk 80 k pinggang SMPK encok🙄🙄😏,-,0,Negatif,5,Sarkas,Harga:Besar
Al Anam shop,"saya anak petani tapi semahal mahalnya beras.tetap saja saat beli dari petani harga perkilo TDK pernah menyentuh harga 15 ribu pling tinggi harga yg di beli dari petani 13.500, itu dlm bentuk beras beda lgi KLW dlm bentuk gabah KLW mmng mau mmbela petani bantu di pupuk dan obat""nya karna walaupun dpt pupuk yg katanya subsidi harganya hampir sama seperti di toko"" pertanian, itupun di batasi satu orang hanya boleh satu karung pupuk saja",-,0,Negatif,2,Marah,Harga:BerasMahal
Happiest girl🍀,"KOCYAKKKK, YG ADA TIAP HARI MAKAN INDOMIE GUEH",-,0,Negatif,5,Marah,Mentan:Blunder
Lii Look,"jangan samakan UMR Jepang sama Indonesia pak, jelas warga Indonesia saja bnyak yang kerja sampai Jepang pak, sedangkan Indonesia UMR saja tidak merata, angka pengangguran semakin tinggi",-,0,Negatif,2,Marah,UMR:Kecil
@<=SUTISNA=>@,jgn di samain di jepang mata uang nya beda sama Indonesia 🤣,-,0,Positif,5,Senang,Jepang:Berbeda
Nopall 🐊,100rb per kg karnah jepang negara maju gaji umr nya diatas 10an pak loll,-,0,Negatif,1,Sarkas,UMR:BedaDenganJepang
jncstore🤍,ya gajinya samain dulu sama jepang,-,0,Negatif,2,Sarkas,Gaji:BedaDenganJepang
Levine 🐣,"gimana kalau indonesia gajinya sama kayak jepang , kita gak apa pajak besar semua bahan pokok mahal asal sesuaikan dengan pendapatan rakyat, bukan pendapatan DPR 😌",-,0,Positif,5,Senang,Gaji:Sesuai
𝐑𝐚𝐣𝐚 𝐒𝐮𝐥𝐢𝐧𝐠🪈,"beleng""....mau di sma kn jepang...kamprettt",-,0,Negatif,5,Sarkas,Mentan:Beleng
siti_0591,Agak lain ya 🥺🥺🥺,-,0,Negatif,2,Sarkas,Beras:Mahal
rachmi,beda,-,0,Negatif,1,Marah,Beras:Mahal
Siti jenifer,Mereka tu klo ngomong nape otakny kg nympe si,-,0,Negatif,1,Sarkas,Mentan:Blunder
Do Not Disturb,yah lawak bandingin harga negara maju sama negara mundur kocak @Caa,-,0,Negatif,2,Sarkas,Bandingan:Hina
👹,"kenaikan sesuai umr gaji warga negaranya, masa dibandingin ama indonesia yg gajinya itu"" aja. kocakkk😂",-,0,Negatif,2,Sarkas,Aspek:Beras:Mahal
Ratusyifastore,harus di rukiah semua nya astagfirullah,-,0,Negatif,1,Marah,Mentan:Blunder
boncel,emang mentri2nya bodoh apa gimana ya di samakan pula sama jepang yang pendatan perkapitanya jauh diatas indonesis kecuali para mentri/anggota dpr,-,0,Negatif,1,Marah,Mentan:Bodoh
NenggSiti458,Ari bapak te eling da dijepang mah sesuai atuh,-,0,Negatif,2,Sarkas,Beras:Mahal
Mba.Sehat | IF & Diet Sehat,pak 🤣🤣🤣,-,0,Positif,5,Senang,Pak:Keren
Asgar Wae,"bantuan banyak yg salah ssaran pa,mohon untuk di data ulang,bnyak yg kelaparan.mereka yg dulu dapat bantuansekarang tidak dapat...bagaimana ini ??",-,0,Negatif,1,Marah,Bantuan:Bukan
rubyccino,Hey pak gak usah nyama2in!,-,0,Negatif,5,Sarkas,Mentan:Blunder
.,anjj anjj anjj gaji aja udah beda anjj,-,0,Negatif,2,Sarkas,Gaji:Kecil
y,"beda jauh lah tlong, jepang wajar naik, karna faktor ekonomi mereka maju dan penduduk nya kebanyakan hidup makmur. lh indonesia apa kabar????????????",-,0,Positif,5,Senang,Jepang:Dukungan
❤️,pak bapak. kaum duafa sprt saya ini masyaalloh pak. nek te tuku beras larang. mosok q y mngan gatot tiwul mbendino. ayo pak. dukno regane. pean g mesakno a. karo rakyat jelata seng gajine pas gwe mangan🙄🙄🙄🙄,-,0,Negatif,1,Marah,Mentan:Blunder
empatloker,bandining sama Jepang????,-,0,Negatif,2,Sarkas,Bandining:Mengganggu
kmkm,"Kocak bandinginnya sama jepang, bandingin juga penerintah nya, lebih korupsi mana 😂😭",-,0,Negatif,2,Sarkas,Penerintah:Korupsi
@nik,apa harga beras naik tapi gaji masi rendah..pikiran kau dimana jgn samakan dgn jepang..🤔duh makin ksini mkin kesana arahnya😭,-,0,Negatif,1,Sedih,Gaji:Besar
GiasNurizky 🇮🇩🇰🇷,"UMR jepang kan 20jt, indo kan UMR aja 4-5jt, klau daerahku msih 2jtaan",-,0,Negatif,1,Marah,UMR:Beda
aqillazahra,jangan di bandingkan dengan jepang dong pak kita petani waktu panen pasti harga padi turun,-,0,Positif,5,Senang,Beras:HargaTepat
Aliya Azzahra,Bisaki berhenti pak…berhenti miki bicara tidak adaji manfaatnya bicarata’🤣🤣🤣,-,0,Negatif,2,Sarkas,Mentan:BicaraTidakAdajiManfaatnya
EDDYKUR,ga da otak emang,-,0,Negatif,2,Sarkas,Beras:Mahal
Putri Ningsih,jepang itu orangnya pintar kerjanya betul kerja kalau Indonesia banyak liburnya 😂😇😂 acara ini itulah rapatnya terlalu banyak kerjanya cuman sebentar lalu banyak menhilang 🤣😂😇,-,0,Negatif,1,Sarkas,Jepang:KomentarTidakLogis
𝔸𝕓𝕕𝕦𝕝𝕣𝕠𝕙𝕚𝕞,gambaran orang yg otak dan pikiran GK di pake,-,0,Negatif,1,Sarkas,Mentan:Blunder
Meilaa snack,"waduhh ringan bnget mulutnya,,emang gajih rakyat di Indonesia kaya di jepang, peraturan aja kayak mau masuk surga, susah amat",-,0,Negatif,1,Marah,Mentan:Blunder
Surya.py,"aying gaji jepang sama gaji indo beda mnyt,kecuali gaji dpr",-,0,Negatif,2,Sarkas,Gaji:DapatDibandingkan
Wanitamu,Omongan gathel!!,-,0,Negatif,5,Sarkas,Omongan:Gathel!!
uwik,"kok mentri sekarang pada tolol ya bandingin am jepang ap indonesia bisa gaji karyawan seperti jepang dari gaji pekerja aja udah jauh beda makin kesini makin tolol orang"" an dpr ini",-,0,Negatif,1,Marah,Mentan:Blunder
alhadid shop,"penadatan jepang berapa pa per hari , gajih lulusan sd pun 26 juta perbulan di jepang , nah indonesia berapa",-,0,Negatif,1,Sarkas,Jepang:BedaHarga
Rima marina,unk apa memiliki wakil rakyat klu TDK bisa membela rakyat justru DPR ingin menyengsarakan rakyat,-,0,Negatif,1,Marah,Mentan:Blunder
bang Ken👻,dia pikir kita sama kaya jepang🤣🤣🤣🤣🤣🤣🤣🤣🤣🤣🤣🤣,-,0,Negatif,5,Sarkas,Mentan:Blunder
Hiigril ❤️‍🔥,kami juga kalau UMR 20jt mah gpp pak hayu aja mau naik berapa juga,-,0,Negatif,2,Sarkas,UMR:BedaDenganJepang
harianja rido,Prabowo lihat mentrinya kayak gini apa tanggapannya,-,0,Negatif,1,Marah,Mentan:Blunder
gaLuh,Maksud bapak ini naikan beras lokal biar petani sejahtera kan ?,-,0,Positif,5,Senang,Beras:Mahal
Riska Hardianti✨,"UMR di jepang brpa, UMR di indo berapa pak ,? ndg lama uang gaji habis krna beli beras doang, belum beli yang lainnya. yaa iyyalah bapak nggak MRSA mahal toh gajinya naik 3jt😂",-,0,Positif,5,Senang,Beras:Rugi
soke bahtera,"ya ampun, mata uang mereka aja 10x lipat lebih kuat, ya makanya harga beras mereka kerasa mahal dngu",-,0,Positif,5,Senang,Aspek:Mata Uang:Kuat
Mami_ichi,"buka tiktok tiap hari,ada aja asbunnya 🤣",-,0,Netral,3,Sarkas,Tiktok:Beda
reflizon4,Kita bisa aja 100 ribu per kg asal rakyatnya sejahtera. Ini yang buat rakyat miskin kan pemerintah pada korupsi lebih mementingkan kesejahteraan diri dan memperkaya diri sendiri,-,0,Negatif,2,Kecewa,Beras:Mahal
pratama,jgn beda2in dong sama jepang 😁,-,0,Negatif,2,Sarkas,Jepang:Beda
boy,menteri nya tdk punya akal sehat,-,0,Negatif,1,Sarkas,Mentan:Blunder
Nandavio,bapak aj yg beli 100 ribu per kg.kita gaji sehari 100 ribu kotor pak.bisa bli beras 10 ribu perliter lancar aj udh seneng.itu tandanya bapak mentingin perut sendiri.trs ngapain anda duduk d DPRD,-,0,Negatif,1,Marah,Mentan:Blunder
saa ੈ✩‧₊˚,ASBUN ASBUN,-,0,Negatif,2,Marah,Beras:Mahal
yume,kualitas beras nya aja beda cik!!,-,0,Negatif,2,Sarkas,Beras:Mahal
putra saja,"Konoha pak, tolong jangan di samakan, kurang""ngi keluar negeri",-,0,Negatif,2,Marah,Mentan:Blunder
Ida_Fitria,"pak amran saya mengagumi anda kemrn"" knp sekrnag anda blunder paaak",-,0,Negatif,5,Sarkas,Pak Amran:Blunder
Alifa toko baju,bapak ngopi dulu pak 🙏🙏,-,0,Netral,3,Sarkas,Bapak Ngopi:Dulu
kkrsrnl,"cuman ngomong aja kah? harusnya bawa fakta, cek penimbun biasanya kan ada oknum yang naikin harga beras dll, toh disini aja beras buat rakyat beras import, yang bagusnya kam di exsport keluar",-,0,Negatif,2,Sarkas,Mentan:Blunder
Rena!🇹🇷,"Pejabat Jepang aja tau malu, ini pejabat konoha gatau malu. Gitu kah pak kira2 ?",-,0,Negatif,1,Sarkas,Pejabat Jepang:Malu
Lepiidoptera🐣,ini indo bukan jpn pakk🙄,-,0,Negatif,5,Sarkas,Aspek:Sarkas
𝖍𝖊𝖆𝖗𝖙 𝖘𝖍𝖎𝖓𝖊𝖘,dikira dongo kali rakyat indo wkwkw,-,0,Negatif,5,Sarkas,Mentan:Blunder
TERUNE BANGKOL,"Lahhh di Jepang gajihnya 20 an bahkan pebih, sedangkan di indo 3 jt😭 malah di sama samain sama Jepang😭",-,0,Negatif,1,Sarkas,UMR Indonesia:BedaDenganJepang
kosong,pak sekolah mu di mna lihat nilai mata. uang jepang di bndingin Indonesia lihat perhari penghasilan mereka yg jdi Maslah styap panen harga. murah kmu tau tdak rakyat kecil kayk di cekik pejabat kayak kmu,-,0,Negatif,1,Marah,Mentan:Blunder
ucun,Babingung !!!!!!!,-,0,Negatif,1,Sarkas,Babingung:Mengkritik
Rizky ananda matondang 💦,"ni otak nya bukan di dengkul lagi,tapi di telapak kaki",-,0,Negatif,5,Sarkas,Mentan:Blunder
Thia03,bspk di indo hrga beras naik petani nggk menikmti nya.. krna beras yg di beli dri petani murah.. trus dijual mshal.. petani gitu2 sj.. tpi oknum jadi kaya.. aplgi di barengi dengan harga pupuk di naikin juga.. tmbh buntung petani pak. sekarang di jepng hrga beras 10 kilo bisa sampai 1jt.. pemerinth beri solusi mengeluarkn stok beras cadangn 2-3 thun kemren di jual hrga 450 ribu per 10kilo. beda diindo yg ad beras plastik atau beras bulok,-,0,Negatif,2,Marah,Beras:Mahal
Selfiana Resty,"tiap hari spaneng liatin berita"" kaya gini iih🥺😭",-,0,Negatif,1,Sarkas,Beras:Mahal
tegalkaltara0,YA ALLAH 😭😭😭😭 bisa nggak dikasih pemimpin dikit yang waras,-,0,Negatif,1,Marah,Mentan:Blunder
Adam Elfath,buseh... ya compare nya ga sama jepang juga bambangggg,-,0,Negatif,2,Sarkas,Compare:Beda
Bafoya,kita ingin jual beras 100ribu perkilo gitu aja susah 😂😂,-,0,Positif,5,Senang,Beras:Murah
Shellyy_Arachelly,"jepang sbulan gajii diatas 10jt ,,,,dsni gajiii 4-5jt ,,gmn siii pak pikirannya 😅",-,0,Negatif,1,Sarkas,Pikirannya:Blunder
Damzz Gforce,kocak kocak,-,0,Negatif,1,Sarkas,Harga:Beras:Mahal
bernafas.,"oh ndolop, ga mikir piye carane meringankan rakyat e malah mbanding' no karo negara sng ws pasti maju, mundur tkn jabatan ae ws",-,0,Negatif,1,Marah,Mentan:Blunder
Melmell,Lah jepang beras 100/kg pendapatannya aja berapee bambuaangg!??? Indo 100/kg umr nya aja satu kali gaji kalian seharii😌,-,0,Negatif,1,Marah,Beras:Mahal
Ddriko,Pak 100 ribu iya krn gini pak gaji UMR pagawai negri guru TNI polri di bawa 6 juta mentri uang beras sja 12 juta klw kmi PNS gaji 12 juta monggo naik harga beras,-,0,Negatif,1,Marah,Gaji:Kecil
AW,YANG SEDANG DIJEPANG NGEKEK 🤣🤣🤣,-,0,Positif,5,Senang,Jepang:Keren
clara ayu,mendo,-,0,Negatif,1,Marah,Mentan:Blunder
ᅠᅠ⠀᠌ᅠ,harusnya harga khusus pejabat pas beli beras harus dinaikkan,-,0,Negatif,2,Sarkas,Harga:BerasMahal
Riski Adam,🤣🤣🤣,-,0,Negatif,5,Sarkas,Beras:Mahal
Sambel Cakalang IKN,aduh. knpa sih menteri n DPR ni suka bngt bandingin luar negeri. mrk tu gmna konsep eksplorasinya😂,-,0,Negatif,2,Sarkas,Mentan:BngtBandinginLuarNegeri
nuk,pak gaji dijepang gede pak duh...,-,0,Negatif,2,Sarkas,Gaji:Kecil
",,cinta terlarang,,","ORANG PINTER MKIN LAMA SMKIN EROR ISI OTAKNYA ,,NEGARA KOCAK NI KONOHA",-,0,Negatif,1,Sarkas,Mentan:Blunder
papahmamahshanum,"kaya bukan orang pinter yah yg jadi menteri,,indo ko dibandingkan dengan jepang🤣",-,0,Negatif,2,Sarkas,Mentan:Blunder
101010,beras naik bukan petani yg sejahtera..pejabat yg sejahtera,-,0,Negatif,1,Sarkas,Pejabat:Blunder
sesyu,kedongoannya dpr adalah membandingkan 1 hal lain ke negara lain. tapi dia ga membandingkan kinerja pemerintah dsb. tol,-,0,Negatif,2,Sarkas,Membandingkan:Beda
Homia Shop,INI MENTERI MAU CEPAT BALIK MODAL X YAH.. DGN CARA KORUPSI SECEPATNYA2,-,0,Negatif,1,Sarkas,Mentan:CepatBalikModal
happylifeegogooo,kalo aku jd ibu keknya capek bgt hal gitu aja logikanya gak nyampe 😭🙏,-,0,Negatif,1,Sedih,Beras:Mahal
fani savaga,income perkapita sudah laun dan kualitas juga beda pakkkk,-,0,Negatif,2,Sarkas,UMR Indonesia:Beda
$$$,"beda pak jepang pendapatan lumayan kita sudah susah dapat kerja gaji kurang pajak banyak , beras naik? tunjangan dpr beras saja 12jt",-,0,Negatif,1,Marah,Beras:Mahal
Pecellele 12,kocakkk luuuu..lu pikir umr jepang sama di indo,-,0,Negatif,1,Marah,Mentan:Blunder
Saniki. F.F,Jagan Samakan Jepang woee,-,0,Negatif,1,Marah,Jepang:Kegagalan
Jem849,iya benar..jepang income perkapita besar..lah indonesia????,-,0,Negatif,2,Sarkas,Jepang:Beda
VanillaLatte3012,lu ngomong gitu enak gaji gede njir,-,0,Negatif,2,Sarkas,Gaji:Kecil
101010,"oalah gila2,jepang gimana rakyat nya... makmur brooo...indonesia ni gimana rakyat nya....hadehhhh",-,0,Negatif,1,Marah,Mentan:Blunder
Ayu Wandira,laaahhh disamain sama jepang kocak🤣🤣 umr aja beda jauh🤣,-,0,Negatif,5,Marah,Mentan:Blunder
Dobido,wkwk umr jepang sama umr indo Aja beda jauhh beda 2 kli lipat kocak',-,0,Negatif,2,Sarkas,UMR Indonesia:Mahal
Mulyanto,"Indonesia disamain sama jepang, orang magang disini pada terima karena secara penghasilan beda. ini orang siapa dah kocak banget sumpah",-,0,Negatif,1,Marah,Mentan:Blunder
jan,"petani sejahtera yo dibantu pak pertaniannya dikasih pupuk, berantas mafia-mafianya.",-,0,Negatif,5,Marah,Mentan:Blunder
AUU!,di bandingin sama jepang ni pak? gasalah lu?,-,0,Negatif,2,Sarkas,Jepang:BandingTidakFair
cucumacankumbang,goblok yg nyoblos dia siapa?,-,0,Negatif,5,Sarkas,Mentan:Goblok
Rrrcchh,"pak kalau 100rb perkilo gajinya setara bapak sih ga masalah, 100rb perkilo gaji umr ya ga nutup, piye toh pak",-,0,Negatif,1,Sarkas,UMR:BedaDenganJepang
RAN,,-,0,Negatif,2,Marah,Harga:Beras:Mahal
HADIPURNAMA,Harga Sembako berbanding lurus dengan PDB,-,0,Negatif,2,Marah,Harga:BerasMahal
𝕾𝖓𝖎𝖕𝖊𝖗_𝖑𝖚𝖕𝖚𝖙.69,🤣🤣🤣 kayakx kita jg bisa duduk di sana ...... karena g ada kualifikasi harus pintar untuk duduk di sana .......,-,0,Positif,5,Senang,Jepang:DapatDuduk
𝓜𝓪𝓻𝔃𝓾𝓴𝓲 𝓻𝓸𝓫𝓲𝓷,"UMR jepang 3juta/ hari boz , kita cuma pengangguran GK kuat beli beras",-,0,Negatif,1,Marah,UMR:Beda
AyahOlip,mereka punya otak gak sih dong o bnaggt any ing,-,0,Negatif,1,Sarkas,Mentan:Blunder
PGSSJAYA,🗿nalarnya gimana ini pejabat itung2an sama jepang asli oon,-,0,Negatif,1,Sarkas,Mentan:Blunder
ghWaa🫟,efek wakil rakyat yg cara berfikirny terlalu pintar di atas rata rata .. 😳,-,0,Negatif,1,Sarkas,Mentan:Cara Berfikir Terlalu Pintar Di Atas Rata Rata
imans,karena BPK skrg DPR harga beras 100rb/kg tetap aman saja karena tunjangan beras 12jt/bulan,-,0,Positif,5,Senang,Tunjangan:Bahagia
Helmi Prathama,"beda nilai mata uang woy , beda iklim juga , sistem pertanian mereka juga beda hadeuh oon banget jadi menteri....",-,0,Positif,5,Senang,Aspek:Netral
anisawayy,disamain jepang 💃😍,-,0,Positif,5,Senang,Jepang:Keren
ALEXA IRMA,"dia blang bru naik dikit,pdahal hrganya sdh 2 kali lipat slama 3 tahun trakhir. dan di samaain jepang..yg negara maju..gaji mreka tinggi kasus korupsinya ngak sebanyak konoha😂",-,0,Negatif,2,Marah,Harga:BerasMahal
abilowo,"jngn samakn jepang pak,,,,klo mau naikin kayak dijepang UMR jg kyak dijepang pak,,,,PIKIRIN !!!!!!!!!!",-,0,Negatif,5,Marah,Mentan:Blunder
Raudatul_Jannah,jepang bayaran mAhAl lah Indonesia,-,0,Negatif,5,Marah,Jepang:BedaHarga
Iyakah Manis,kok bs sih jd wakil Rakyat yg pola pikirnya gini?,-,0,Negatif,2,Sarkas,Mentan:Blunder
13+14=27,negara dengan menteri ter goblok sedunia,-,0,Negatif,5,Sarkas,Mentan:Goblok
rani,@gerindra,-,0,Negatif,2,Marah,Beras:Mahal
KANDA PUTRA,"AMRAN ,SDM MU RENDAH BANGAT SIHHH 😅",-,0,Negatif,1,Sarkas,SDM:Mundur
Meylanie,Jepang pendapatan nya puluhan juta perbulan pa jangan disamain sama negri kita yang gaji UMR perbulan kita cuma gaji sehari DPR,-,0,Negatif,1,Marah,Gaji:Kecil
13+14=27,negara mundur di sama samain dengan negara maju😹,-,0,Negatif,2,Sarkas,Negara:Mundur
boris,"gini aja coba dpr bangun badan usaha yang mengepul beras dari petani, dengan harga yang setara dan jual kerakyat dengan harga yang dibeli dari petani. yang setuju like",-,0,Positif,5,Senang,Beras:Murah
HOLIC,100k/kg buat petani bagus.. ga petani + miskin = nangis,-,0,Positif,5,Senang,Petani:Bahagia
Athallah,jngan bandingkan Indonesia dgn jepan. jepan negara maju,-,0,Negatif,2,Sarkas,Jepang:NotComparable
Boss..sox.,pak tangi pak koe nglindor😅,-,0,Negatif,2,Sarkas,Mentan:Sarkas
ブルベリ,WOYYY DARI SEGI PENDAPATANNYA LAIN WOYYY,-,0,Negatif,2,Sarkas,Mentan:Sarkasme
ZALL,"jangan cuman ngomongin harga berasnya doang, tapi katakan juga UMR jepang berapa. dasar DPR duuuuuwooongOooooo",-,0,Negatif,2,Marah,Mentan:Blunder
Lila kris,"Gaji di jepang bisa 30jt/ BLN pak lah di kita UMR 3jt, jangan disamain pak 😩😩😩",-,0,Negatif,1,Marah,Gaji:Kecil
SayangNyaKamu,T0101 anjjjj,-,0,Negatif,2,Marah,Beras:Mahal
Zayyyynn,ASBUN,-,0,Negatif,1,Marah,Mentan:Blunder
yukineee c٥ʷₚͦ៰ᷜ⍳٥ˢ,"kenapa bisa jadi dpr ,padahal mereka gblk"" ,",-,0,Negatif,1,Sarkas,DPR:Blunder
ChanDra,mau bantah ibu presiden kah pak?,-,0,Negatif,2,Sarkas,Mentan:Blunder
nasiuduk,@kiimsany,-,0,Negatif,2,Marah,Beras:Mahal
RASYID,kalau petani mau sejahtera kalau kebutuhan dalam negeri tercukupi sebagian exspor ke jepang,-,0,Negatif,2,Sarkas,Pertanian:Kritik
manyat berkafan hitam,😱😱😱😱😱,-,0,Negatif,1,Marah,Mentan:Blunder
IYAN,Paan anj disini beras 5kg 15ribu 🤭gaji 3 jt mau disamain sm disini🤭,-,0,Negatif,1,Marah,Beras:Mahal
Rajutaaaan.id,Disamain sama jepang ?????? Gaji jepang/bulan 20-23jt indo apalagi garut cuma 2jt,-,0,Negatif,1,Marah,Gaji:Kecil
No drinks no game,lk jare wong jowo wong ngeneki geteh e halal 🤭,-,0,Negatif,2,Sarkas,Mentan:Blunder
𝐅_𝐉𝐇𝐀𝐙𝐙⚔️👑🤍,"satu sisi dia memikirkan nasib para petani, satu sisi lagi mreka memikirkan nasib konsumen, jadi solusinya gimana?",-,0,Negatif,2,Sarkas,Harga:BedaDenganJepang
Malahamna19,"pak anda sekolah dimana sih, Jepang gajinya puluhan juta pak negara kecil, kita kebaikannya 😏",-,0,Negatif,5,Sarkas,Pendidikan:Kritik
2009,gua bingung dah kok otaknya kyk otak gapernah sklh ya😭😭,-,0,Negatif,1,Sarkas,Mentan:Blunder
Anjaysshop21,TUUOOOLOOOOLLL😭,-,0,Negatif,1,Sarkas,Mentan:Blunder
13. arya bawa,jepang penghasilannya berapa minimalnya....bandingin dah dengan guru,-,0,Negatif,2,Sarkas,Jepang:Kecil
❤️,Di samain sama jepang 😂😂,-,0,Positif,5,Senang,Aspek:Jepang:DapatDiBandingkan
dil,oon,-,0,Negatif,2,Marah,Harga:Beras:Mahal
Timocheese,Penting nya iq dan eq yg balance,-,0,Negatif,1,Sarkas,Beras:Mahal
Anee77,Jepang gaji 20-25 mau di samain pak”,-,0,Negatif,2,Sarkas,Gaji:Kecil
IronMantSh☆,hadehh,-,0,Negatif,2,Marah,Beras:Mahal
wandipurnaya,ekonomi Jepang gimna pak. lawak,-,0,Negatif,2,Sarkas,Eonomi Jepang:Lawak
Annisa Wulandari,mabok dia mabok,-,0,Negatif,1,Sarkas,Mentan:Blunder
Wildan Bakhrul,gaji aing sabaraha jepang sabaraha ntlgtd,-,0,Negatif,1,Sarkas,Gaji:Beda
Lala karlina,pak lu mau nyamain sama jepang lu pikir UMR Indonesia UMR nya sama ke jepang.,-,0,Negatif,2,Sarkas,Mentan:Blunder
Sflanwr_,"mikirnya gini bapak mentri, dijepang gaji buruh bisa tembus 2digit sedangkan di negara kita tercinta gajinya bikin ketawa. kalo mau dibandingkan mikir pak disana korupsi ga seperti di negara kita. orang"" berdasi enak sehari tembus 3jt sedangkan rakyat susah payah mencari rejeki",-,0,Negatif,1,Marah,Gaji:BikinKetawa
ℝ𝕖𝕣𝕖 𝕥𝕪𝕒𝕤𝕤𝕤𝕤𝕤 ♈️,Imbangi jg la sama UMR nya .. lucu kadang² 🤣,-,0,Positif,5,Senang,UMR:Beras
siiscazyan,"lu mikir gak sii, klo mau kaya jepang,ya Indonesia juga kudu sama UMR nya kaya jepang",-,0,Negatif,2,Sarkas,UMR:Beda
dex cill putri bb,nasi adalah makanan pokok Indonesia dan basi banyak yg belum mampu beli beras bahkan kelaparan jadi makanan pokok itu tidak bisa naik,-,0,Negatif,2,Marah,Beras:Mahal
bintang,"bapak tau nggak sih, nyari kerja sekarang susah, barang pokok serba mahal dan gaji pas-pasan , jika dkritik seharusnya mendengarkan turun ke masyarakat jangan malah membandingkan dengan negara maju yg upah mereka puluham juta sebulan sedangkan dikabupaten 1-2 juta untuk pekerja lepas, ngga masuk akal bandingin begitu",-,0,Negatif,1,Marah,Beras:Mahal
Asbun Prakoso,knpa pada tolol ya,-,0,Negatif,2,Sarkas,Mentan:Blunder
Tehsuzu,Jepang dgn gaji umr 30jt .dgn Indonesia banyak sekali orang dgn gaji di bawa umr😏,-,0,Negatif,2,Sarkas,Gaji:Beda
𝗗𝗶𝗸𝘇𝗽𝗿𝘀𝘁,bisa bisanya negara korupsi di bandingkan dengan negara maju🗿,-,0,Negatif,5,Sarkas,Mentan:Blunder
ibeen15,"kok dongo banget dpr, jepang gajinya 20an, kok dibandingin sama yang gajinya 2jt-5jt, dongo bgt dpr",-,0,Negatif,1,Marah,DPR:Blunder
Rumah Tanpa Pintu,koq lucu di samain sama jepang😂,-,0,Positif,5,Senang,Jepang:Lucu
Neslo Ice 🥶,woy gaji mreka brpa? indo gji umr 4jtan ada yg krja sbln cma 2jt lu enak gji lu gede emng anj gk mkirin rkyar kcil,-,0,Negatif,1,Marah,Gaji:Kecil
saifulanam,"di jepang harga segitu kualitasnya bagus, BKN kayak buloq/ di oplos plastik yah",-,0,Negatif,2,Sarkas,Jepang:BedaKualitas
youngest😎,Pak di jepang ga ada tikus yang di lindungi 🙏,-,0,Negatif,5,Sarkas,Jepang:BedaDenganUMRIndonesia
Dwi Adel Mar,jepang gapok brp ya? 😂 kadang Lucu kalau pejabat ngomong tp nggk Ada otaknya,-,0,Negatif,1,Sarkas,Mentan:Blunder
CAKRA DEWA,"untung dia masih ingat , kalo ke bablasan bahaya netizen langsung ngamuk kayak nya",-,0,Negatif,5,Sarkas,Mentan:Blunder
I'm,dia pendidikanya apa?😭,-,0,Negatif,2,Sarkas,Pendidikan:Miskin
Ziaa𝜗𝜚,Manusia gini kok bisa jadi menteri ya? Heran. Nanti klarifikasi bilang ini AI lagi,-,0,Negatif,2,Sarkas,Mentan:Blunder
Dailyby_Siskaaaa 🤍✨,lah tp brp gaji dijepang??? bodo ah cape komenin mereka.,-,0,Negatif,5,Sarkas,Gaji:Bodo
nanang official,ini baru orang tolol se-dunia Roni.,-,0,Negatif,5,Sarkas,Mentan:Blunder
RISCHA HIDAYAT,jepang itu gaji pegawai aja udah belasan puluhan juta.. klo mau bandingin samain dulu gaji rakyat... kocagggg,-,0,Negatif,5,Marah,Gaji:Kecil
qimey :),"masyallah pak , knp bapak minta subsidi aja sama pemerintah. mksd nya pak menteri petani pngen juga sejahtera.",-,0,Positif,5,Senang,Pemerintah:Baik
Ndileng67,"Dia cerita dongeng yg handal di jepang lagi krisis politik jugaa tentang naik signifikat harga pokok pangan disana tapi pemerintahaan ada berikan bantuan cadangan untuk masyakarat, terus kalau di indo ada harga yg di naikan apakah ada bantuaan nya sendiri yg di berikan pemerintaahan indo?",-,0,Negatif,2,Marah,Mentan:Blunder
Riz,gaji masih 2jt perbulan dongo kalo kek dpr sehari 3jt aja kagak d permasalahin😭,-,0,Negatif,1,Sarkas,Gaji:Kecil
Amoyy 🫨,ga mentri ga dpr gda yg bner emg 😭😭,-,0,Negatif,1,Sarkas,Mentan:Blunder
I N I R E H A N,iyaaa sih saya di jepang sekarang beras per 4kg 300k lebih tapi gajih beda pak sama indonesia😂🗿,-,0,Positif,5,Senang,Beras:Murah
Ziaa𝜗𝜚,Hah seriusan dibandingin sama JEPANG??!!!😳😳,-,0,Negatif,5,Marah,Mentan:Blunder
Dhik@,jepang beras 1 kg 100rb tapi gaji per jam 100rb lha indo gaji sehari 100rb.🤣,-,0,Positif,5,Senang,Jepang:Beda
Nastarpanggang,Dongo 😱😱😱,-,0,Negatif,1,Sarkas,Mentan:Blunder
hhiihha,pa umr kita sama jepang beda 😭😭,-,0,Negatif,2,Sedih,UMR Indonesia:Beda
Bulan,"hadddu, knp ya menteri2 era Pak Wowo gini ya. ngomong gak mikir",-,0,Negatif,2,Sarkas,Mentan:Blunder
Lanlan,😂😂😂,-,0,Negatif,2,Sarkas,Beras:Mahal
walet914,netizen suruh nanam sendiri aja yg TDK suka..saya setuju harga beras naik sebab petani obat dan pupuk naik terus...tanam padi emg gampang hama nya belum nunggu 4bulan baru panen...,-,0,Positif,4,Senang,Tanam Padi:Dukung
simethidin,dpr ga guna bjirr bandingin ama jepang naikin aja dulu gaji jakarta kaya jepang,-,0,Negatif,5,Sarkas,DPR:Blunder
kizea,"mentri angkatan wowo minus lagi ajh,.",-,0,Negatif,1,Sarkas,Mentan:Blunder
Nyong Jayapura 🇵🇹,Yg di atas Sja bcra TDK pikir bgni 🤣🤣🤣,-,0,Negatif,2,Sarkas,Mentan:Sarkas
bule,umr kita berapa? disamain sama jepang yg umr 20jt +-,-,0,Negatif,1,Marah,UMR:Miring
EXCORCIST,INCOME KITA AJA BEDA OON,-,0,Negatif,2,Marah,UMR Indonesia:Beda
mbak D 😻,goblog goblog itu ngga ada yg nyenggol UMR jepang apa sblahnya,-,0,Negatif,2,Sarkas,UMR Jepang:Mahal
Mr.tengkong,Babi iepang itu ndk Ada yg korupsi,-,0,Negatif,5,Sarkas,Babi Iepang:Blunder
Rical Elmas,petani hrs sejahtera..nnam padi dlm sthn cuma 2 kli panen.yg ga puny swah gabakal ngerti....mahalin lgi klo bisa pak,-,0,Negatif,2,Marah,Mentan:BedaHarga
YourBae🌻,kok bisa wakil rakyat sebodoh ini?,-,0,Negatif,1,Marah,Mentan:Blunder
lucky andy,masio 200 ewu Yo dituku tapi UMR e undakno ojok nyocot ae🤣,-,0,Negatif,5,Sarkas,Mentan:Blunder
ALdii b_p,pejabat dongo.kebanyakan micin🤣,-,0,Negatif,5,Sarkas,Pejabat:Dongo
AL✨,kayaknya itu orang jangan di kasih tunjangan beras 12jt dah,-,0,Negatif,5,Marah,Mentan:Blunder
Devan,"jepang umr nya 30 jt ya di sini 2,4jauh pak le",-,0,Negatif,1,Marah,UMR:Mengkhawatirkan
dan46,"klok mau bandingin dengan Jepang, UMR nya juga sama kek jepang",-,0,Positif,5,Senang,UMR:BersamaJepang
deksuciii,"Ya gimana ga ribut, buat isi perut aja kita susah cari uang mana gati dibawah UMR 😂 belum lagi belanja kena pajak tpi rakyat ga pernah dapet keadilan, lu bandinginnya terlalu jauh😂",-,0,Negatif,5,Marah,UMR:BedaDenganJepang
uzlifts04,bedo adohhhhhhhh mbk jepang,-,0,Negatif,2,Sarkas,Jepang:Beda
uzlifts04,g usah masakno jepang wes jelas bedo adoh KK madakno jepang,-,0,Negatif,1,Sarkas,Jepang:Beda
Im~Aquarius,yang maju petani atau dia sih gandeng,-,0,Negatif,2,Sarkas,Mentan:Blunder
"ethéreal, yeonnˊz nvm",yaallah😭,-,0,Negatif,1,Sedih,Beras:Mahal
bos muda 🥷👦,isinya orang dongo semua cox🗿,-,0,Negatif,1,Sarkas,Mentan:Dongo
Heru Chairudin,berat om di bandingin SMA jepang😂🤣,-,0,Negatif,2,Sarkas,Aspek:SMA Jepang:Mahal
zyxr01,ga salah ini bandingin jepang sama konoha😂,-,0,Negatif,2,Sarkas,Banding:TidakLogis
69 wajib main,d saruaken jeng nu di jepang si tangkurak mah...,-,0,Negatif,1,Sarkas,Jepang:Mahal
A' Bulle Hahahaa,"eh malih, gua idup sendiri tanpa bapak/ibu, gaada gajih tetap, gaada yang ngejamin. jangankan beras harganya 100rebu, skrg beras madura 12 rebu ajah saya gabisa bli maliiiihh.... Tuker kerjaan + penghasilan sama saya ada yang mau ? #Dpr",-,0,Negatif,5,Marah,Beras:Mahal
Broto ireng,hmmmm karepmu lah,-,0,Negatif,2,Sarkas,Beras:Mahal
Bojji Mebel BJ'babalan Lor,100ribuh susahnya 5tahun jadi sala sendiri gk usah ngelu,-,0,Negatif,1,Marah,Mentan:Blunder
nayy,jangan di smain pak jepang maju di indonesia bkn maju yang susah makan sma cari kerja,-,0,Negatif,1,Marah,Mentan:Blunder
Ky-Vodemort,makin sini ko dpr makin belegug ya,-,0,Negatif,2,Sarkas,DPR:Belegug
Ris123,coba umr jepang terapin di indo,-,0,Negatif,2,Sarkas,UMR Indonesia:Mahal
irnaa.wty,"lulusan apa si , contoh dpr yang ga pernah turun langsung ke masyarakat",-,0,Negatif,1,Sarkas,Mentan:Blunder
@Opikmelvi,boleh komen ngasal gak sih bang,-,0,Negatif,5,Sarkas,Beras:Mahal
XXXXXXX,Jawaban dpr slrg pada ngebela diri semua keknya,-,0,Negatif,1,Marah,Mentan:Blunder
Li Li 🌻,ngmong dipikirlah .dikau bnyk uang berasa dikit noh liat rkyt yg ekonomi dibawah kecekek woi,-,0,Negatif,1,Marah,Mentan:Blunder
Ahmad hidayat,"giliran pajak atau harga apapun itu yang naik di samain dengan jepang, tapi giliran rakyat bilang negara kita di sama-samain dengan jepang tentang kemajuan, kesejahteraan, kebersihan, keamanan, kenyamanan cintaaaaaaaa, mereka marahhh bahkan menentang, kocak banget dah-_-",-,0,Negatif,1,Marah,Mentan:Blunder
warlock,bandingin sama Zimbabwe aja dlu ini malah jepang😂😂😂,-,0,Positif,5,Senang,Banding:Logis
Ai eliz,di bandingin sama negara maju ya elah ga sebanding lah pak 😌,-,0,Negatif,2,Sarkas,Aspek:Beras:Mahal
Belanja Murah,bangun tidur disuru rapat,-,0,Negatif,2,Sarkas,Beras:Mahal
danyvxfilez ,pak gaji di Jepang mahal pak di sini gaji 1 juta beli beras 1 kilo 100 brp hari tahan,-,0,Negatif,2,Sarkas,Gaji:Beda
SLEEEPP,serius rakyat di pimpin sama DPR dong0 kek gini?,-,0,Negatif,5,Marah,Mentan:Blunder
𝖌𝖕𝖕 𝖐𝖔𝖐,di sini umr nya cuma 2.3 cogg😭,-,0,Negatif,1,Sarkas,UMR Indonesia:BedaDenganJepang
Merdekadeh,Perlu ikut pelatihan stand up comedy nih mentri. kesan nya ngomong ngga mikir sesuai jabatan nya. aduhhhh,-,0,Negatif,2,Sarkas,Mentan:Blunder
Aqeel(My'Love),jepang 100rb gaji 100jt indonesia 100rb gaji rata² 3-4jt 😂😂😂,-,0,Positif,5,Senang,Jepang:Keren
phin ajjah,"ya jgn di samain sma negara jepang dong pak, dsna pemerintahan nya ga ada yg memperkaya diri kyk di negara konoha",-,0,Negatif,5,Sarkas,Mentan:Blunder
pains,jepang gaji umr banyak la sini gaji umr dikit semua bahan pokok mahal peraturan negara nyekek rakyat . jelas rakyat banyak yg miskin banyak ank SD minta 2 di jalanan anggota dpr kyaknya lulusan TK gk lulus tu bandingkan jepan,-,0,Negatif,1,Marah,Gaji:Kecil; Bahan Pokok:Mmahal
galon bocor,"he jepang per bulan gajinya perbulan brapa .. kocak""",-,0,Negatif,5,Sarkas,Jepang:Kocak
IndrA PropertY,kak banyak jemo buyan2 nih😂😂😂,-,0,Positif,5,Senang,Jemo:Buyan
coky,🤣🤣🤣,-,0,Negatif,2,Sarkas,Beras:Mahal
SI HITAM01,berass husus dpr aja pak yg 100rb/kilo..,-,0,Negatif,2,Sarkas,Beras:Mahal
Egi,"masa gini doang ga ngerti sih. di sana beras mahal,tapi UMR gede,disini udah UMR kecil beras mahal,yang ada rakyat mati kelaparan",-,0,Negatif,5,Marah,Beras:Mahal
Mi-Gemes,kek gini semua kah dpr kita?,-,0,Negatif,5,Marah,DPR:Kek
Akron Jeremias18,"bisa bisanya dia banding dengan jepang, aduuuh pak bangun tidur mu kebalik.",-,0,Negatif,5,Sarkas,Mentan:Blunder
self,otak dmn otak ah,-,0,Negatif,2,Sarkas,Beras:Mahal
wildooom,"Ga ada distu mau bilang “SDM pemerintah kita aja beda pak, jepang kerja nyata indonesia kerja buta”",-,0,Negatif,1,Sarkas,SDM pemerintah kita:Blunder
wong gede,sistem distribusi pupuk..obat pertanian...regulasi ..harga pupuk dan obat...bukankah itu yg harus di benahi...😁.. tapi jalur pintas....mahalin aja berasnya..😁😁,-,0,Positif,4,Senang,Sistem Distribusi Pupuk:Baik
￶￶,kok gua emosi bngt ya kok bisa si jadi anggota DPR 🗿,-,0,Negatif,5,Marah,Mentan:Blunder
d1t,umr indo pira plokkk jepang yoo piroo ko di bandingke,-,0,Negatif,1,Sarkas,UMR Indonesia:Mahal
heddybungsu,"😂🤣😂 lucu komenan bandingin UMR lah Disini perkilonya masih 15.000 wajar lah di jepang 100.000 kalau mau jadi buruh tani dapat uang dapat gabah jadiin beras,,,",-,0,Negatif,1,Sarkas,UMR:Beda
WYchannel,Makanan pokok dijepang bukan beras pak...lagian Pendapatan perkapita penduduk bagai bumi dan langit antara jepang dg konohan pak..,-,0,Negatif,2,Sarkas,Jepang:Beda
ugijlegi.HondaKSBcikarang,lah .lu samain dgn jepang. kocak.,-,0,Negatif,2,Sarkas,Aspek:Beras:Mahal
adln,NAIK SEDIKIT RIBUTT ??YAELAAAH MENTANG2 GAJINYA GEDEE,-,0,Negatif,5,Marah,Mentan:Blunder
Intan Permana,setuju SM ibu2 yg komen ga BS d bandingkan SM jepang😅😅,-,0,Negatif,2,Sarkas,Beras:Mahal
masfikri98,"pak aku arep komen tak hapus terus Lo, samar di hapus tiktok mending tak hapus dewe😂",-,0,Negatif,2,Sarkas,Mentan:Blunder
aingmaung1607g,jepang pemerintah nya tau maulu pak... kalo gak becus mereka turun... ini gak becus malah ngotot,-,0,Negatif,1,Marah,Pemerintah Jepang:Blunder
StoryOfzian,beras naik dikit gaji lu naik banyak,-,0,Negatif,2,Sarkas,Beras:Mahal
nhghff,🏴‍☠️,-,0,Negatif,1,Marah,Mentan:Blunder
TitanoBoa,rakyat indonesia udh sejahtera blm ?,-,0,Negatif,2,Marah,Mentan:Blunder
Cantika_99,pak jepang gajinya brpa pakkkk oalahhh🤣🤣,-,0,Positif,5,Senang,Pak Jepang:GajiBrpa
soosoo,kualitas beras dan jenis nya juga beda,-,0,Negatif,2,Sarkas,Beras:Mahal
Erawati Setyaningrum,jangan bedakan indonesia dengan negara lain.rakyat kecil beras naik protes wajar..sedang anggota DPR semua hidupnya sangat terjamin.rakyat kecil mkin tertindas,-,0,Negatif,2,Marah,Beras:Mahal
jrin..,gajih nage beda boss duh,-,0,Negatif,1,Sarkas,Beras:Mahal
It's Y,"Kalo bandinginnya sama negara miskin lagi fine aja sih, lah ini Jepang??",-,0,Negatif,2,Sarkas,Jepang:Beda
Riyantaufik,"ngomong panjang langsung d patahin sama bu titiek ,. 🗿🗿🗿 td nya mau komen gitu eh dah d wakilin sama ibu 🗿🤣",-,0,Negatif,5,Sarkas,Mentan:Blunder
She Shreex,04-04-84,-,0,Negatif,2,Marah,Harga:Beras:Mahal
pante,Jepang pemerintahannya ngga ada tuh yang meras rakyatnya sendiri,-,0,Negatif,5,Sarkas,Pemerintahan:Blunder
ipannnnpannnnn,"JANGANN BANDINGIN AMA JEPANG, liat UMR JEPANG BRPA, gini klo sklh ampe gerbang",-,0,Negatif,5,Marah,Bandingin:Mentan
𝙈𝙤𝙨𝙤𝙠 𝙡𝙖𝙡𝙞,endonesa di samain sama Jepang cokk🤣🤣,-,0,Negatif,2,Sarkas,Jepang:Beda
cipto hadiro ☑️,"logika sontoloyo, dah bubarin aja. banyakan ke apartement ente",-,0,Negatif,5,Sarkas,Mentan:Bubarin
𝙱𝚛𝚘𝚗𝚠,"bisa2 bapak melihat jepang,lihat dalam negri sendiri aja bapak dari sabang sampai marauke.😇😇",-,0,Negatif,5,Marah,Mentan:Blunder
mami kembar,pak yakin ngomong kaya gitu? bapak bandingin Jepang sama indo yg dari UMR aja udah beda jauh. bapak ko riset nya begitu?,-,0,Negatif,2,Marah,Mentan:BedaHarga
Trombolll,Karna ada uang kau,-,0,Negatif,1,Sarkas,UMR Indonesia:BedaDenganJepang
Issel,ini dpr??,-,0,Negatif,2,Sarkas,DPR:Kaget
Ayu Novita,Indonesia nolnya dikurang 1,-,0,Negatif,1,Marah,Mentan:Blunder
HARI,kocak2 klk gtu samakan lah gaji umr indonesia kek di jepang,-,0,Negatif,2,Sarkas,Gaji:Kecil
a bayong,kalo bahan pangan mau naik imbangin juga sama umr kocak,-,0,Negatif,2,Sarkas,UMR:Beda
𝙅𝙊shu🅰️,"kau mau samakan jepang sama Konoha ? beda jauh boss ,di bersih dari koruptor, sedangkan di Konoha sarang nya koruptor",-,0,Negatif,5,Marah,Mentan:Blunder
KISSSS,"gaji beda, nilai mata uang juga beda, terus jepang juga negara maju hadeuhh",-,0,Negatif,2,Sarkas,Gaji:Beda
Issel,gaush dibandingin sama jepang! itu negara maju,-,0,Negatif,2,Sarkas,Jepang:NotComparable
jana25,tolol yg nyari duit pingin 100 rb juga susah,-,0,Negatif,2,Sarkas,Mentan:Blunder
𝓝𝓪𝓹𝓹𝓮𝓷 𝓢𝓪𝓻𝓪𝓶,Segoblokk itu yaa ternyata anggota DPR,-,0,Negatif,5,Sarkas,Segoblokk:Mentan
Sasak tulen☠️,uang jepang beda .mata uangya 100 kali lipat di banding Indonesia kerja sejam gaji 150 ribu .,-,0,Negatif,2,Sarkas,Uang Jepang:Beda
hanzz,pakkkk UMR jepang Ama Indonesian tu bagaikan langit dan bumi,-,0,Negatif,5,Marah,UMR:Mahal
Azayy,MUAKKKK GUA MUAKKKKKKKKK,-,0,Negatif,1,Sarkas,Mentan:Blunder
Nurul Amelya Putri,heran orang DPR kok isinya orang sakit jiwa semua ya,-,0,Negatif,1,Sarkas,DPR:Blunder
Kepodech,Hadeuh di samaain sama negara yg gajinya 20 jeti sedangkan indo gaji sedikit kerjaanya serius lu mah enak ngomong gaji serius kerjaan santuy wkwk,-,0,Negatif,5,Sarkas,Gaji:Kecil;Jepang:TidakAppleToApple
Yu Erriss🌺,Dia gak mellek UMR Indonesia berapa,-,0,Negatif,5,Marah,UMR Indonesia:Mahal
🍂,gaji jepang sama indo aja beda jauh😴,-,0,Negatif,5,Sarkas,Gaji:Kecil
Serenity💐🌸,"la umr jepang brpa pakkkk , ..wong kyok ngene ddk dd deper mkne indonesia iki gak maju²😅😅😅",-,0,Negatif,2,Marah,UMR Indonesia:BedaDenganJepang
ＱＩＵ,disamain kok sama japan orang japan gajinya diatas 5 jt semua😭,-,0,Negatif,1,Marah,Beras:Mahal
KESAYANGANMU,GIMANA MAU NGGA RIBUT PENGHASILAN DI INDO BERAPA PAK????,-,0,Negatif,1,Marah,Penghasilan:Kecil
nay,"dri gaji aja udh beda pak, 3jt kalo hidup di jepang apa ga abis 5 hari",-,0,Negatif,2,Sarkas,Gaji:Kecil
Idannnn,"harga beras di bandingin, gaji juga dong bandingin coba🗿",-,0,Positif,5,Senang,Bandingan:Logis
want;(,make nih orang,-,0,Negatif,2,Sarkas,Beras:Mahal
pecellele,ngelawak lu kocak gji gw aja 2.200 .ngakak di banding2 sama jepang,-,0,Negatif,1,Sarkas,Beras:Mahal
febri,ini gmn dah org2 pemerintahan kok pada jongkok ya iqnya😂 giliran rakyat syarat lamaran kerja gaji yg ga umr aja ribet bgt . lah ini bisa2nya,-,0,Negatif,1,Marah,Pemerintahan:Blunder
El.storecolection,"yaudh pa, jangan lupa ya gaji UMR di naikin ya minimal 25 juta lah",-,0,Negatif,2,Sarkas,Gaji:Kecil
Mas_Setiadi,"kocak bapak satu ini. bandingin ama negara maju , konoha mundur pak kaga ada perubahan",-,0,Negatif,1,Sarkas,Mentan:Blunder
Panggah,Woo pekok 🗿,-,0,Negatif,1,Sarkas,Mentan:Blunder
niamia94,sekarang itu mentrinya anggota DPRnya matanya picek,-,0,Negatif,2,Sarkas,Mentan:Blunder
Wentinostalia,@Wentinostalia:kalau bilang Jepang aja 1kg beras 100.000 aja Jepang biasa aja. lah kalau dibalik lagi pertanyaan pak mentri di Jepang gaji kisaran 20jt di indo paling kecil gaji 2jtaan.. apa bisa diindo gajinya bs disamakan dengan Jepang pak mentri.. kalau gaji kita sama di Jepang 1kg 100rb gk bagi masalah pak mentri.. yaampun kok mentri aja berfikir nya sprti ini gmn ddpr mpr cara berfikirnya?,-,0,Negatif,2,Sarkas,Mentan:Blunder
parjimi,"pendapatan gak sampai 100rb kok beras Arep 100,biargak bisa makan pa rakyat kecil,ada2 aja ya kalau udah di atas",-,0,Negatif,1,Marah,Beras:Mahal
bang J,ngomong apa dia gaeesssss,-,0,Negatif,1,Sarkas,Mentan:Blunder
ENTOK.TV,kok pinter banget Iki... gajine wong indonesi Piro pak? gajine wong jepang Piro pak? gitu saja ga tau,-,0,Negatif,1,Sarkas,Gaji:Kecil
wangsss,cara ngelamar kerja jadi DPR gimana si,-,0,Netral,3,Sarkas,Cara ngelamar kerja jadi DPR:Netral
NadiyyaTazkiyyatudzihni Wijaya,bolehh asal umr nya Kya jepang ajaa,-,0,Negatif,2,Sarkas,UMR:Miring
Firstbloods!!,ko bisa jadi anggota DPR orang macem begini ?,-,0,Negatif,1,Marah,Mentan:Blunder
Lindaaaa,Ih kesel,-,0,Negatif,2,Sarkas,Beras:Mahal
Moon🌜,"Pak,naik harga beras gpp mau 200rb per kilo.Tp rakyat mu sejahterakan dl!",-,0,Positif,5,Senang,Beras:Mahal
n4ngka,,-,0,Negatif,2,Marah,Harga:Beras:Mahal
ZIKRIAJA👣,mau ngikutin jepang yg harga beras 100k/kg dengan gaji 3 juta wkwk,-,0,Negatif,1,Sarkas,Gaji:Kecil
Feivel,jepang 100 rb per kg juga karena gajinya di sana lebih kocak. kalo di kakulasi secara pendapatan di hitung rata dengan pendapatan ya sama aja kocak 😂,-,0,Positif,5,Senang,Gaji:Kocak
@ummmaaa🌷,pak tolonggg ini beneran bpknya bandingin dgn jepang?😩,-,0,Negatif,2,Sarkas,Beras:Mahal
D Λ Ξ N G,lawakan akhir tanggal kha ini pak,-,0,Negatif,2,Sarkas,Mentan:Blunder
wincaylee,emank gaji kita setara Jepang ya Pak.. ngakak kali liatnya😂,-,0,Positif,5,Senang,Gaji:Kecil
'🖤ICHA__,bapak itu kyaknyaa blm sadar ..🤣🤣🤣🤣msh ngigau..,-,0,Negatif,5,Sarkas,Bapak itu:Blunder
Khalifah & cats,ya elah gaji UMR 4jt mentok mau di banding sama gaji minimum 20jt gak bisa atuh,-,0,Negatif,1,Marah,Gaji:Kecil
auliut🏴‍☠️,100ribu rupiah di tukar yen dapat berapa? 1kg beras di jepang berapa yen?,-,0,Negatif,2,Sarkas,Jepang:BedaHarga
▄█▀█●,,-,0,Negatif,2,Marah,Harga:Beras:Mahal
Gigssyy,"DPR sini doang kek nya isinya orng"" tho lol",-,0,Negatif,1,Sarkas,DPR:Blunder
usfth-uss,"jepangg negara majuu,DPR tololl padahal Indonesia kaya tidak ada yang di miliki negara lain",-,0,Negatif,5,Marah,Jepang:Beda
ScoobyXyy⚡,pak kalo dalam negeri belom beres jangan dibandingin sama negara yang maju pak kalo mau bandingin sama Zimbabwe jangan sama jepang pak🙃,-,0,Negatif,2,Sarkas,Mentan:Blunder
Nie,maaf y pak jepang itu negara maju indonesia kn gaji DPR nya aja yg maju😂,-,0,Negatif,2,Sarkas,Gaji:Kecil
Remahan Berlian,"andai pemasukan rakyat Indonesia yg biasa nih ya bkn DPR at Pejabat lainnya sm spt pejabat2 it tentu tdk koar2 mahal, cb aj gaji kalian sm ky rakyat biasa aplg nih buruh lepas at tukang ojek at y penghasilan kdg ad kdg gak ad msh slah ngeluh kenaikan?hrsnya mrk2 in mncri solusi seimbang antara produsen sm konsumen",-,0,Negatif,2,Marah,Pemasukan Rakyat Indonesia:Kecil
Syaeful Tik,ga punya otak😂,-,0,Negatif,2,Sarkas,Mentan:Blunder
BANGSAD OREO 🥀🥀🇹🇼,bapak pindah ke jepang aja pak🤣🤣,-,0,Positif,5,Senang,Bapak:PindahKeJepang
Rizky tok,ya Allah ekonomi Indonesia kok di bandingkan sama jepang kalah jauh,-,0,Negatif,2,Marah,Economie Indonesia:BedaDenganJepang
DalmanWaruwu97,"negara kita jangan dibandingkan dengan negara lain pak... Jepang negara maju,, indo negara maju mundur...🙃🙃",-,0,Negatif,2,Sarkas,Mentan:Blunder
Nida ali karim,beda pak sama pemerintah jepang... jauhhhhhh bangeeettttt,-,0,Negatif,1,Marah,Pemerintah Jepang:Blunder
Luv Hello yas,Kalo umk nya sama dengan Jepang ya gapapa mau naik juga pak,-,0,Negatif,2,Sarkas,UMR:Beda
danilfahri25,jepang umr sekitar 30jt sedangkan diindonesia rata rata 2jt yang 4 dipulau jawa doang itu juga garata cuman sekitar jabodetabek aja itu juga ga semua pt,-,0,Negatif,1,Marah,UMR:Kecil
dewysancess,"Muak banget sama menteri nya Prabowo, bener"" muak",-,0,Negatif,1,Marah,Mentan:Blunder
Mam23√,di sama in sama jepang......gajih per bulan 24juta,-,0,Negatif,1,Marah,Mentan:Blunder
@qeeff,"jepang gaji 15-30jt perbulan beras 100k perkilo kalau dibelikan beras semua bisa 150-300kg kalau indo 1,5-5jt kalau dibelikan beras semua cuma 15-50kg nah dari sini kita udah tau kan sebesar mana otak bapak itu atau mungkin otaknya ada di dengkul",-,0,Negatif,5,Sarkas,Otak:Bodoh
???,liat ekonomi rakyat nya lahh,-,0,Negatif,5,Sarkas,Economie rakyat nya lahh:Mentan:Blunder
0,ini harus di catat 🐈‍⬛ kerikil di samakan dengan gunung 😶‍🌫️,-,0,Negatif,5,Sarkas,Aspek:Kerikil di samakan dengan gunung
KA JI NE ',"pecat pejabat ga bisa kerja,jepang ga punya sawah",-,0,Negatif,1,Sarkas,Pejabat:Inefektif
Husnul khatimah,jepang berasnya enak pulen jepang negara kaya raya negara Konoha beda jangan di bandingkan sama jepang pejabat error makin kesono,-,0,Negatif,2,Sarkas,Jepang:Beda
tobeyiii🍓🍓,PENDAPATAN RAKYAT GA SEGEDE PANDAPATAN DPR🥱🥱,-,0,Negatif,5,Marah,Mentan:Blunder
pisces🧜‍♀️,"Kalo mau naikin harga bahan pokok ya umr naikin jg, lapangan kerja banyakin",-,0,Positif,4,Senang,UMR:Banyak
Ted_55,"beda jauh malah di bandingin sama jepang, kalau rakyatnya semua sudah sejahtera. ga masalah mau harga beras naik juga. ini mah rakyat masih banyak yg sengsara.",-,0,Negatif,2,Marah,Harga:BerasMahal
.,"pak liat yang korupsi banyak rakyat banyak yang miskin beras naik gmn ngga protes ,liat dl tikus nya blm tuntas semua ,dan jepang negara nya lebih maju ngga ke di Konoha pejabat makan enak rakyat hanya dapat bagian kulitnya",-,0,Negatif,1,Marah,Mentan:Blunder
doy doysebastian,emang lu tinggalnya di jepang😂,-,0,Negatif,2,Sarkas,Jepang:Blunder
nal,semua aja dinaikin paaakkkkk.,-,0,Negatif,2,Sarkas,Harga:BerasMahal
kayess♍️,Kalo gua si malu terus keluar deh🤣🤣,-,0,Negatif,2,Sarkas,Mentan:Blunder
@idhovin23,kenapa samakan sama jepang pak warga indo kebanyakan orang ga mampu,-,0,Negatif,5,Marah,Mentan:Blunder
SAKIT_JIWA,keliatan gak pernah turun kelapangan😂,-,0,Negatif,2,Sarkas,Beras:Mahal
gendol,udah gk beres otak para menteri ini,-,0,Negatif,1,Sarkas,Mentan:Blunder
ZaydHasan,"otaknya dimana , dipake ga 🗿",-,0,Negatif,1,Sarkas,Otaknya:Mengkhianati
Dahla Woi,bpk ini mungkin tidak mengerti harga perbedaan mata uang 😑,-,0,Negatif,2,Sarkas,BPK ini:Mentan Blunder
giann,diemin bae dongo itu dia🗿,-,0,Negatif,2,Sarkas,Beras:Mahal
danang,negri korup di bandingin sama negri yg takut sama korup kocak,-,0,Negatif,5,Sarkas,Mentan:Blunder
♡MY~BINI♡,jepang gaji gede + kualitas beras bagus lah konoha apa,-,0,Negatif,2,Sarkas,Jepang:BedaKualitas
Mirae maryani Mirae,negara lain GK ada gaji 1.500.pak. berarti pejabat mundur dong pak .TK merasa menitip kn suara ke DPR MPR..suara kalian aja yg di dengar .,-,0,Negatif,2,Marah,Mentan:Blunder
arsi asim,"jangan dbandingkan sama jepang pak,",-,0,Negatif,2,Sarkas,Jepang:Beda
Hendrawan1214,"🤣🤣🤣🤣 negara konoha belum maju pak indonesia sama malaysia kalah lebih jauh.,,😝😝😝",-,0,Negatif,5,Sarkas,Mentan:Blunder
Akmal Asyaukani,jepang negara maju sedangkan kita negara mundurr😪,-,0,Negatif,2,Sarkas,Jepang:Kecil
Dett,Jepang gaji nya dh 12/24jt pak😌,-,0,Positif,5,Senang,Gaji:Banyak
B,ini mentri lagi error apa EMG dongo,-,0,Negatif,1,Sarkas,Mentri:Blunder
godelsyn,ini dia mikirnya kejauhan,-,0,Negatif,1,Marah,Mentan:Blunder
whitedim,mata uang indo kecil lohh di samain sama jepang aneh dah ya 100ribu di jepang itu kecil lah kalau di indo beda lagi anjir kocak ni bapa1,-,0,Negatif,1,Sarkas,Mata Uang Indo:Kecil
prikitiw,gaji 4 juta melawan beras 100 rebu sekilooooooooooo gwoblwookkkkkkkk kalian pada sekolah gasiiiiiiiiiiiiiii😳,-,0,Negatif,1,Marah,Beras:Mahal
sidon munthe,"yah sesuaikn la sma pendapatan rakyat nya, klau mau naik harga sembako sejahterakn dulu rakyanya apa sudah kalangan mnengah ke atas semua ini masih ada rakyat peangguran, makan gk makan, bertempat tinggal di kolong jembata dll, apa gk makin menjerit",-,0,Negatif,1,Marah,Harga:BerasMahal
namu,"wkwwk 100rb/KG, umr Jepun aja min nya sekitar 20juta, perbandingan aja harga berasnya itu 0.5% dari gaji",-,0,Negatif,2,Sarkas,Perbandingan:Beda
Ikhsan Desember,beli lah padi mahal.agarvpetani sejahtra..jual lah beras murah agar rakyat gk sengsara...ini malah padi harga nya murah.beras mahal,-,0,Negatif,2,Marah,Harga:Beras:Mahal
ライ二🌸,anjimmmm 😌 jepang umr nya gede,-,0,Positif,5,Senang,Jepang:DapatDiBandingkan
πaraaa,UMR 20JUTA dibandingin UMR 3JUTAA🥰,-,0,Negatif,5,Marah,UMR:BedaDenganJepang
Firdaus Asmawi Toha,Prasaan Rata2 Mentrinye Daya Fikirnye Rata2 Bgini Modelannye 😭,-,0,Negatif,1,Sarkas,Mentan:Blunder
Bebek goreng,pantas makin mahal aje Mentri nya aja gini,-,0,Negatif,2,Sarkas,Mentan:Blunder
AlphaRayGaming,"dengerin kalimat terakhir.. maksud dari beliau.. ""konsumen menikmati, tetapi petani kesejahteraannya harus terjaga"".. jadi maksudnya bukan perbandingan ke jepangnya..",-,0,Positif,4,Senang,Aspek:MaksudBeliau
Abdul Razak,BANDINGIN SAMA JEPANG????? PINTAR ANDA!!!!,-,0,Negatif,5,Sarkas,Bandingin:MentanBlunder
amm,Etdah ni para mentri era ini otaknya pada kosongkah?😭,-,0,Negatif,1,Sarkas,Mentan:OtakPadaKosongkah
Amala,heran bapa bapa teh kumahaa mikirna😏,-,0,Negatif,5,Sarkas,Bapa:Beda
aGs,otak bagian kanan ga dipake sih ini,-,0,Negatif,5,Sarkas,Otak bagian kanan ga dipake sih ini:Mentan:Blunder
HNS 666,Jepang 100 ribu per kilo dengan pendapatan rakyat nya rata rata berapa puluh juta per bulan???,-,0,Negatif,1,Sarkas,Jepang:KecilGaji
shininggg_1,DPR = haamaa,-,0,Negatif,5,Marah,Mentan:Blunder
Dmsaslam,gini jadi dpr goblok dipelihara anjing jepang masyarakat di pikirin negara bukan disiksa,-,0,Negatif,1,Sarkas,Mentan:Blunder
raja ubet,🤭🤭🤭,-,0,Negatif,1,Marah,Mentan:Blunder
mas bay😎,"jepang negara maju pak, sedangkan indonesia negara maju mundur tapi kebanyakan mundur",-,0,Negatif,2,Sarkas,Jepang:KomentarTidakLogis
Lukman26,aduh kok bisa dia mikir begitu,-,0,Negatif,1,Marah,Mentan:Blunder
taufik hidayat,"buakan harga beras yg harus naik turun ,tp obat""n pupuk yg harus di turunin ,dasar bodoh ,,punya mentri pada bodoh",-,0,Negatif,1,Marah,Mentan:Bodoh
ꫝꫀꪶᦔꪗ𝟟𝟜𝟛𝟠,bpk mau sma kan jepang2 itu gaji kariyawan 40 juta 1 bln🤣🤣,-,0,Negatif,5,Sarkas,Gaji:Kecil
ikaikiiku,"ya mikir aja, masa lu bandingin ama negara majuu hufttt",-,0,Negatif,5,Sarkas,Banding:TidakLogis
Sull,"jepang pajak e ga kyak di Indonesia, yang apa"" dipajakin",-,0,Negatif,2,Sarkas,Jepang:PajakEgaKyakDiIndonesiaYangApa
04 harga mati,pikir juga masyarakat yg kurang mampu,-,0,Negatif,2,Marah,Beras:Mahal
Demi Putra -JAMAL-,"kalian aja harga beras naik jatah tunjangan beras naik kita nggk bisa protes kok kapan kita protes harga beras naik, sampai sekarang msh dibeli kok brp pun harganya kalian aja membela diri seolah olah masyarakat yg salah padahal tujuannya beras naik mensejahterakan kalian itu FAKTA",-,0,Negatif,2,Marah,Harga:Beras:Mahal
johan,100 ribu TPI gajih nya besar,-,0,Negatif,2,Sarkas,Gaji:Besar
leviathan,apaan dh di jepang aja pendapatan atau gaji masyarakatnya aja tinggi!! 45 jt -75 jt perbulan Lah dsni guru honor gaji 300- 500 k perbulan aja dibyarnya aja kadang 3 bulan sekali 😫,-,0,Negatif,1,Marah,Gaji:Kecil
🦋,tolong gimnaa sih pemikiran nya😭,-,0,Negatif,1,Marah,Mentan:Blunder
Burnoxs ojol stupid😫,ya allah laknat lah pemimpin2 yg dzolim yg menyengsarakan rakyat yg menindas rakyat aamiin🤲,-,0,Negatif,1,Marah,Pemimpin2:Dzolim
zamal J632,siamah di saruaken jepang,-,0,Negatif,5,Sarkas,Jepang:BedaDenganUMRIndonesia
naee🐝,on ol,-,0,Negatif,1,Marah,Mentan:Blunder
DiaN@Riwill,"gmna gk ribut pak beras naik. sedangkan nyri duit ssh skrng, bpa enak ngmng gt, coba bapa di posisi kita yg keuangan pas""an buat anak",-,0,Negatif,2,Marah,Beras:Mahal
SHIJIE,"@user09763829:@Tuan Hanzo:sy mempunyai tmn yg ayahnya anggota DPR. Ada suatu momen sy duduk bareng n berdiskusi d teras rumahnya yg ckp luas. intinya, om itu menyampaikan rata2 karakter Anggota2 DPR itu sama tabiatnya. semua mmpunyai topeng. Dan jenis topengnya dipake sesuai dgn kondisi dan situasi yg ada. cnth, jika duduk dgn anggota2 yg frontal, dia akan memilih dan memakai topeng frontal. dduk dgn anggota yg slow, maka topeng model slow lah yg dipake. Jadi, jika ada anggota DPR yg protes2 sprti ibu di video ini. Rata2 yg sudah2 dr pengalaman. mereka yg tidak kebagian kue dr kue proyek jahat. stelah ayah tmn sy cerita membuka sdikit saja yg ada didalamnya, sangat ngeri ges. Dana yg di embat, sangat2lah besar. Krn yg mau dibagi jg bnyk. Bayangkan dlm 1 partai, ada bbrapa org yg kalangan mnengah keatas. Dan ini udh sangat mengakar sampai ke dalam. Sudah ter sistematis. Thn 1999 alm.Gusdur mencoba utk membongkar sistematis ini dgn membubarkan DPR n MPR. Tp malah Alm.Gusdur yg kalah, dan dilengserkan. Mgkn krn one Man show. krn ga ada yg mnsupport beliau. ayah tmn sy mengakui,sebenarnya Indonesia ini adalah Negarabyg sangat KAYA RAYA. NIKEL,BATUBARA,SAWIT,EMAS,TIMAH,TEMBAGA,EKSPORTIR GAS ALAM,BAUKSIT dan Hasil2 Bumi lainnya. kemana hasilnya ini. Logikanya pastinya akan masuk ke anggaran. Tp knp ngakunya anggaran selalu devisit. Sehingga Pajak dinaikin trus menerus. Rakyat sengsara dibebani pajak yg besar dgn sikon Ekonomi yg lemah saat ini. #sedih",-,0,Negatif,5,Sedih,Pajak:Mahal
⚔️ Apalah-Apalah ⚔️,Semua itu Tak semudah COCOT'MU Amran,-,0,Negatif,2,Sarkas,Mentan:Blunder
Yuyun zildan,"jepang perbulan brp pendapatan per KK nya pak,nh kita wong Indonesia sebulan pendapatan nya brp pak,",-,0,Negatif,1,Marah,Mentan:Blunder
putrisofieana.,kalo semua masyarakat dikasih tunjangan beras sama kayak dpr gapapa sih 100k/kg,-,0,Positif,5,Senang,Tunjangan:Beras
Mas DingBe!,gajih kebanyakan dibawah umr kocak,-,0,Negatif,2,Sarkas,Gaji:BawahUMR
Oj,kocak ni,-,0,Negatif,2,Sarkas,Beras:Mahal
RingPas🔧,memang anj membandingkan kejepang,-,0,Negatif,2,Sarkas,Membandingkan ke Jepang:Beras Mahal
🐞,Analogi nya gak apple to apple ya,-,0,Negatif,5,Sarkas,Analogi:BukanAppleToApple
ehtekkadai | si pejuang UMKM,Eh mon maap ini yaa pendapatan di Indonesia berbanding terbalik sama jepang😭,-,0,Negatif,1,Sedih,Pendapatan di Indonesia:Beda
Raden Parasuromo,"yakin kesejahteraan petani terjaga .. kalau bahan pokok naik ..? 😂 untung aku alergi yang manis"" yang kemarin katanya apa"" gratis dari pendidikan kesehatan pupuk..? gimana kasus alm adek raya..? gratis kah.. dan juga kemaren habis beli pupuk buat sawah. omkos apaan itu😭",-,0,Negatif,2,Sarkas,Beras:Mahal
Zaky Fitrah317,"mentri dongo😭, di bandingin ama jepang, kenapa ga bandingin sama india aja dulu aelahhhh, negara konohaaaa",-,0,Negatif,1,Marah,Mentan:Blunder
Alongsssss,gini amat Mentri pilihan mereka,-,0,Negatif,2,Sarkas,Mentan:Blunder
𝓢𝓪𝓼𝓪 🌼,lucu ya perbandingannya,-,0,Negatif,2,Sarkas,Perbandingan:Beda
Piuu,"pendapatan sama Pengeluaran sesuai, lah di sini behh......",-,0,Negatif,2,Sarkas,Pengeluaran:Sesuai
AZZAYY,gaji DPR turun sedikit aja ribut,-,0,Negatif,2,Sarkas,Gaji:Dikritik
Sanmall,Bedaaa mata uang BAPAKKKSSS,-,0,Negatif,2,Sarkas,Mata Uang:Beda
🔥,penghasilan ekonomi aja beda pak,-,0,Negatif,2,Sarkas,Penghasilan Ekonomi:Aja Beda
Buguyu,Ingin aku memaki😩,-,0,Negatif,1,Sarkas,Mentan:Blunder
محمد إقبال,Kadang binggung sama kepemerintahan ini sebenar nya merekaa sekolah apa engga sih kok bisa jadi pemerintah. Herann mikir nya kaya gimana gitu,-,0,Negatif,1,Sarkas,Kepemerintahan:Blunder
Mr/s.Ls,KO………,-,0,Negatif,1,Marah,Beras:Mahal
Enjell,"bro berpikir gaji di indo ini besar apa ya,heran gue cara berpikirnya",-,0,Negatif,1,Sarkas,Gaji:Kecil
Dark sistem,Hu beda bos indo sama Jepang,-,0,Negatif,5,Marah,Mentan:Blunder
widaa yaya🌻,"di samiiin sama jepang, ini negara ketinggalannya jauh sama negara itu woyyy, apa2 ributtt karna negara ini juga mumett banyak aturan apa di buat susah",-,0,Negatif,1,Marah,Mentan:Blunder
Ikyyy ,Depadakna karo jepang depadakna ya karo zimbabwe kang kang,-,0,Negatif,2,Sarkas,Jepang:NotComparable
Gunardi629,Pdhl banyak lulusan universitas Yg pintar” kenapa Yg jd mentri malah ….,-,0,Negatif,1,Sarkas,Mentan:Blunder
NWL BLASTING DEMAK,jepang gajine 20jt indonesia 3jt wong lucu!,-,0,Negatif,5,Sarkas,Gaji:Beda
Asep Sulaeman,😝😝😝,-,0,Negatif,2,Sarkas,Beras:Mahal
Chimura,Bapak kau y’ semua aja kalian naik kan,-,0,Negatif,5,Sarkas,Bapak kau y' semua aja kalian naik kan:Mentan:Blunder
Donatur,Mentri goblokk,-,0,Negatif,1,Sarkas,Mentan:Blunder
thoen shadey,kenapa sich Mentri2 pak Prabowo suka sekali blunder dengan ucapan nya,-,0,Negatif,2,Sarkas,Mentan:Blunder
Jezzz,gaji sampean pak sini tuker sama UMR saya,-,0,Negatif,2,Sarkas,Gaji:Kecil
riomjrio,otak nya pejabat sekarang udah pada eror kali ya,-,0,Negatif,2,Sarkas,Mentan:Blunder
bobby gitar,😂😂😂,-,0,Positif,5,Senang,Sarkasme:Entertaining
🅱🅷 45 🅻🅴🅴 🅽🅰🅱🅰🅱🅰🅽,Amran Amran...banyak makan bekicot lu,-,0,Negatif,2,Sarkas,Mentan:Bekicot
el.space,"disamain sama jepang, dia ngelindur atau lagi ngarang cerita",-,0,Negatif,1,Sarkas,Mentan:Ngelindur
heeeeeeeee1.,hargai petani jugaa gaess,-,0,Negatif,2,Sarkas,Harga:BerasMahal
Syarifah,jepang gaji 20jt pak🤣🤣🤣diindo 4jt z susah,-,0,Negatif,1,Marah,Gaji:Kecil
Duda tanpa Anak,jepang??? woyy ini indonesia 🤣🤣 ngelawak mentri malah mau di bandingkan sama jepang,-,0,Negatif,1,Sarkas,Mentan:Blunder
sñ,y allah mentri pertanian ny ky bgini😭😭😭,-,0,Negatif,1,Sarkas,Mentan:Blunder
Ryan andriana cipta,"siamah nyaruakeun hrga jeng di jepang,pikir atuh UMR jepang sabaraha,ci atuh mikir siateh",-,0,Negatif,1,Sarkas,Mentan:Blunder
akuparhann,"kalo gajinya kaya bapa, saya ga akan protes apapun pa. janji",-,0,Positif,5,Senang,Gaji:Kaya
ex tamkeen thr,hayang endog gulung ahhhh,-,0,Negatif,1,Sarkas,Beras:Mahal
Hari Khaerudin,100 rb di jepang tapi gajinya juga bukan kaya kita 3 juta perbulan bahkan ada juga yang di bawah 3 juta kan dongo,-,0,Negatif,2,Sarkas,Gaji:Kecil
Babyarmstrong,jepang gajinya besar pajak rendah di Indonesia gaji kecil pajak besar,-,0,Negatif,2,Marah,Gaji:Kecil
bananachscake,bu titiek aja udh males nanggepin bayi bangkotan yapping jir,-,0,Negatif,2,Sarkas,Mentan:Sarkas
layla,umr jepang brp brooooooooo,-,0,Negatif,1,Marah,Mentan:Blunder
I Am Groot,"100 rbu, tpi di jepang gaji berapa,",-,0,Negatif,2,Sarkas,Gaji:Kecil
Haiwan,OTAK MANA WOI OTAK,-,0,Negatif,1,Marah,Mentan:Blunder
arief,"ijin bsk klo mau naik harga beras nya klo bisa pas sawah saya mau panen ya pak, klo pas musim nanem harga turun lagi gpp pak.",-,0,Positif,5,Senang,Beras:Dukungan
Kenken,"Km emang tau gak gajih jepan sama indonesi,perbedaan nya kaya langit dan bumi😏",-,0,Negatif,2,Sarkas,Jepang:Beda
dipaksa sehat,wajar dijepang mahal dia memproduksi dengan teknologinya lah kita yang kaya sumber daya alam aja masih kesusahan coba pemerintah bikin pabrik memproduksi beras,-,0,Negatif,2,Sarkas,Pemerintah:Bikin Pabrik Memproduksi Beras
i'm fine,gini doang iq dpr konoha 🗿🗿🗿🗿,-,0,Negatif,1,Sarkas,Mentan:Blunder
Yuninda anita,"jng samakan negara lain mbah ,",-,0,Negatif,1,Marah,Mentan:Blunder
kct,"gaji UMR bagi sana bagi sini bagi kanan,kiri,kanan,kiri,kotak,segitiga,atas🔥",-,0,Negatif,1,Sarkas,Gaji:Kecil
winter,UMR di jepang brp pak ? UMR di Indonesia brp ? dan tiap daerah ga sama loh pa,-,0,Negatif,2,Marah,UMR:Beda
Nimoe,😳,-,0,Negatif,1,Marah,Mentan:Blunder
trmllnd,BISA DIEM GA PA 🙃,-,0,Negatif,2,Sarkas,Beras:Mahal
Lucky,jepang UMR nya beda bos..menteri Wowo ga ada yg berkwalitas,-,0,Negatif,5,Sarkas,Mentan:Wowo ga ada yg berkwalitas
Wǒ shì shéi?,mohon MAAF nih jangan disamain UMR JEPANG VS INDO,-,0,Negatif,5,Marah,Mentan:Blunder
ellah🦢,ini benar dpr ngk sih.,-,0,Negatif,2,Sarkas,Beras:Mahal
sera,sok ngagampangken wae.,-,0,Negatif,2,Sarkas,Beras:Mahal
Masbay,pokoke petani makmur gpp.. aku petani,-,0,Positif,5,Senang,Petani:Makmur
ryhan,ekonomi Jepang maju... Konoha maju korupsi e pak... beda. 😂😂,-,0,Negatif,2,Sarkas,Eonomi Jepang:Maju Korupsi
popol,"minimal mikir dulu lahh kalo mau mensejahterakan kan petani, harusnya pemerintah punya ide yg lebih baik, bukannya menaikan harga segampang itu",-,0,Negatif,2,Marah,Harga:BerasMahal
yeah,"ga papa lah,yang penting ada bahan buat debat,jadi biar dikirianya ga kerja Mulu,walaupun 90% nya ga masuk akal",-,0,Negatif,2,Sarkas,Beras:Mahal
mbahso,jepang makmur cukkk,-,0,Positif,5,Senang,Jepang:Makmur
sprunki skyu,"bandingin sama Jepang nya hukumnya dong pak... pejabat koruptor klo di Jepang di apain, ngadi² bae para pejabat ini makin kesana makin kesini pd jd pelawak semua...",-,0,Negatif,1,Marah,Mentan:Blunder
𝕷𝖆𝖟𝖞𝕭𝖔𝖞,🤣,-,0,Negatif,2,Sarkas,Beras:Mahal
angga,"lah jepang warganya beda sama warga di indonesia,di jepang masyarakatnya sejahtera,kocak kocak",-,0,Negatif,2,Sarkas,Jepang:Berbeda
ssss,benar buh mantap 👍,-,0,Negatif,2,Sarkas,Beras:Mahal
Redwt,"logika yg membagongkan, bisa bisa nyamain dengan japan, gaji aja jauh bedanya",-,0,Negatif,1,Sarkas,Logika:Mengeluh
i c a,mnding gaji msyrkt aja yg d naikin pak d0ngo,-,0,Negatif,2,Sarkas,Gaji:Kecil
D,yah disamakan dengan jepang,-,0,Negatif,2,Sarkas,Jepang:Beda
caszie.loki,jepang gajinya minimal 30 juta rupiah pak,-,0,Negatif,1,Sarkas,Gaji:Kecil
TATTOO PANGKALAN KERINCI,🤣🤣🤣🤣🤣🤣🤣🤣,-,0,Negatif,5,Sarkas,Mentan:Blunder
nta,lah jepang negara maju transport sekolah rumah sakit di tanggung negara😂,-,0,Negatif,2,Sarkas,Jepang:NotComparable
azmi01,"aduh bapak gaji saya aja cuman 3 JT per BLN ,, belom potongan nah jepang BRP gaji per BLN ny aduh pak pak ,,lah buat DPR gak papa lah buat kita nagis pan KLW di harga segitu mah gak makan kita",-,0,Negatif,1,Marah,Gaji:Kecil
👀,anda mempermalukan diri sendiri. jauuuh indo sama jepang umr nya wkwkwk lucuu Skali anda. lantas di mana letak sisi positifnya jika wakil rakyat pemikirannya smua sperti anda anda iniii,-,0,Negatif,1,Sarkas,Mentan:Blunder
ᶻ 𝗓 𐰁,"sukanya banding2in sama negara lain, kinerja pemerintah smaa gak sama di jepang, ya kalo beras mahal emg duitnya nyampe petani mah gapapa 🙄",-,0,Negatif,2,Sarkas,Banding:Kritik
Panz Kidzz,kalo harga beras naik gaji DPR turunin 🗿,-,0,Negatif,1,Sarkas,Gaji:Dikurangi
gapenting...0,asbunnn banget si asbunn..,-,0,Negatif,1,Sarkas,Asbunnn:Beda
Yσσяυ,UMR 4 kebawah di bandinngin sama UMR 10jt ke atas stress,-,0,Negatif,1,Marah,UMR:BedaDenganJepang
🧚‍♀️,Umr na g beda jauh atuh ah😭,-,0,Negatif,2,Sedih,UMR:BedaJauh
𝕱𝖔𝖙𝖇𝖆𝖑𝖑𝖎𝖉𝖓𝖓,SURUH MENTERI INI JADI WARGA NEGARA JEPANG,-,0,Negatif,5,Marah,Mentan:Blunder
Zzzz,UMR jepang brapa perasaan sekarang DPR pengetahuan nya minim2 yah kira2 knpa,-,0,Negatif,1,Marah,UMR Jepang:Kaget
Carrebiannut☕,mending balik pak. mancing ikan ajah,-,0,Negatif,2,Sarkas,Mentan:Blunder
𝕱𝖔𝖙𝖇𝖆𝖑𝖑𝖎𝖉𝖓𝖓,tanya gaji u m r rakyat anda wahai pejabat pintar Indonesia,-,0,Negatif,2,Marah,Mentan:Blunder
nhuy98,di jepang gajih 15-20 juta😅😅😅kita di kasih 100/kg gajih 3 juta ya abis buat beli beras doank sebulan..,-,0,Negatif,5,Marah,Mentan:Blunder
Alwysss,Ini keliatan bgt kosong isi nya ya. Naik sedikit itu jg udah berdampak kepada rakyat. Mensejahtrajan rakyat pupuk mahal hasil panen murah. Ah,-,0,Negatif,2,Marah,Mentan:BedaHarga
putrisrahayu77,kmh sia ah lieur,-,0,Negatif,1,Sarkas,Mentan:Blunder
Mas pam,"Ibarat ngadu barang kw sama barang ori, ada gila”nya",-,0,Negatif,1,Sarkas,Beras:Mahal
HIYANYA,ini orang bandingin Indonesia sama sekelas jepang beda jauhhhhhhhhh,-,0,Negatif,1,Marah,Bandingan:Kritik
rosmathv,pindah jadi DPR jepang sana pak,-,0,Negatif,2,Sarkas,Mentan:Blunder
zonanyaman,mata uang jepang sama indonesia beda bb,-,0,Negatif,2,Sarkas,Mata Uang:Berbeda
afif,🗿🗿,-,0,Negatif,1,Marah,Mentan:Blunder
Dz1k,tol kau sama kan sama Jepang pulaa,-,0,Negatif,2,Sarkas,Mentan:Blunder
aira,kalo mau ngebandingin sm jepang minima gaji kita jga sebanding sm jepang on ol😌,-,0,Positif,5,Senang,Gaji:Kecil
Dari Kontak Anda,"INDONESIA BELUM MERDEKA, INDONESIA MASIH DI JAJAH YANG PUNYA KUASA😂",-,0,Negatif,5,Sarkas,INDONESIA:Mahal
akuuAYU🍃,Iki Indonesia pakkk udu jepang😭,-,0,Negatif,2,Sarkas,Mentan:Blunder
raketnyamook,Ngakak banget dibandingin sama Jepang 🙂,-,0,Positif,5,Senang,Jepang:Sarkas
10,ya Allah ko dia bisa jadi DPR ampunnn,-,0,Negatif,1,Marah,Mentan:Blunder
darksist300,"cetak trus duitnya buat gajih kalian. biarkan nilai uang kita hancur, saya usulkan 1 butir beras hrga nya 10rb, tapi perdetik UMR UMK 100rb. paham",-,0,Negatif,5,Marah,UMR:Mahal
🌜🦄,"Yudh samain aja pejabat Indonesia sama Jepang, udah beda kelas, pejabat indo mah yg penting ngomong ga perduli ada isi atau ngga",-,0,Negatif,2,Sarkas,Pejabat Indonesia:Blunder
Racun by Anggi,Dijepang berasnya bagus pulen ga dioplos pa. Disini mah bnyk beras oplosan dan palsu,-,0,Negatif,5,Marah,Beras:Mahal
arfan_01,lier pisan di bandingkn jepang dele atu japan negara maju bro ah,-,0,Negatif,2,Sarkas,Jepang:NotFair
CAKRA,kamu keuangan cukup rakyat mu menangis,-,0,Negatif,2,Sarkas,Mentan:Blunder
Justagamestore,"dia yg ngomong, dia juga yg jawab betul bu betul🗿",-,0,Negatif,2,Sarkas,Mentan:Blunder
Fall。,Kok bisa si segoblok ini masuk dpr😭,-,0,Negatif,2,Sarkas,Mentan:Blunder
DESMOND,"sui"" do tukune beras kencur",-,0,Negatif,2,Sarkas,Beras:Mahal
Alie Alie Topan,dinegara lain korupsi dihukum mati di Indonesia koruptor diamnesti😆😆😆😆,-,0,Negatif,1,Marah,Mentan:Blunder
Robby,"naik jd 200 rb/kg aku siiih ok, tp syaratnya Anda yg nanam padi nya!!",-,0,Positif,4,Senang,Beras:DapatDihargai
🔥JAYeeeeeN🔥,pak UMR/UMK nya berapa dulu pak😭misal harga beras segitu😭banyak kelaparan dong pak😭ga bisa beli beras yang jadi bahan pokok😭enak yang di atas2 tinggal minta naik2😭gimana yang di bawah😭,-,0,Negatif,1,Sedih,UMR/UMK:Beda
Ibrahim,gini aja pak kamu bisa tidak naikkan UMR Indonesia samakan dengan Jepang??? 🔥🔥🔥🔥,-,0,Negatif,5,Marah,Mentan:Blunder
Nico Rental Mobil,jepang negara maju woii Indonesia negara sengsara jgn kau samakan gmna sih pemikiran menteri yg satu ini,-,0,Negatif,1,Marah,Mentan:Blunder
Nuraeni,Woooyyyy lu pikir aja umr Jepang sama umr Indonesia jauhhhh banget beda nya anjirrr,-,0,Negatif,1,Marah,Mentan:Blunder
Gudang Lokal.id,"Beda bang, pendapatan indo sama jepanes saja beda bang, bagi mana tdk ribut 🙏🥺",-,0,Positif,5,Senang,Beda Bang:Bahagia
Chaplin,ini orang apa badut si,-,0,Negatif,2,Sarkas,Mentan:Blunder
Yadi Evans,lagi lucu2 nya ni bapak...,-,0,Negatif,2,Sarkas,Bapak:Lucu
cherrypanda,emang dah goblok semua DPR2 tu,-,0,Negatif,2,Sarkas,DPR2:Goblok
AzkaMakmurJaya,membandingkan sama jepang 😅😅 indonesia sama jepang antara bumi dan pluto..,-,0,Negatif,5,Sarkas,Aspek:SamaJepangTidakAppleToApple
ruMycyan💢,eror,-,0,Negatif,2,Marah,Harga:Beras:Mahal
𝙈𝙞𝙢𝙞𝙣,lol,-,0,Negatif,2,Sarkas,Beras:Mahal
renipujia,"Kalau uang beras kita 12 juta sebulan kayak BAPAK, mau harga 10 juta pun kita gak akan berontak pak.. msh untung 2 juta kita 😩",-,0,Positif,4,Senang,Beras:Murah
namasiapa,ya minimal setarakan dlu kesejahteraan rakyat nya kaya di jepang pendapatan rakyat juga kaya di jepang baru ngomong 😏,-,0,Negatif,2,Sarkas,Mentan:Blunder
DON'T PANIC,"kalau mau di samakan dengan negara Jepang, harusnya gaji dan kesejahteraan rakyat Indonesia juga harus di samakan dengan negara jepang.",-,0,Negatif,2,Sarkas,Gaji:Kecil
"Tupang ""DELANO VOICE""",cobak disamain gaji di jepang sma gaji umr di indonesia ini.. baru bisa cakap besar.. bisa pulak klian ekspor beras ke luar negri smntara rakyatmu sndri msih ada yg kelaparan.. 👏👏👏 buat pejabat negara indonesia,-,0,Positif,5,Senang,Gaji:Besar; Menteri:Pintar
fitriw2w,Si Bapak pura2 ga tau ya pendapatan masyarakat Indonesia dibandingkan Jepang haduh jauh pak .kocak,-,0,Negatif,1,Marah,Mentan:Pura2
meriiee,harga di jepang sama di indo mau di samain wkwkkw kmaren beras aja di oplos anjir ngakako,-,0,Negatif,1,Sarkas,Beras:Mahal
irvanhermawan77,orang eror jadi mentri gini😅,-,0,Negatif,2,Sarkas,Mentan:Blunder
Ipăng,"Mentri kok dongo,,,,,🤣🤣🤣",-,0,Negatif,2,Sarkas,Mentan:Dongo
Sulina,GX papa klo rakyatnya gajinya sama kayak DPR sehari 3 juta,-,0,Negatif,5,Marah,Gaji:Kecil
HA JMM shop,"klw mau buat harga beras 100 RB perkilo, naikkan pendapatan rakyat nya puluhan juta perbulan pak,, hadeh... gaji di Indonesia masih di angka 3 JT an perbuatannya somplak...",-,0,Negatif,1,Marah,Gaji:Kecil
🫰neng caca🫰,jepang mah d kayak kan oleh negara. indonesia d miskinkan oleh negar sendiri,-,0,Negatif,5,Marah,Indonesia:Miskinkan
Qwertyyy2222,harus ribut karna pemerintah tidak menyediakan lapangan kerja,-,0,Negatif,2,Marah,Pemerintah:KurangBisa
resda💋,ywdh gue pindah ke Jepang klo ga Jepang aja yg kesini,-,0,Negatif,5,Sarkas,Jepang:Kesini
EFRIZAL Dhief,ini lah contoh utusan dari presiden gemoy,-,0,Negatif,1,Marah,Mentan:Blunder
pinkygirl🌸💓,gajinya anyink bedaaa,-,0,Negatif,2,Sarkas,Gajinya:Mahal
akuanakibu12388,mrk ini pura2 bodo atau bodo beneran atau mereka nganggap rakyat itu bodo?,-,0,Negatif,1,Sarkas,Mentan:Bodo
Ajizxz,KAYA GINI KOK LOLOS😭,-,0,Negatif,1,Sarkas,Mentan:Blunder
🅰️an,kapan si pinternya anggota dewa di NKRI ini ???? kok makin ke sini Makin Mundur aja pola pikirnya,-,0,Negatif,1,Sarkas,Pinternya:Mundur
Ndaa,pak.amaran pak amaran pak kmi rakyat kecil dan tak punya gaji ngs ky bpk bnyk duitnya 100 ribu itu besar pak 😡,-,0,Negatif,1,Marah,Beras:Mahal
Fani Hafid Mustofa,ohh pnts bdooh dia nyetarainn sama gajihnya 🤭🤭,-,0,Negatif,2,Sarkas,Mentan:Blunder
gittlight ✨,bapa ngomong gitu enakkk dapet tunjangan beras 12jt/bulannnnn!! rakyat dapet tunjangan seribu juga kagakkkk.,-,0,Negatif,1,Sarkas,Tunjangan:Beda
kaliban,"beras dari negara sebelah lebih murah,kami perbatasan lebih milih nanam padi dan beli beras diperbatasan",-,0,Positif,4,Senang,Beras:Murah
July Naibaho,hadeuh...heran mau koment apa..,-,0,Negatif,2,Sarkas,Mentan:Blunder
Punyasigemoy26,"umr jepang sama indo beda jauh, kok di bandingin. dpr emg bego smua ya?",-,0,Negatif,2,Marah,UMR:Bedasalah
"j, sho, diq",bedain negara maju sama negara tidak maju,-,0,Negatif,1,Marah,Beras:Mahal
minn.enn78,japan pemerintah nya pada bener,-,0,Positif,5,Senang,Pemerintah Jepang:Bener
bymedap,gila aku lama2 tengok berita dpr ni 😭😭😂,-,0,Negatif,2,Sarkas,Beras:Mahal
MasDhika,Trae ra ndue utek,-,0,Negatif,2,Sarkas,Beras:Mahal
pardinggaran,cuma dengar Jepang saja saya udah merinding😭,-,0,Negatif,2,Sedih,Jepang:Beda
kaksansss,"awal nikah sama suami, suami nanya, ini beras beli dimana sih rasanya beda. aku jawab di Indomaret, suami bilang, ngapain beli mahal mahal kualitas juga sama, yang di agen itu lebih enak, cobain beli merk ini kata suami. dan sampai sekarang aku nyesel nggak dengerin kata suami, ternyata dari gadis aku makan beras oplosan bjir😭. sekarang makan nasi pake beras sentra Ramos enak banget yaa pulen😭🙏",-,0,Positif,5,Senang,Beras:Enak
nsbrandcollection15,"ga usah bahas beras pak , keadilan sosial bagi seluruh rakyat Indonesia aja dlu 🔥",-,0,Negatif,2,Marah,Beras:Mahal
iznaAegy,TOLLLOLLLL,-,0,Negatif,1,Marah,Mentan:Blunder
149,penjabat jepang kalo salah sedikit aja mudur pak🤣,-,0,Positif,5,Senang,Penjabat Jepang:Keren
xtape,anda waras pak,-,0,Negatif,2,Sarkas,Mentan:Blunder
見る嵳,t0l0l,-,0,Negatif,2,Marah,Beras:Mahal
oshashop12,"wajar di Jepang mahal yang nanem padi dikit pak, disini beras mahal tapi petani gak sejahtera",-,0,Negatif,2,Marah,Beras:Mahal
alvinaa💃💃,MANCHILDDD,-,0,Negatif,1,Sarkas,Mentan:Blunder
There🐣🌻✨,"Sini ke kaltim daerah mahakam hulu, harga beras 1jt, gaji pekerja ga seberapa di potong pajak pula untuk para pejabat yang ga tau2 sama kita, dibilang ribut siapa yang ga ribut segitu woy",-,0,Negatif,1,Marah,Beras:Mahal
Nazea135,"pak"" gaji Umr Kon tuku beres 1kg 100k koyok gajine kene Ki koyok jepang ae",-,0,Negatif,1,Marah,Gaji:Kecil
sopo,jepang kok di bandingin negara korup iya g nyambung..,-,0,Negatif,5,Sarkas,Jepang:Korup
"W1LD4N""🍂🍂""",naikan sja pak sklian 😡 toh rakyat menjerit pun tak mungkin Klian pedulikan yg ada hanya omon omon pak 😡😡😡,-,0,Negatif,1,Marah,Mentan:Blunder
Ben Beckman,ngomong naon ari sia ? 😩,-,0,Negatif,2,Sarkas,Mentan:Blunder
Debby Oemars,Mentri TOLOLLL...,-,0,Negatif,1,Sarkas,Mentan:TOLOLLL
baguszmp,"jpng disamain indo,nilai mt uang nya SJ beda jauh,,",-,0,Negatif,2,Marah,Jepang:Beda
Citra Wulansarii,"gaji dijepang besar pak, di indo umr 4jt beli beras 100x30 hari=3jt. sisa 1jt mana cukup buat kebutuhan lainnya🗿",-,0,Negatif,2,Sarkas,UMR:Beda
nr.aini01,berani2 nyama2in sama negara jepang😩,-,0,Negatif,2,Sarkas,Mentan:Blunder
SUPER Clay,Siapa si yang milih dpr,-,0,Negatif,5,Sarkas,Mentan:Blunder
drama,gmna tu pola pikirnya,-,0,Negatif,2,Sarkas,Pola Pikirnya:Keterlaluan
Baee 🦋🌻,umr 2jt aja banyak mau bjir,-,0,Negatif,2,Sarkas,UMR:Banyak
15Desember1997,"bedainnya sama negara maju ya kocak negara kita masih berkembang loh masih belum maju main di banding"" kan aja kocak kocak😆😆😆😆",-,0,Negatif,2,Sarkas,Beras:Mahal
Jo simataniari,"pada tahu gak kenapa Amran ini jadi menteri,walau pun gak bisa kerja...??? karena zaman Prabowo jadi menhan dan menanam ubi, si Amran ini berhasil panen jagung dalam polibag di lahan yang di tanam ubi sama Prabowo",-,0,Negatif,5,Sarkas,Mentan:Blunder
Suci Maulidayana,"ngomong sih enak, coba Rasain diposisi rakyat yg gk mampu, bahkan naik 500 perak aja itu udh mahal.",-,0,Negatif,2,Marah,Beras:Mahal
adhi tama,😅,-,0,Negatif,2,Marah,Harga:Beras:Mahal
mas bambang,dagelan neh metune. cookkk Mentri ko ngene kabeh,-,0,Negatif,5,Sarkas,Mentan:Dagelan
Dhi_JmR 04,perbandingan nya ama jepang sedangkan penghasilan kita gak sebanding sama jepang 😁,-,0,Negatif,2,Sarkas,Perbandingan:Beda
A,1 yen brpa amran..,-,0,Negatif,2,Sarkas,Mentan:Blunder
Izumi.,"jepang 100rb perkg tapi gajinya 10juta lebih pak, entee sekolah gasih anjayy",-,0,Positif,5,Senang,Gaji:Banyak
Eko dox,"iki indonesia ojo padakno jepang, pikiren rakyatmu, wes sejahtera opo durung, ngomong asal jeplak ae",-,0,Negatif,1,Sarkas,Mentan:Blunder
jekhson,lebih bnyk rakyat Indo dari pada rakyat jepang ayingg,-,0,Negatif,2,Marah,Beras:Mahal
musicasullenuvolestore,anggota DPR lulusan apa si ko mikirnya gitu,-,0,Negatif,1,Sarkas,Mentan:Blunder
Randylan,kocakkkkk wkwkk,-,0,Negatif,1,Sarkas,Beras:Mahal
Adi Eka,kebanyakan makan micin ni org konoha di samain sama jepang jauh om antara langit dan bumi,-,0,Negatif,1,Sarkas,Jepang:Berbeda
virgo girls♍02🇲🇨🇲🇾,kalau mau dibandingkan dengan jepang hrs nya gaji pekerja minimal 15-20 juta.trs kalau bnyak yg naik biar setara ..,-,0,Negatif,2,Sarkas,Gaji:Berkurang
Kipli Cuy,jepang sebulan 25-40 juta di indo UMR 2300 🤭,-,0,Negatif,1,Marah,Mentan:Blunder
Ajissrealll_,trah Yo gatelll sopo Wii,-,0,Negatif,2,Sarkas,Beras:Mahal
~𝐁𝐞𝐫𝐤𝐚𝐡𝟐~,"beras jepang cm 100 rb? klh donk sm beras anggota dpr, 1 kg setara 400 rb 🏃‍♀️🏃‍♀️🏃‍♀️",-,0,Negatif,5,Sarkas,Beras:Mahal
@Hakimpradanaputra,"Sukak Sukak Kelen lah bujang,",-,0,Negatif,2,Sarkas,Mentan:Blunder
Ahya.sahaja,"yah bingung sendiri 🤣 jepang cok bandingannya, apa nggak keren masyarakat kita ini😌",-,0,Positif,5,Senang,Jepang:Keren
A L E R G A,blooon blooon masa ke gini wakil rakyat 😅,-,0,Negatif,2,Sarkas,Mentan:Blunder
Vinacantik,"gaji 800 sebulan minta beras 100rb perkg , gwendenggg",-,0,Negatif,1,Marah,Gaji:BedaDenganHargaBeras
RATUIFAW💄,anjir semakin meggebu2 untuk di bubar kan🥰,-,0,Negatif,2,Sarkas,Beras:Mahal
senjakala,gaji jepang berapa paaaaakkkkkk😭,-,0,Negatif,2,Sarkas,Gaji:Kecil
uzumaki naruto,"gblkkkkkk,malah betul buk betul, 😭",-,0,Negatif,5,Sarkas,Beras:Mahal
siapaja,Wkwkw karena inflasi jepang dalam beberapa tahun terakhir naik pak makanya harga bahan pokok naik.fiat (yen)nya jepang melemah otomatis semua bahan pokok naik dan gak bisa di bandingin sama jepang jauh bgt,-,0,Positif,5,Senang,Jepang:Wajar
700+700,"koslet otak mentri model gini,,, konoha di bandingkan dgn jepang.. gimna nih pak prabowo model gini di jadikan mentri.",-,0,Negatif,1,Sarkas,Mentan:Blunder
💥RAJA COBRA💥,"naik harga beras, ya harus jaga harga beras hasil petani",-,0,Positif,4,Senang,Harga Beras:Wajar
alfian Pratama,"jepang UMR y juga gede, lah di Indonesia UMR y berapa",-,0,Negatif,2,Marah,Jepang:BedaUMR
bg D zainer,jgn ku smkn m jepng longorr,-,0,Negatif,2,Sarkas,Jepang:Longorr
Terserahh04,Logika pejabat tu ternyata dangkal2 bgtt yaa!!,-,0,Negatif,5,Sarkas,Mentan:Dangkal
Info_Warga_Rembang,"beras wes onk seng jatah eo enk olehe ngomong cobak dadio rakyat jelata opo GK mengkis"" urepmu 😤😤😤😤",-,0,Negatif,5,Sarkas,Beras:Mengeluh
Yyourchingu,"Kesel gw lama"" masa disamain sma jepang kocak bgt😠@Urminee💗💅🏻",-,0,Negatif,1,Sarkas,Mentan:Blunder
°❀⋆.ೃ࿔*:･,INI BAPAK SIAPA ANJIRRR 😭,-,0,Negatif,5,Marah,Mentan:Blunder
daffaaaa,jepang pendapatan masyarakat nya tinggi wajar harga di sana mahal,-,0,Positif,4,Senang,Jepang:DapatDiterima
abdi Ritonga,kinerja kalian juga GK sepadan SM pejabat Jepang,-,0,Negatif,1,Sarkas,Kinerja:MentanBlunder
Lina Tusiana,gaji lu gede pak mau beras naik brp ratus gabakal pusing lu. beda kaya kita2 yg umr atau dibawah umr sedangkan beras 5kg aja ga ckp sebulan jelas kl naik dikit kita komplen emg duit kita buat beli beras doang. emg ye orang2 dpr kudu dikasih paham dlu sm ka gem,-,0,Negatif,1,Marah,Beras:Mahal
_npy.__,TOMBOL EMOSI---------->>>,-,0,Negatif,1,Marah,Beras:Mahal
tejaarum232,parahh nieh org..gk nyadar kondisi...😂,-,0,Negatif,1,Marah,Mentan:Blunder
ndaa🐝,"Ya ribut lah anjjj,,,Lagian INDONESIA di bandingkan dgn JEPANG!! Minimal pejabat nya jgn korupsi lah dan negara nya udah maju,baru lo bisa berkata seperti itu!!",-,0,Negatif,2,Marah,Mentan:Korupsi
danis 𐙚˚ ࣪⊹,"di bandingkan dengan jepang, itu aja udah sesat logikaaaaaaaaaa. gitu kan yaa?",-,0,Negatif,5,Sarkas,Jepang:Blunder
Sintaだけ,yallah ga ada otak' nya org ini😭,-,0,Negatif,1,Sarkas,Mentan:Blunder
kyy dejavu,"bukannya cari solusi malah ngebandingkan negara sendiri sama negara orang, kok bisa jadi DPR (pemimpin rakyat) modelan gini",-,0,Negatif,1,Sarkas,DPR:Blunder
darapusp,GOBLOKKKK DIA PUNYA OTAK GKSI?KO BS JDI PEJABAT,-,0,Negatif,5,Marah,Mentan:Blunder
•Haji_Jamal,Pov : Suwe suwe tambah suwe. 🤣,-,0,Positif,5,Senang,Pov:BisaDibilang
🍂,jepang emangnya makanan pokoknya beras??,-,0,Negatif,5,Sarkas,Jepang:BedaDenganUMRIndonesia
jesika27,tinggal di Jepang aja bapak sendiri. Jepang negara maju woi..,-,0,Negatif,2,Sarkas,Jepang:Kegagalan
padil,mentri apa nih makin hari makin gk ada yg beres 🤪🤪🤪,-,0,Negatif,2,Sarkas,Mentan:Blunder
♡ ♡,"bapak suka bcnda deh, jepang indo mah jauh bgt, jepang maju, indo stak pak",-,0,Negatif,1,Marah,Mentan:Blunder
gunata,"lucu nih org, beda jepang negara maju indo negara koruptor..",-,0,Negatif,5,Sarkas,Org:Beda
Salsa Bila,jangan pernah samakan indonesia dengan negara maju.kita aja bingung mau maju tapi dana dari Bu Sri mulyani gak ada.tidak menikmati pajak dari indonesia,-,0,Negatif,1,Marah,Mentan:Blunder
aditpeje,jirrr di samain sama jepang,-,0,Negatif,2,Sarkas,Jepang:Beda
panggilsajaani,"lm""ini anggota dpr gk pke logika y pikirannys",-,0,Negatif,5,Sarkas,Mentan:Blunder
Panz.,Beras masih impor cok,-,0,Negatif,2,Marah,Beras:Mahal
Winda,"jepang 100rb per kilo ya emg negara maju,indo harga beras naik pada mikir ga rata rata UMK nya berapa? bahkan rakyatnya banyak yg gajinya di bawah UMK,lah mereka mah enak ladang nyolong duit rakyat nya banyak wkwkwk",-,0,Negatif,5,Sarkas,Jepang:Konteks
yin,yaallah kenapa jadi dongo banget sih😭😭😭😭 pake bandingin sama jepang,-,0,Negatif,1,Sarkas,Bandingan:Mahal
roxyxyu,"ratakan dulu umr 10jt + baru harga beras 100rb gamasalh,umr 2jt suruh beli beras 1kg 100rb gelo",-,0,Negatif,1,Marah,Harga:Beras:Mahal
KADE SATU,Mereka ngerti ga seh apa yg mereka omongin???,-,0,Negatif,1,Marah,Mentan:Blunder
honeypie🍯,"pak logikanya ya umr dijepang aja berapa disini umrnya cuma 3jt pak,gaji 3jt bisa makan satu bulan aja udah alhamdulillah🤣🤣 dong po gk wee ki",-,0,Positif,5,Senang,Gaji:Banyak
ALPHA STICKER,cape bet gua tinggal di negara ini sumpah pemikiran pemerintah nya dongo semua,-,0,Negatif,1,Marah,Pemikiran Pemerintah:Mengkhawatirkan
azkiyaalfarezi,"jgn bandingkan jepang pak😅😅😅 jepang negara maju, kita negara maju kena mundur kena,,🤣🤣🤣",-,0,Negatif,2,Sarkas,Jepang:Beda
#faith76#,"pakkk jepang jarang makan nasi,kalo Indonesia buat² sehari hari wajarlah kalo ribut",-,0,Positif,5,Senang,Jepang:KurangSignifikansiNasi
gam?,gk sekalian aj 1jt perkilo anj biar lebih maju dari jepang hahaha,-,0,Positif,5,Senang,Beras:Murah
Welry Surya Harkokoh,😅😅😅😅ampun lah...,-,0,Negatif,5,Sarkas,Mentan:Blunder
JIBONSLIMA,KPK periksa nih orang .,-,0,Negatif,2,Marah,Mentan:Blunder
EzzaAlkahf,heeh di jepang mah gajih garede ai manehh di negara aing mah ripuhhhhhhhh gajih gee,-,0,Negatif,1,Sarkas,Jepang:Mahal
beny,"hahahahahah,,, 😁😁😁 pandaiiii tioriiii !!!! sesekali praktek donggg tuannnnnn",-,0,Positif,5,Senang,Pandai:Bahagia
BlackBOXs5,Kalo jwbn kya gini mah gw bisa jadi dpr,-,0,Negatif,5,Sarkas,Mentan:Blunder
Riday2209,"dijakarta aja Mash ada gaji yg 1,5 masak dibandingin SMA jepang😏",-,0,Negatif,2,Sarkas,Gaji:Kecil
Angkringan Balap Yadinama,Cocote amoh temen kang madakna karo japan,-,0,Negatif,2,Sarkas,Mentan:Blunder
zilanramadhan,negara maju sama negara' halusinasi mau di sama in,-,0,Negatif,1,Sarkas,Jepang:Halusinasi
πRey↑,ya udah naikin dulu gaji orng Indonesia orng jepang bisa baju mah pajak naik gaji naik,-,0,Negatif,2,Sarkas,Gaji:Kecil
kenapa?gasuka?,"alah lawak banget njir, di Indonesia makanan utama nasi, banyak tanah ditanami padi, masaiya mau dibandingin sama Jepang, malahan kalo Jepang isinya sawah semua tuh beras cuma 5000 perak sekilo",-,0,Negatif,5,Sarkas,Beras:Mahal
lahajatalah,pengen salto saking stressnya dengerin omongannya🤸‍♂️🗿,-,0,Negatif,2,Sarkas,Mentan:Blunder
Raja.,gimana ga di samain orang gaji dia aja 100jt perbulan mana tau gaji rakyat terlantar,-,0,Negatif,1,Marah,Gaji:Kecil
neededme_23,Dia dongo apa kita yg dongo,-,0,Negatif,2,Sarkas,Mentan:Blunder
andri,lu pak orng kaum gaji besar nah gimna rakyat kecil .harga Kya sekarang aza sudah ada yg susah mkan .apalagi klu 100 ribu,-,0,Negatif,1,Marah,Beras:Mahal
Ntiw28,MAKANYA NAIKIN JUGA DOOOONG GAJI UMK DI SELURUH INDONESIA NYA PAKKKKKK 👻,-,0,Negatif,5,Marah,Gaji:Kecil
AbdulAziz Pasaribu,"pak UMR jepang 20 atau 26jt sebulan pak,Indonesia pa segitu gaji nya pak menteri",-,0,Negatif,5,Marah,Gaji:Kecil
₲₳₦🅓𝕦𝕝²,"kalo umr kota kecil seperti kudus,jepara nyentuh di angka 30jt sebulan mah gapapa",-,0,Negatif,2,Sarkas,UMR:Beda
eza,umr jepang berapa pak,-,0,Negatif,5,Sarkas,UMR Jepang:Kegiatan
Andrya Lesmana,Maunya seperti Konoha,-,0,Negatif,1,Sarkas,Mentan:Blunder
Arindi,di samain sm jepang😂😂😂,-,0,Negatif,2,Sarkas,Jepang:Beda
trader,begini sekolah smpe gerbang,-,0,Negatif,2,Sarkas,Beras:Mahal
MLDI JR,beras 2 bulan sekali udah bermasalah...emng yang lapar hrus nunggu 2 bulan keburu mati...gak semua yg miskin bisa cari nafkah lowongan kerja aja susah,-,0,Negatif,1,Marah,Beras:Mahal
Risal Riski ramadhan,kok semakin hari sya mulai ragu dng mentan 😁,-,0,Negatif,2,Sarkas,Mentan:Blunder
ening🇵🇸🫂,"ya ko kira gaji kami berapa kok ko samakan sama jepang. ko enak 1 hari 3jt,lah kami 3jt per bulan..kadang pun kurang dari 3 jt",-,0,Negatif,1,Marah,Gaji:Kecil
Yk_pras29,kalau bandingkan jangan sama negara2 maju pakk ya jelas kalah jauh to,-,0,Negatif,5,Sarkas,Bandingkan:MentanBlunder
basamor89,eits beras nya buat palestine donk 😳😂,-,0,Positif,5,Senang,Beras:BisaDibandingkan
bbbellave,Hahhhhhhhhh,-,0,Negatif,1,Sarkas,Beras:Mahal
dey૮ ․ ․ ྀིა,"ITU JEPANG PAK BUSET ANJRIT. INI YANG GAJINYA UMR GA NYAMPE AJA, KADANG YANG 17K PERKG AJA MASI MPOT2AN. ASTAGFIRULLAH LAILLAHAILLAHLLAH YA ALLAH DENGARLAH DOA2 KAMI YANG TERDZALIMI OLEH PEMERINTAH SENDIRI BEJIR. GAUSAH KEBELET JD NEGARA MAJU ANJIR, LU AJA PINDAH KESANA ANJIR ANJIR LAH",-,0,Negatif,1,Marah,Mentan:Blunder
Inimey2,enak banget ngomongnya pak:),-,0,Positif,5,Senang,Pak:Enak
ham_ham1212,dah lah makan mie sukses aja😁,-,0,Positif,5,Senang,Mie:Sukses
eppelbee,"isi otaknya jangan kebanyakan mikirin ""gimana caranya meres rakyat"" mulu pakk, yailah!!",-,0,Negatif,1,Sarkas,Isi Otaknya:Menghakimi
Darah 0,"malu dong pak ,, kalah sama pejabat jepang yg tau diri .",-,0,Negatif,2,Sarkas,Mentan:Blunder
Heihoo93,catat nama2 Wakil DPR yg asal bunyi aja.. tanpa pikir rakyat.. besok demo lemparin itu daftar nama.. biar ga di pke LG,-,0,Negatif,2,Marah,Mentan:Blunder
tatikkticeer,dulu sekolah nya dimana si 😭😭😭,-,0,Negatif,2,Sarkas,Mentan:Blunder
4𝔱𝔞𝔣🇬🇧,okelah bole harga beras 500k tapi tolong umr kita jadi 25 juta,-,0,Negatif,1,Marah,UMR Indonesia:Kecil
kzxteo,"@gerindra @Gibran Rakabuming PUYA MENTRI KAYAK ANAK SD PEMIKIRANYA, KALAU GAK BISA KERJA YA GANTI AJA",-,0,Negatif,2,Marah,Mentan:Blunder
awalpangestu,"jangan di samain lah gajihnya aja beda jauh, cerdas dikit lah Mentri Prabowo enggak ada yg cerdas",-,0,Negatif,1,Sarkas,Mentan:Blunder
vallent99,jepang 100rb per kg tidak protes karna pejabatnya tidak kebanyakan korupsiiii😭,-,0,Negatif,1,Sarkas,Jepang:Mahal
Mora putra 02,😃😃😃,-,0,Negatif,2,Marah,Beras:Mahal
senja,GAJINYAAA ANJIR SAMAIN,-,0,Negatif,1,Sarkas,Mentan:Blunder
Fariz Eka Prasetya,maksudnya konsumen bisa menikmati petani harus sejahtera,-,0,Negatif,2,Marah,Mentan:Blunder
Mahdi_Antoine,terserah kepala Lo aja udah..,-,0,Negatif,5,Sarkas,Kepala Lo:Blunder
cubit ginjal 🥰 PARNA ⚡,"buset... disamain sama Jepang pak.. pak ngelawak! coba deh trima gaji 1 jt sebulan,trus beli noh yg jual beras sekilo seratus awokawok",-,0,Negatif,5,Marah,Mentan:Blunder
Se༘⋆✿,"kenapa yang selau dibandingakn itu harga, kenapa ga dibandingkan gajinyaa",-,0,Negatif,2,Sarkas,Harga:Beda
jevv,"jepang 100 ribu per kg jugaa, pemerintah nya ga omon omon doang",-,0,Negatif,1,Marah,Pemerintah:Blunder
Rujak Rujak,kwalitas beras jepang sama kwalitas beras indo beda y om.. buka mata om lebar lebar. mau samakan kyk jepang. . koreksi aja dlu dari pejabat dan presiden yo.. 😂😂😂,-,0,Negatif,2,Sarkas,Beras:Mahal
Dst58store,inilah gara gara banyak cakap tp isinya kosong.,-,0,Negatif,1,Sarkas,Mentan:Blunder
TIKA-STIFIN-MEDINAH,jepang gajih UMR gede rakyat sejahtera lucu di Indonesia yg naik pajak dan kebutuhan sehari2 masih banyak rakyat miskin 😂,-,0,Negatif,1,Marah,UMR:Beda
Gutday,sekolah yg bener makanya 😆,-,0,Negatif,2,Sarkas,Mentan:Blunder
apriannzrl65,yeee ngacoo,-,0,Netral,3,Netral,Komentar:yeee ngacoo
ziie_ziie,lah jgn samain SMA jepang lah pak...,-,0,Negatif,2,Sarkas,Mentan:Blunder
Orang Biasa,yg ngmong pengetahuan nya kurang😂😂,-,0,Negatif,5,Sarkas,Pengetahuan:Beda
dandelions____80%,kok bisa jadi dpr sekolah apa seeee,-,0,Negatif,2,Sarkas,Mentan:Blunder
Puteri,Gaji karyawan harus sm dg Jepang pak😁,-,0,Positif,5,Senang,Gaji:Wajar
Amy kakak,"kalo 1 kg 1000rbu mati kami pak,sekarang aj kami cari beras yg harga 12Rb per kg😭,kalo mau bunuh rakyat kecil bilang aja",-,0,Negatif,1,Marah,Mentan:Blunder
ACIL*GUMUSH🙉🙈🙊,pak penghasilan jepang sama indo beda,-,0,Negatif,2,Sarkas,Penghasilan:Bedanya
💥 Bang Dex 69•💥,semenjak menjabat kok Mentri Mentrinua pada buat kebijakan yg eror semua 😂😂ngawurrrr,-,0,Negatif,1,Sarkas,Mentan:Blunder
SENTIAKI,ruwet.besok ready pati utara,-,0,Negatif,2,Sarkas,Mentan:Blunder
AtaCynk,"bgini nee yg tdk mngerti penderita rakyat Indonesia 😩😩 jgn bnding2 dg yg Laen , pendapat GK sma 😩 rakyat d Sruh kerja keras , Klian cm mnikmati !!!",-,0,Negatif,2,Marah,Mentan:BedaHarga
Initial R,"umr kota besar kisaran 4-5jt nyatanya cuma segelintir perusahaan, rata2nya kisaran 2jutaan . kalo harga beras di konoha 100rb perkilo pak, gaji sebulan abis buat makan nasi doang sekeluarga sisanya buat lauk garem ama bayar gaji dpr yg 3juta/hari",-,0,Negatif,1,Marah,Harga Beras:Mahal
ZuL,ini gmn konsepnya bisa bandingin ga,-,0,Negatif,1,Sarkas,Konsep:Beda
Chizuru Mizuhara🇯🇵,MINIMAL NAIKIN UMR PEKERJA KECIL BARU NAIKIN BAHAN PANGAN.. PAOK PAOK,-,0,Negatif,5,Marah,UMR Indonesia:Bahaya
TIAN GOJIER99,"mata uang sudah beda, mau di samain kocak ente?",-,0,Negatif,2,Sarkas,Mata Uang:Beda
Heni rusiyani,mentri ky gni d pke duh..😭,-,0,Negatif,1,Sarkas,Mentan:Blunder
OotdByy✨️,beda gajih pak,-,0,Negatif,1,Sarkas,Beda Gajih Pak:Mentan Blunder
Méiyǒu 🍄,Pemerintahan isinya orang eror ama konslet semua 🤭,-,0,Negatif,2,Sarkas,Pemerintahan:IsinyaOrangErorAmaKonsletSemua
cLaaaaa,uang bya buat nutup gaji dpr,-,0,Negatif,5,Sarkas,Gaji:Kecil
Big89 Official,Kurs bro kurs bro,-,0,Netral,3,Sarkas,Kurs bro Kurs bro:Mengganggu
nahkan_,"ya masalahnya disini DPR tunjangan beras sebulan aja 12 jetong bapakkkkkkkkk, lah Jepanggggg kagakkkk segitunya",-,0,Negatif,1,Marah,DPR:Bung
MJ 2123,"jgn di caci kawan,,dia lgi mabok tuak tuhh😁",-,0,Positif,5,Senang,Jepang:Keren
Hendy Gesit Winasis,umr jepang berapa pak..?? trus umr konoha berapa..?? jangan bandingin sama jepang lah.. bandingin sama negara asean aja yg umr sama atau hampir sama..,-,0,Negatif,2,Sarkas,Bandingan:Malah
𝖆𝖗𝖎𝖊𝖋 𝖘𝖚𝖌𝖆𝖜𝖆🇹🇭,"Dewan jepang kerja ada hasil,dewan indo isi otak hanya KORUPSI",-,0,Negatif,1,Marah,"Dewan Jepang:Positif, Dewan Indo:KORUPSI"
Rooster KAF Probolinggo,jepang beda didikan😔,-,0,Positif,5,Senang,Jepang:DapatDiBandingkan
Joko suseno,beras di jepang jarang yg tanam,-,0,Positif,5,Senang,Beras:DapatDibandingkan
Kameluna,Lawak trus tiap pejabat ngomong,-,0,Negatif,1,Sarkas,Pegawai:Ngomong
Cemonx,ibarat gaji dpr dibandingkan sama rakyat jelata om. pleaseee dehh,-,0,Negatif,1,Marah,Gaji:Kecil
bidadari,boleh naik harga besar asal pajak ga ada trus UMR 100 JT perbulan,-,0,Negatif,2,Marah,Pajak:Problematik
Beginfluencer,orang ini sekolah gak sih dulunya dari presentasi income-nya aja Uda beda jauh🙃,-,0,Negatif,1,Sarkas,Mentan:Blunder
shakila,wong opo maneh iki dadi menteri🥺🥺,-,0,Negatif,2,Sarkas,Mentan:Blunder
Ayu,Pakk diem aja mnding,-,0,Negatif,2,Sarkas,Mentan:Blunder
Heri Setyawan,mungkin ini orang kepilih hasil lotre/kocok an mungkin nya 😌,-,0,Negatif,2,Sarkas,Mentan:Blunder
Bandha store,kocak ah ngomongnya 😂,-,0,Netral,3,Kocak,Ngomongnya:Bahasa
★PBYSKY★,kaga ngerti lagi gua 🗿,-,0,Negatif,2,Sarkas,Mentan:Blunder
fia.,hadeh,-,0,Negatif,1,Marah,Mentan:Blunder
beadsbybell,"kita gpp pak sekilo 100rb, tp pastiin pemasukan rakyatnya juga diatas rata2. catet, diatas rata2 semua ya semua",-,0,Positif,4,Senang,Pemasukan Rakyat:Baik
Hesti vinsha,Pak jepang pak rakyatnya makmur makmur pak kok dibandingkannya dengan jepang 🥺,-,0,Positif,5,Senang,Jepang:DapatDiBandingkan
vie... ajah,"pakkkkkk jepang mata uang nya 10x lipat,anda Gimn si pak,kok bisa duduk di dpr",-,0,Negatif,5,Sarkas,Mentan:Blunder
ranyabag,jepang ga korupsi,-,0,Positif,5,Senang,Jepang:Good
3putra,ya tuhan,-,0,Negatif,2,Sarkas,Beras:Mahal
mantanmu,sakali 2 tangkorak dia kuli ngagebot karak dia mikir,-,0,Negatif,1,Sarkas,Mentan:Blunder
D,"coba kamu rasain gaji ump , terus beras 100ribu per kg",-,0,Negatif,2,Sarkas,Gaji:Beda
Dekota,Kenapa isinya org goblog semua,-,0,Negatif,1,Sarkas,Isi:Blunder
𝐁𝐫𝐫𝐞𝐞𝐲⚡︎,studi banding langsung dengan jepang njerr 😭 bapak saha ni?,-,0,Negatif,2,Sarkas,Mentan:Blunder
VI MAULANA,gajinya samakan coba,-,0,Negatif,2,Sarkas,Gaji:Kecil
jebak in the sky,jepang nganggur di kasih uang pakkkk 🙈😂,-,0,Positif,5,Senang,Jepang:Keren
mawar hitam,otaknya lgi goyang goyang itu menghasilkan apalagi yg bsa mngisi kantong pribadi,-,0,Negatif,1,Sarkas,Otaknya:Blunder
IBLIS👹KERINDUAN👹,"Mau kaya jepang,lantas dari petani begituh murah dibeli",-,0,Negatif,2,Sarkas,Mentan:BedaHarga
kegawa,apa kita harus di atas jepang😂,-,0,Negatif,2,Sarkas,Mentan:Blunder
elliekasim_88♓,anjir lu tau GK.gaji di jepang tu brp.,-,0,Negatif,5,Sarkas,Gaji:Kecil
sok penak sok ora,ora urusan ro jepang..urus begoro wr ra godak juweh o ae pak,-,0,Negatif,2,Sarkas,Jepang:Beda
Ibhek Bhek,iyo jepang 100 rbu per kg..berapa rong gaji na di sna,-,0,Negatif,2,Marah,Beras:Mahal
San II,ga jadi masalh mau 500 rb per liter juga 😂,-,0,Negatif,2,Sarkas,Beras:Mahal
Amanda^,gaji nya kocak anjir di samain Indonesia sama jepang😂😂😂,-,0,Negatif,2,Sarkas,Gaji:Kecil
Budi dj,gaji mereka 200 juta sebulan pak,-,0,Negatif,2,Sarkas,Gaji:Kecil
ndra12,harga pakan nya brapa gaji di indo brapa,-,0,Negatif,2,Sarkas,Gaji:Beda
xytwq.era,Lulusan sd jdi dpr mah ya ini jdi nya,-,0,Negatif,2,Sarkas,Mentan:Blunder
Guseng,hmmm padakke Jepang ki piye kang...,-,0,Negatif,5,Sarkas,Jepang:Kang
AA JAWA,ws karepmu mumet ndasku 😀,-,0,Negatif,2,Sarkas,Mentan:Sarkas
baeblue🌧️🌨️🌦️,"harga beras naik tapi keuntungannya ga sampai di petani. petani tetep aja sengsara. emg kalo merubah itu bukan soal harga, tp sistem kalian!!, sistem kalian yg seharusnya membersamai peran petani beras di Indo. bukan krna stok beras bulog ga cukup malah impor!!. @Gibran Rakabuming @gerindra",-,0,Negatif,5,Marah,Sistem:Kesalahan
"05,10",lah goublokkk pakk²,-,0,Negatif,1,Sarkas,Beras:Mahal
angin koncang,jepang negara maju...indo negara apa rupanya...negara mundur negara ini,-,0,Negatif,1,Marah,Mentan:Blunder
Cap losok official.,warga jepang kaya kaya bos,-,0,Positif,5,Senang,Warga Jepang:Kaya
Ires idr,"riset dulu pak ,jepang upah gajih minimum berapa ?",-,0,Netral,3,Kaget,Riset:Beda
alilham doanks,hadeh jepang ijazah SD GAJINYA 35 SAMAPI 45 JUTA OOO.........NNNN,-,0,Negatif,5,Sarkas,Jepang:Konyol
Dodi kurniawan,"Dungu"" amat yg duduk stu",-,0,Negatif,2,Sarkas,Mentan:Dungu
rafael aldo,HEEEH KALO MAU BANDINGIN APEL TO APEL .DODOL TO DODOL .AARGGH SHIBALL,-,0,Negatif,1,Sarkas,Bandingkan:ApeLToApeL
Sayyidatu Maryam,jangan disamakan pak jepang kesehatan pendidikan terjamin,-,0,Negatif,2,Sarkas,Pak Jepang:Beda
♋Cancer♋,menteri ga da otak yah bgtu🤔mau samain sama Jepang yg negara maju,-,0,Negatif,1,Sarkas,Mentan:Blunder
Kania Rinjani,jepang gajinya brpa sbulan pak.bsa smpai 20 jt.ini indonesia.umr aj brpa.jngan bandingin ama jepang pak.😳,-,0,Negatif,1,Marah,Jepang:BedaUMR
SHANUM STORES,semua pejabat negara ini kok dongo² semua ya... yaa maklum dulu mau masuk jadi pejabat karna ordal... bukan otakk,-,0,Negatif,1,Sarkas,Pejabat:Blunder
suramisurami83,yo ben 100,-,0,Negatif,2,Sarkas,Beras:Mahal
⚠️,jepang pendapatan per kapita berapa? lagian jepang negara industri pak bkn negara agraria sodara saya kerja di jepang makan nasi seminggu sekali pak krn mahal beras,-,0,Negatif,2,Sarkas,Jepang:Beda
ari rizki,Umr nya taikin dulu tolol minimal 10 juta per bulan rakyat gaakn demo mau naik harga juga,-,0,Negatif,1,Marah,UMR:Mahal
yennsyahraa,gaji kita aja sama mereka kalah jauh pak hadehh,-,0,Negatif,2,Marah,Gaji:Kecil
hakimkim,"klo beras kita naik 100rb/kg, di dpr kesenengen. tunjangan beras makin gede ajee😏",-,0,Positif,5,Senang,Beras:Makin Gede
🐣🐣,"Saru persatu terkuak, para anggota DPR, MENTERI, banyak yg otaknya pada kosong.",-,0,Negatif,1,Sarkas,Menteri:Bodoh
nadyaayu220,"inflasi mata uang kt berbeda bapaaaakk, yen berapa rupiah? perbaiki dulu inflasi rupiah, dgn solusi apa? bkn ujuk"" semua hrga naik boss tp gaji stuck",-,0,Negatif,1,Marah,Inflasi:Beda
Miss Lisa,"Beda lah pak bapak beras,rumah,air dan listrik sampai transfortasi ditanggung negara,gmn KL gaji bapak2 dan ibu2 DPR sesuai UMR biar bapak merasakan apa yg km rasakan.",-,0,Negatif,5,Marah,Gaji:Kecil
alifia,"heh pak kalau gajiku 3jt/perhari kayak kamu Yo tak bayar beras 100k iku bisa"" sawah e juga tak beli",-,0,Negatif,5,Sarkas,Gaji:Banyak; Beras:Mahal
dulz,woy Jepang 100k/kg gajinya juga 20juta+ lah indo 3juta rata rata,-,0,Negatif,2,Sarkas,Gaji:Beda
Denisibaranii,kok bisa orang yang pemikirannya kek gini malah jadi dpr,-,0,Negatif,1,Sarkas,Pemikiran:Mengkhawatirkan
cutie 🦋,gimn sihhhhhh 😡😡,-,0,Negatif,1,Sarkas,Mentan:Blunder
adimuttaqin,mikir pora wong iki umr e bedo adoh jo jo,-,0,Negatif,2,Sarkas,UMR:Mahal
Dika Wong,Samakan dengan Jepang? Kalau ada yang korupsi juga sama kan dengan Jepang? boleh?,-,0,Negatif,1,Marah,Mentan:Blunder
👑sultan donat🍩,Jepang pemerintah nya tdk mencekik pajak Indonesia mencekik pajak. Jepang kkn di hukum berat di Indonesia kkn hukuman nya ringan,-,0,Negatif,1,Marah,Pemerintahan:KurangBijak
⠀ ⠀ ⠀᠌ᅠᅠᅠ᠌⠀᠌ᅠ,bnykk mw😹,-,0,Negatif,2,Sarkas,Beras:Mahal
pasir balap,brarti semua mentri sama,-,0,Negatif,1,Sarkas,Mentri:Sama
127,"Jepang yg nganggur aja di gajih bapak,, dia negara maju,, kita negara bobrok😂",-,0,Negatif,5,Sarkas,Jepang:Nganggur
Ninic Usyan,"jepang negara maju, indo negara siksa nerakaa",-,0,Negatif,5,Marah,Jepang:Kritik
CIRENG BUNDA Kekinian,"woiii bapak yang terhormat , orang jepang itu gajinya gede gede , lah kita ,umr aja sgtu ,mau apa2 mahal ,gila ya",-,0,Negatif,1,Marah,Beras:Mahal
@mohammadrizki,"jangan bandingkan negara maju negara negara kita yg isi gedung parlemennya tikus berdasi semua pak,Japan rakyatnya semua sejahtera karna negaranya betul betul peduli dngn kemakmuran kesejahteraan rakyatnya,sedangkan negara kita wakil rakyatnya hanya memikirkan kekayaan untuk dirinya sendiri",-,0,Negatif,1,Marah,Mentan:BedaDenganJepang
raymond.welva,lapangann kerja aja kurangg pakkkk!!!!,-,0,Negatif,1,Sarkas,Kerja:Beda
zeafazeela shop,itu yg ngomong petaninya ya maaf🙏,-,0,Negatif,2,Sarkas,Mentan:Blunder
Lampu Mlam,😹,-,0,Negatif,1,Marah,Mentan:Blunder
Mega,GAJINYA BERAPA PAKKKKK 😇😇,-,0,Negatif,2,Sarkas,Gaji:Kecil
Windi,gak papa harga beras kaya di jepang yang penting umr dan upah lain nya sama kya di jepang ..paham gak pak.,-,0,Negatif,2,Sarkas,Beras:Mahal
mujur pro,jangan disamakan gajimu pak😂😂😂😂,-,0,Positif,5,Senang,Gaji:Kecil
Amih Nananaw,Ga ada isinya tuh otakk,-,0,Negatif,2,Sarkas,Beras:Mahal
LEE HOKi,gaji 2jt kerja 12 jam mau di samain jepan bab,-,0,Negatif,2,Marah,Beras:Mahal
mbamba.chanoi,menyala Bu titik,-,0,Negatif,1,Marah,Mentan:Blunder
princesscharming,jepang gajinya beda anjjjjjjjjjjjjjjjjjj,-,0,Negatif,2,Sarkas,Gaji:Kecil
abuu,DRP TATAIYAN,-,0,Negatif,1,Marah,Mentan:Blunder
Plat N,"Jepang gaji perbulan brpa pak Mentan.? Konoha gaji perbulan brp.? jgn hanya membandingkan harga"" saja. klo konoha gaji perbulan 20jt, its oke lah",-,0,Negatif,2,Sarkas,Jepang:Kecil
Dumpnessipit,NGOMONG GT KARENA GAJIH LU GEDEE KOCAK. INTERPOLASI DONGG ANTARA JEPANG DAN INDO DARI PENGHASILAN SAMA BERAS 🥹,-,0,Negatif,5,Sarkas,Interpolasi:Dongg
Aksa Raja iblis tirani,"maslah nya income kita gk sebesar jepang kocak, klo umr kita 10jt perbulan bisa lu ngomong begitu",-,0,Negatif,2,Marah,UMR Indonesia:BedaDenganJepang
Biyaᥫ᭡,pada dimana sih otak nya?,-,0,Negatif,5,Sarkas,Otak:MentanBlunder
Ai🥀🦂,"indonesia bnyak pengangguran bnyak org gila jlan"" di jaln",-,0,Negatif,1,Marah,Mentan:Blunder
twindasigma 🍉,"gpp pak, UMRnya samain kaya Jepang ya. hayo, ga boleh curang, Oke sip",-,0,Positif,5,Senang,UMR:Bersama
TREEH NOVA,oe Pi tingal di jepang kau,-,0,Negatif,2,Sarkas,Beras:Mahal
tati,gaji naikan la 🤣🤣,-,0,Positif,5,Senang,Gaji:Naikan
dokobid,pak gaji DPR Swedia rendah kok DPR Indonesia gak ikut,-,0,Negatif,2,Sarkas,Gaji:DapatDibandingkan
hayput!,umr e lho bedo goblokkk😭😭,-,0,Negatif,1,Sarkas,UMR Indonesia:BedaDenganJepang
ev,yang ngomong aja bingung gitu anjaayyyyy segala ngomong😭,-,0,Negatif,2,Sarkas,Mentan:Bingung
マイケルMic,gaji di jepang lebih tinggi dari membeli sembako,-,0,Positif,5,Senang,Gaji:Banyak
HaM09🚀🫀,jepang UMR e gede pak 🥀,-,0,Negatif,2,Marah,Jepang:Beda
Misbah Photograph,otak kau pak Konoha kau bandingkan dengan japan😂😂😂kau lihat gaji japan kau lihat gaji Konoha berapa,-,0,Negatif,5,Sarkas,Gaji:Kecil
jedug jedug,kau samakan semua la semua oalah mentri apala kau...,-,0,Negatif,2,Sarkas,Mentan:Blunder
Ulfa,Pak udh pak,-,0,Negatif,2,Sarkas,Mentan:Blunder
Noer rosadi,jepang jngn coba coba di sandingkan dngan indonseia....woooiiiii...KLO mau kaya jepang coba rubah sistem nya jngn maen naik gaji melulu blom tunjangan'yg lain nya...sejahterakan dulu rakyat nya...jngn memperkaya diri....ingat gaji kalian dari hasil keringat kami sbgai rakyatnya,-,0,Negatif,5,Marah,Mentan:Blunder
ahmaddni,aku aja ya jadi dpr... kn ku janjikn masarakat tidak miskin lagi pajak saya hapus... beras gratis bbm gratis...semua.nya gratis😁😁😁,-,0,Positif,5,Senang,Beras:Gratis
Misskimtaehyung_,Dongo bgini ko bisa jadi menteri😌,-,0,Negatif,2,Sarkas,Mentan:Blunder
Nuy⊹♡˙,bloon bgt ih sebel,-,0,Negatif,2,Sarkas,Beras:Mahal
Kejo Hanet @365,"klo di jatah 12 juta per bulan kmi rakyat GK bkaln Protes pk mskipun beras perkilonya 50rbu,",-,0,Negatif,1,Marah,Beras:Mahal
rii,beda atuh indonesia jeng jepang teh ges puguh di jepang ekonomi nage alus kehed,-,0,Negatif,1,Sarkas,Jepang:BedaEconomy
"BEI MARTA, M.H",muncung Bebek nih orang. serba naik gaji gak msk akal,-,0,Negatif,1,Sarkas,Mentan:Blunder
Gondes ndes,Otak kosong 😭 bisa gaji kayak jepang gak ?,-,0,Negatif,5,Sarkas,Otak:Kosong
ayah juna,ojo di bandingke kang,-,0,Negatif,2,Sarkas,Beras:Mahal
aj,gunanya mereka apa tolong jawab,-,0,Negatif,1,Marah,Mentan:Blunder
gung indra,semua pd pinter ks solusi,-,0,Negatif,1,Marah,Mentan:Blunder
susaniwed25,UMR samain dong sama jepang 💀,-,0,Negatif,2,Marah,UMR:Beda
Velgrynd🇮🇩,"Mending kalo penghasilan masyarakat merata, banyangin yang gajinya sehari di bawah 100/hari",-,0,Negatif,2,Marah,Penghasilan masyarakat:Kecil
Usserr26578578,LAILLAHAILLAH,-,0,Negatif,2,Marah,Beras:Mahal
ʎxǝן,Ya jangan betul2 tolol Imran,-,0,Negatif,2,Sarkas,Mentan:Blunder
Mutiara Silsilan Latien,Dy lulusan apa ya ada yg bs jawab??,-,0,Negatif,1,Sarkas,Mentan:Blunder
IKA🔥,"kita mah indonesia pa bukan jepang, umr aja pas2an masa beras mau dinaikin!!! dah aing makan pupuk aja deh pusing makan nasi doang jga",-,0,Negatif,5,Marah,Mentan:BedaDenganJepang
apoet,😅😂😁 lucu,-,0,Netral,3,Sarkas,Komentar:lucu
saminenim,jepang ama indo beda oyyy,-,0,Negatif,2,Sarkas,Jepang:Beda
mishadi0,koplak,-,0,Negatif,1,Sarkas,Harga:Beras:Mahal
amelican0o0_,"gosah jepang jepang deh ah, gaji aja beda JAUHHHHHHHHH😌",-,0,Negatif,5,Sarkas,Jepang:Mahal
appdall,serius ni disamain sama jepang? kira2 dia sekolah ga si?,-,0,Negatif,1,Sarkas,Mentan:Blunder
Dua Kosong,setidaknya kalo mau bicara mau ngomong mau bac** itu pikir dulu lahh woyy...Dari dulu DPR tuh kocak lawak konyol,-,0,Negatif,1,Sarkas,DPR:Konyol
Daffa F,@Jerome Polin kasih tau jer,-,0,Netral,3,Netral,Komentar:Informasi
Wahyu hidayat,"tolol,,, mata uang nya aja udah beda,",-,0,Negatif,2,Sarkas,Aspek:MataUangTidakSetara
Sam,Jepang gajih paling kecil 17jt itu pun karyawan masih magang pak😭,-,0,Negatif,2,Sarkas,Jepang:Kecil
alamsyah,@DEGLEK TATTOO AMPARAN,-,0,Negatif,2,Marah,Mentan:Blunder
Plat A,"Jepang harga beras 100 ribu bagi dia tidak masalah karena gajih penghasilan perbulan nya juga besar lah negara kita gajih segitu belum akhir bulan juga udah abis walaupun di irit-irit juga, kocak lah pokoknya 😂😂😂",-,0,Positif,5,Senang,Gaji:Besar
Yohanes10,nguli di desa aja perempuan cuma 25 ribu pak mau beli beras harga 100 ribu per kg wallah negara repott ini,-,0,Negatif,2,Marah,Beras:Mahal
ZERO,kocak di samain sama Jepang,-,0,Negatif,1,Sarkas,Mentan:Blunder
Yulia Rahmaa W,orang goblk jadi dpr ya allh,-,0,Negatif,1,Sarkas,Mentan:Blunder
D Aul F Siregar,Hahahaha,-,0,Negatif,2,Sarkas,Beras:Mahal
safrezi_,peeaaakkkkkk disamain sma jepang negara maju,-,0,Negatif,1,Marah,Mentan:Blunder
Ayu S,Blooon,-,0,Negatif,1,Marah,Mentan:Blunder
AnaArlina78,ini editan,-,0,Negatif,1,Marah,Mentan:Blunder
Dunggg🫟,gaji 3 JT lebih dikit berperang dengan beras 1kg 100rb🗿,-,0,Negatif,5,Marah,Gaji:BedaDenganBeras
Rihat Hotman Galingging,Jgn samakan negara Jepang dgn kita broooo. Memang negara jepang semua makanan harganya mahal dari dulu.,-,0,Negatif,5,Marah,Jepang:Beda
CEPAY STORE06,"lu duduk,tidur dpt duit lah kita duduk,tidur cuma dpt hikmah",-,0,Positif,5,Senang,Lu:DudukTidurDptHikmah
barangmantanpribadi,gimana sih logikanyaa tu orang klo ngomong yaa,-,0,Negatif,1,Sarkas,Logika:Miskin
monol,mentri ini otak nya gimana ya,-,0,Negatif,2,Sarkas,Mentan:Blunder
Sultan,bodoh kali menteri pertanian sekarang🤣🤣🤣,-,0,Negatif,1,Sarkas,Mentan:Bodoh
CEPAY STORE06,"kalo rakyatnya gk miskin ya gapapa, termasuk gw miskin duit dari mana",-,0,Negatif,1,Sarkas,Rakyat:Kritik
storyCMP,Gajih Jepang kan beda sm Indo pak !!!,-,0,Negatif,2,Sarkas,Jepang:Beda
luv4geonwoo,rakyat salah mulu yee,-,0,Negatif,2,Marah,Mentan:Blunder
liantobowo,"jangan dibanding bandingkan dengan negara lain pak, liat dulu negara sendiri pak banyak angka pengganguran gara gara yg dibuat peraturan oleh pemerintah",-,0,Negatif,2,Marah,Beras:Mahal
Go Aho,peak Mentri Indonesia skrng 🥴🥴🥴,-,0,Negatif,5,Sarkas,Mentan:Blunder
Olshop_153,klw ngomong pada seenak udelnya😏,-,0,Negatif,1,Sarkas,Mentan:Blunder
FAE❤️,jangan di sama in sama negara lain,-,0,Negatif,5,Marah,Mentan:Blunder
americanolessicenosugar,Kosong banget otaknya🤣🤣🤣,-,0,Negatif,1,Sarkas,Otak:Mentega
FAE❤️,udah tau kan pak di Indonesia perekonomian nya gimana ? jangan di sama sama negara lain,-,0,Negatif,2,Sarkas,Mentan:Blunder
ggieee2_,OON BANGET ANJR DI SAMAIN AMA JEPANG 😭😭😭,-,0,Negatif,5,Marah,Mentan:BedaHarga
Wied Kissout,"Boss,jepang negara yg tdk memeras rakyatnya dgn pajak. Di indonesia kentut aja kena pajak 😅😅😅",-,0,Negatif,1,Marah,Pajak:Beda
cimaa,"harga beras naik, harga diri turun. keringet dibayar murah. samain harga keringet dulu sama jepang, baru dijabanin harga beras segitu",-,0,Negatif,2,Sarkas,Harga Beras:Mahal
404notfound™,Hehhhh samain fasilitas kita sama Jepang cobaaa,-,0,Negatif,2,Sarkas,Fasilitas:Beda
sampurna grosir,pak anda warga negara mana anda d bayar sapa pak.. kok banding2'in sama negara orang.. kinerja BPK DPR2 ajah kita gak pernah banding2'in..,-,0,Negatif,2,Marah,BPK DPR:Kinerja Buruk
(mas uji),memang jepang gaji saja tinggi,-,0,Positif,5,Senang,Gaji:DapatDiterima
puji_lembok110,wkwkwkwkw gaji UMR indonesia mau di samakan dengan ekonomi jepang yoooo mundur alon2 aku pak,-,0,Negatif,5,Sarkas,Gaji:Kecil
liz,"jepang mh umr nya gede coy puluhan jt, beli beras 500k 5kg jga ga terlalu mahal, lah disini umr nya beda🤣",-,0,Positif,4,Senang,Jepang:BedaUMR
fannydwisosiawaty,utk jd anggota DPR ada batas minimal pendidikan ga sik?,-,0,Negatif,2,Sarkas,UMR Indonesia:BedaDenganJepang
everydels,"Woy rakyat Indonesia gajinya dibawah umr rata2 lebih banyak orang miskinnya, Lu samain sama jepang yg negaranya kasih rakyatnya tunjangan ini itu",-,0,Negatif,1,Marah,Gaji:BedaDenganJepang
Azkiya Nia,Dongo gitu di jadiin Mentri😅,-,0,Negatif,2,Sarkas,Mentan:Blunder
MAS BREEE,makin kesini makin kacauuuuuuuuuuuu,-,0,Negatif,1,Sarkas,Mentan:Blunder
hidayat,"penghasilan masyarakat pedesaan di bawah seratus ribu pak, bapak mau rakyat kelaparan ya , dah dah turun jadi pejabat pegang pacul, kuli panggul coba rasakan pendapatan yang minim, bapak gajinya 3 juta per hari",-,0,Negatif,1,Marah,Mentan:Blunder
adipole,sadar lah pak msak d bandingkan Ama jepang dmna logika andaa,-,0,Negatif,5,Sarkas,Aspek:Logika
closed,jepang bukan indonesia..dg jaminan rakyat yg jelas.,-,0,Negatif,2,Marah,Jepang:Beda
FAMILY IRS,"lah umr disini beda Ama jepang bung,",-,0,Negatif,2,Sarkas,UMR:Mahal
ewel766hi,ya ampun pak bapak mempermalukan diri bapak sendiri,-,0,Negatif,5,Sarkas,Mentan:Mempermalukan Diri Sendiri
erick,"negara maju di jadiin perbandingan sama negara antah brantah, mikir pak",-,0,Negatif,5,Sarkas,Perbandingan:Blunder
icak² sibuk 😎,ya pak tp gaji di jepang besar pak,-,0,Positif,4,Senang,Gaji:Besar
ARIP. @Gmail.com,jgn banding2 kan dengan negara maju dari petani aja harga ngk sesuai dengan harga yang di kelola😆,-,0,Negatif,2,Sarkas,Beras:Mahal
𝒮𝓎𝒽𝓇𝓃𝒾𝒾🌸,Pendapatan jepang sama indo beda😭😭,-,0,Negatif,1,Marah,Beras:Mahal
Irwan,"100rb per kg mereka gaji nya itu lebih dari 20juta perbulan kita d Konoha tiap daerah beda paling d bawah 5 juta ada jg 2juta perbulan ,",-,0,Negatif,1,Sarkas,Gaji:Kecil
Raaaa🦋,"tp umr indo sehari jadi 3jt ya, gimana🥰",-,0,Negatif,2,Marah,Mentan:Blunder
senjamalam11,"SEKELAS MENTRI KAYAK GINI? DIBANDINGIN SAMA JEPANG, TLOL BANGET",-,0,Negatif,1,Sarkas,Mentan:Blunder
Tat4zen,ehh bapakk dijepang harga beras 100k juga gajinya udah 2 digit shiballl😭,-,0,Negatif,2,Sarkas,Gaji:Kecil
quiet,jepang ???,-,0,Negatif,1,Sarkas,Jepang:Sarkas
MyI,pertama menjabat kayak pinter2.. nasional. bela rakyat.. begitu setengah jalan... berbalik arah.. ada yg korupsi ada yg gini ini..,-,0,Negatif,1,Sarkas,Mentan:Blunder
^_💐🌹💐_^,heeeeh lawak lo 😂😂😂,-,0,Netral,5,Sarkas,Komentar:Lawak
Satamaurias,dia tau UMK Jepang ga sih astaga,-,0,Negatif,2,Marah,UMK Jepang:Beda
Masukan Nama Anda,100k perkilo redy sih,-,0,Positif,5,Senang,Beras:Murah
miqtadsahli,100rb per kilo gaji di sana 25jt per bulan blk,-,0,Negatif,1,Sarkas,Gaji:Kecil
𝘽𝙞𝙧𝙪𝘽𝙧𝙚𝙗𝙚𝙩,"gajina ge beda mang, taeken heula umr na saruakeun jeng jepang",-,0,Negatif,1,Sarkas,UMR Indonesia:Mahal
Aurora,😂😂😂,-,0,Negatif,2,Sarkas,Beras:Mahal
HaruoOtsuuka,ihh mentri2nya kenapa pada dongo semua si heran,-,0,Negatif,2,Sarkas,Mentan:Blunder
ber💸uang uang,di samain sama jepang pak? ga salah ini?😭,-,0,Negatif,2,Marah,Mentan:Blunder
KorbanLeleSelena,asal bunyi aja si doi,-,0,Negatif,5,Sarkas,Beras:Mahal
ndog godog,yakin bakal jujur?😂😂,-,0,Negatif,2,Sarkas,Mentan:Blunder
Im__savage25,Pakk jepangg gaji rakyatnyaa ituu berapaaaa bapakk,-,0,Negatif,1,Sarkas,Jepang:Kecil
Tyo ardianto,orang kaya gitu kog bs jd menteri,-,0,Negatif,2,Sarkas,Mentan:Blunder
할디,"Akibat mentri di isi orang partai, gak punya skill ngomong kayak bocil",-,0,Negatif,1,Sarkas,Mentri:Blunder
cimaa,"penyesuaian nya bukan antara jepang indonesia, tapi persentase pendapatan, sekarang gak makesense kalo umr di 3,6jt sebulan tapi pangan di angka segitu. kalo misal pendapatan sama misal diangka 20jt , gabakalan banyak ribut. sedangkan pendapatan di kita masih banyak yang bahkan sebulan dibawah 2jt 🙈",-,0,Negatif,2,Sarkas,Pendapatan:Beda
rinirinie97,malah di bandingkan sama beras di jepang 😌,-,0,Negatif,2,Sarkas,Beras:Mahal
riandanur_,BEDAAA BEDAAA ANJ,-,0,Negatif,1,Sarkas,Beras:Mahal
user7286709444463,kok smpean bicara nagara lain c pak bpak tggal di jepang apa di indonesia pak,-,0,Negatif,1,Sarkas,Mentan:Blunder
C A N C E R,"Indonesia kok di samain sama Jepang, ya beda jauhh boss",-,0,Negatif,2,Marah,Jepang:Beda
vette,Karepmuh,-,0,Negatif,1,Marah,Mentan:Blunder
tyarizty,heloo jepang ngara maju..sni bwat bli beli beras ja susah,-,0,Negatif,1,Marah,Jepang:Beda
ffffff,harga padi nya naikin dong pak🔥🔥🔥🔥,-,0,Positif,5,Senang,Beras:Murah
purwandashop,"jepang negara maju TDK bnyak angka pengangguran nya kerna dan bnyak lapangan pekerjaan,lah Indonesia angka pengangguran nya sangat2 tinggi,bapak mah enak di gaji sma negara lah kmi cari mkn sehari dmi shari,klau bras naik terasa sekali biar naik nya cman 5 -10 aturan bis untuk lauk",-,0,Negatif,2,Marah,Beras:Mahal
Selvi,jepang 100rb/kg ga masalah karna gaji di sana besar... Indonesia gaji se uprit mau di samain sama jepang??,-,0,Negatif,2,Sarkas,Gaji:Kecil
Indra,JANGAN SAMAKAN KONOHA SAMA NEGARA PENCIPTA KONOHA PAK,-,0,Negatif,5,Sarkas,Mentan:Blunder
Kehidupan Jalanan,100rb perkilo itu beras yg mana? D warung madura aj ada 3 macem berasnya beda gopek tiap beras.,-,0,Positif,5,Senang,Beras:DapatDipahami
🎧ANSAR🔈🔉🔊,"biar mau naik gimana....gaji di Indonesia 1,5 jt😂",-,0,Negatif,2,Sarkas,Gaji:BiarKecil
rayya19906,Anggota dpr ngapa klo ngomong pada ngaur si🤣,-,0,Negatif,2,Sarkas,Mentan:Blunder
Tajir Melintir,yg paling keren padi di beli oleh pemerintah dengan hrga mahal di jual beras nya dengan hrga murahh,-,0,Negatif,2,Sarkas,Pemerintah:Blunder
Dos Gandos,Langsung di skak sama ibu negara 😫🙏,-,0,Negatif,2,Marah,Beras:Mahal
✍️,Kita naikkan ke 200rb saja jagan mau kalah🙏🏻,-,0,Negatif,1,Marah,Mentan:Blunder
pupunx✌️,ini nih hrusnya pas ngejabat hrus ada tes psikotest dlu .🤣,-,0,Negatif,5,Sarkas,Mentan:Blunder
dimsummayo,YA DARI SEGI GAJI AJA BEDA JAUH MAKE DISAMAIN,-,0,Negatif,2,Sarkas,Gaji:Kecil
@pejuang rupiah,macem suara org lagi BAB ya😅,-,0,Negatif,1,Sarkas,Suara org:Blunder
kulat sawit,"inilah alasan kuliah jurusan pertanian, mau jadi menteri",-,0,Negatif,2,Sarkas,Mentan:Blunder
_F4N'sihutt023,"masih untung harga beras perkilo 12 ribu coba kalo bener 100 ribu , pikirin juga lah nasib petani",-,0,Positif,4,Senang,Beras:Wajar
plvi,"owalah pak pak,ibarat membandingkan org yg naik supra geter sama supra mk5🗿",-,0,Negatif,1,Sarkas,Mentan:Blunder
PJ.U,INDONESIA NEGARA KAYA.. TAPI RAKYAT MISKIN. PEMERINTAHANYA BUTA,-,0,Negatif,5,Marah,Pemerintahan:Blunder
papicul🔥,100rb perkilo???perasaan ga sih,-,0,Negatif,1,Marah,Beras:Mahal
embu ida,samain dengan jepang gajih buruh di indonesia pak,-,0,Negatif,2,Marah,Mentan:Blunder
NELNOV,Kalo boleh gw pengen jdi warga jepang aja,-,0,Negatif,5,Sarkas,Mentan:Blunder
galonnico,"naikin gaji rakyat 100jt perhari,200k/kilo pun gua beli",-,0,Positif,5,Senang,Beras:Murah
acew,"g se suai di bandingkan dgn jepat, jepang pejabatnya g ada yg maling.",-,0,Negatif,1,Sarkas,Pejabat:Blunder
echaechot✨| spill promoan,Yuk bisa UMR yang di naikin jadi 24juta 😁😁😁,-,0,Negatif,5,Marah,UMR:Besar
vdl469,disamaiin samaaa jepanggg??????,-,0,Negatif,1,Sarkas,Jepang:Blunder
status hamba,🥰,-,0,Negatif,1,Marah,Beras:Mahal
<?,langsung di sekak😅,-,0,Negatif,1,Marah,Mentan:Blunder
Tia,beras di jepang naik juga gajihnya juga gede kali yah😅 lah Indonesia gmana?,-,0,Negatif,1,Marah,Beras:Mahal
PUTRA GARUT.77🇮🇩,tidak pph mahal juga yg penting seluruh rakyat Indonesia kaya semua bisa kebeli,-,0,Positif,5,Senang,UMR Indonesia:Dukung
Pijall,"Enteng bgt tu mulut ngomong nya, boleh di bungkam aja g sih",-,0,Negatif,1,Sarkas,Mentan:Blunder
borunasution793,"jepang kan gajina gede beda sama indonesia,,,,gini amat pemerintah kita",-,0,Negatif,1,Marah,Pemerintah kita:Blunder
Adi yati tm,ngk pp 100 rb asal kan petani sejahtera jgn yg sejahtera pejabat ny,-,0,Negatif,1,Marah,Mentan:Blunder
🧚✨,we tolong gaji 3 juta sebulan g bisa di bandingkan dong bapak dgn gaji di jepang yang 2 digitt🙏🥺,-,0,Negatif,2,Sarkas,Gaji:Kecil
rnar,"ari ngomong teh tara make bismillah si bapa mah , ISTIGFAR AH",-,0,Negatif,5,Sarkas,Mentan:Blunder
Irmanz Gezodt,pikirin dlu lah petani nya sama gajih UMR nya brpa,-,0,Negatif,2,Marah,UMR:Beda
Din din,ngomongin jepang gajinya beda blok,-,0,Negatif,2,Sarkas,Gaji:Kecil
Lumina,WOII JEPANG NEGARA MAJU OII,-,0,Negatif,2,Sarkas,Jepang:Komentar
M.zaqy,😂,-,0,Negatif,2,Sarkas,Beras:Mahal
hamzah,"😂😂😂😂 stand up komedi ,",-,0,Negatif,1,Sarkas,Mentan:Blunder
akunustrike_2,Gajinya di smaain dlu pak,-,0,Negatif,2,Sarkas,Gajinya:Kecil
gadisklaten13,Perbandingan Jepang Indonesia jelas jauh pak🙏😭,-,0,Negatif,2,Sarkas,Perbandingan Jepang Indonesia:Mahal
bangbunglon,Amran amran,-,0,Negatif,1,Marah,Mentan:Blunder
Yteam pasif,UMR NYA JUGA BEDA DONGO,-,0,Negatif,1,Sarkas,UMR:Mengeluh
Goldberg🐈🐱,"menteri jepang lebih pinter dan bijak, kok anda tidak pak? 🤣",-,0,Negatif,2,Sarkas,Mentan:Blunder
Cahaya Tambunan,"Yd lah pak ,bapak jadi rakyat biasa lah seperti kami ini ,agar bapak paham carik uang macam mana susah nya",-,0,Positif,5,Senang,Bapak:Empati
Entin,beda gajihnya juga jepang sama indonesia dan jangan bandingkan😇,-,0,Negatif,2,Sarkas,Bandingkan:Mentan
NoSurend007,"jepang umrnya berapa bos,mikirr",-,0,Negatif,1,Sarkas,Jepang:Kecil
VIKHASHU,kumsi ah lieur lain mikir kmh cara na semua stabil kalah hayang ah sudah lah,-,0,Negatif,1,Sarkas,Mentan:Blunder
❤️Anay❤️,maksutnya baik belain petani tapi salahnya bandingin sama jepang 😭.,-,0,Negatif,2,Sarkas,Bandingin:Malah
khaharudins,🤣🤣🤣 kaya gini dari partai mana sih,-,0,Negatif,2,Sarkas,Mentan:Sarkas
10%,"Ya elah orang minta tunjangan beras juga naik , begini kah wakil rakyat , coba rakyat yang dikasih tunjangan beras 12jt 😂🤭",-,0,Negatif,5,Sarkas,Mentan:Blunder
𝐚𝐦𝐥𝐨𝐝𝐢𝐩𝐢𝐧𝐞•,pak nyamainnya sama jepang. jauh laah.,-,0,Negatif,2,Marah,Jepang:Beda
I MADE,elu jadi warga Jepang aja bos,-,0,Negatif,2,Sarkas,Mentan:Blunder
yusuf...,yg gajinya kyk jepang cm pejabat..anggota DPR...nah klw kita beli beras shrga jepang...🤭🤭🤭gaji sebuln cm dpt beras brpa kilo 😂,-,0,Negatif,5,Sarkas,Gaji:Kecil;Beras:Mahal
Eka Agustina🥝,miris,-,0,Negatif,2,Sarkas,Beras:Mahal
NISFATIN FADILAH,"Jepang pemerintahan e jos , lah konoha",-,0,Negatif,1,Sarkas,Pemerintahan Jepang:Blunder
fada,Umrnya sama kayak Jepang ga?,-,0,Negatif,1,Marah,UMR:Mahal
DaмDaм,ini terdengar sampai org luar sih malu bgt asli,-,0,Negatif,2,Sarkas,Mentan:Blunder
Renata,nge lag doi😌😌😌,-,0,Negatif,2,Sarkas,Beras:Mahal
Xy.zo,"Kalo ngomong dipikir dulu pak, jangan ngomong baru mikir",-,0,Negatif,2,Sarkas,Pikir:Dulu
udahgamaukepolagi.com,bandinginnya Jepang.. asli 908lokkkk😡,-,0,Negatif,1,Marah,Bandingan:Mahal
sekar arum,gaji DPR umr ajah ga sih?,-,0,Negatif,2,Sarkas,Gaji:DapatDibandingkan
vall,sekolah ga sih ni orangg??,-,0,Negatif,2,Sarkas,Mentan:Blunder
@Asdi_Kuswadi,"PBB rata2 di setiap kabupaten Naik dan petani harus bayar Lebih, Trus mau harga beras Murah? petani juga perlu di sejahterakan singkatan petani itu PENYANGGA TATANAN NEGARA!!! klo petani serentak mogok trus tahan hasil panen gimana?",-,0,Negatif,5,Marah,PBB:Bebas
Yoesep Taqiyudin,"inilah bukti mereka berpikir rakyat adalah beban, padahal rakyat harusnya dibantu",-,0,Negatif,5,Marah,Rakyat:Beban
ef,HAHAHAHAAHAHA,-,0,Negatif,1,Sarkas,Beras:Mahal
Hystore2,gaji jepang brapa boss,-,0,Negatif,5,Sarkas,Gaji:Kecil
Iyaq Cbs,Dongo dipelihara nih Menteri. 😭,-,0,Negatif,2,Sarkas,Mentan:Blunder
muhamadtaufik9483,"perbandingan sama jepang,gaji di jepang berapa wooou🤣🤣🤣🤣 makan nngaco emng pemerintah",-,0,Negatif,5,Sarkas,Gaji:Kecil
ʀᴏᴄᴋᴍᴇɴs ᴍᴇɴs,jepang negara maju indonesia?,-,0,Negatif,5,Sarkas,Jepang:Berbeda
dinanti🦖,anyieng,-,0,Negatif,2,Marah,Harga:Beras:Mahal
𝒩𝑜𝓋𝓈𝒻𝓇𝓉𝒾۫ ۫ ꣑ৎ,Bapakkkkkk bapakkkk lieurrr ainggg,-,0,Negatif,1,Sarkas,Bapakkkkkk:Blunder
biu,😳😳😳😳,-,0,Negatif,1,Marah,Beras:Mahal
Always Healty My Brothers 🛍🛒,eh sigob,-,0,Negatif,2,Sarkas,Beras:Mahal
Alvin To Ropz,uda pada error semua,-,0,Negatif,1,Marah,Mentan:Blunder
Ajicahknan,dungu Mala di bandingin sebelum di koreksi terlebih dahalu,-,0,Negatif,2,Sarkas,Mentan:Blunder
Novall🥀,bro berpikir gaji di indo kaya jepang,-,0,Negatif,2,Sarkas,Gaji:Kecil
NF🗽⃢⃢🗿,seharus nya yg kita jaga gaji dpr tetap stabil klo bisa naik 4 jt perhari biar rakyat bahagia🔥🔥,-,0,Negatif,1,Marah,Gaji:Kecil
Wawan Irawan,wess angell,-,0,Negatif,2,Sarkas,Beras:Mahal
Alvin To Ropz,waduh...emosi gua nonton yg begini,-,0,Negatif,2,Sarkas,Beras:Mahal
seno seno,"guoblok GK ketulungan, jepang pemerintah nya peduli sama rakyatnya. di negri Konoha malah pemerintah mencekik rakyat dlm berbagai macam cara",-,0,Negatif,1,Marah,Pemerintah Jepang:DapatDiHormat
𝘿𝙀𝙒𝙄~𝙉𝘼𝙀𝙀𝙈𝘼 ❤,belegug deui wae.... 😅,-,0,Negatif,2,Sarkas,Beras:Mahal
HOLSO,allang maa T,-,0,Negatif,2,Sarkas,Mentan:Blunder
Dara Ayu,yaudah dpt turunin gaji boleh ga,-,0,Negatif,1,Marah,Gaji:Kecil
jorjoran bae🛵,"jepang mh makmur gajinya gede , indonesia apa",-,0,Negatif,2,Marah,Jepang:Beda
ultrshl. _,gaji rata rata di Jepang sama indo beda lol,-,0,Negatif,2,Sarkas,Gaji:Beda
Tommymahes,Goblok bangett samain dg Jepang Negara maju,-,0,Negatif,1,Marah,Mentan:Blunder
Raffy Anggara,ya allah di samaain ajaa negara jepan dgn indonesia😂😭,-,0,Negatif,5,Sarkas,Jepang:BedaDenganIndonesia
put190912,bandingin kok sama jepang😏,-,0,Negatif,2,Sarkas,Bandingan:Mengkhawatirkan
Cewek Libra japan🍁,Goblok jepang mah gaji nya 15 jta perbulan,-,0,Negatif,5,Sarkas,Gaji:Kecil
smrvltoggueuor8rei,kuman monyet.pajaknya aja tepat guna anying kami bayar pajak cuma beliin istri pemerintah tas hermes ratusan jta on ol😭,-,0,Negatif,1,Sarkas,Pajak:Beda
Amira,"jepang gaji y gede,lagian jepang makann Poko y bukan beras kali pa",-,0,Negatif,5,Sarkas,Jepang:BedaGaji
ansfbr__,"naikin umr 30 jt pak wkwkwkw, lawak lah bapak ini",-,0,Negatif,5,Sarkas,Mentan:Blunder
Aku,selalu membandingkan dengan negara lain buset dah pejabat kita,-,0,Negatif,1,Sarkas,Pegawai:PembandinganTidakWajar
ang_,ngomong apaan Anjj,-,0,Negatif,1,Sarkas,Mentan:Blunder
inisialr,YANG PEMIKIRANNYA BEGINI KO BISA JADI MENTAN YAA,-,0,Negatif,2,Sarkas,Pemikirannya:Blunder
wingga,jepang biar harga beras 250ribu lagi masyarakat bisa beli. bagaimana gaij di sana saja hitungan jam. 1 jam saja bisa 100ribu trus kalau 8 jam dapat 800ribu hitung saka kalau satu bulan,-,0,Positif,5,Senang,Jepang:BisaDibeli
yudhi septian pratama,😂😂😂😂😂,-,0,Negatif,1,Sarkas,Mentan:Blunder
"""D_R""",coba dong bandinging kinerja pemerintah Jepang ama pemerintah Indonesia kek mana. giliran harga naik dibandingin ama negara maju,-,0,Negatif,2,Sarkas,Pemerintahan:Blunder
26 febuari 2024🥳,kadang² ente pak.. kalo 100 perkilo siapa yg mau beli pak. kita nguli aja sehari cuma dapat 50,-,0,Negatif,1,Marah,Beras:Mahal
☂︎Onmyodo,"Pak, di Jepang gajinya berapa?? di Indonesia UMP brapa? bahkan banyak loh tempat krja yg gajinya blum UMP,, trus mau disamain dengan JEPANG???",-,0,Negatif,5,Marah,Jepang:BedaGaji
rhizaokzliaa,"nth siapa yang salah bingunggg, mau di bandingkan ke Jepang hahhaa.. udah tau UMR Jepang gede lol",-,0,Positif,5,Senang,Jepang:Keren
Jojo Aja,betul jepang 100rb pak liat jga UMR nya pak trus pajak nya disana rendah jga pak klw mw disamakan sama jepang makmurkan jga rakyat indonesia pak,-,0,Negatif,2,Marah,Mentan:BedaHarga
capitano,"bro membandingkan nya dengan negara maju, mentang² di juluki negara Konoha 🗿",-,0,Negatif,2,Sarkas,Mentan:Blunder
aquarius girl,Amran jebolan mana ya kuliahnya,-,0,Negatif,5,Sarkas,Kuliah:Mengganggu
andika,makin kesini makin lari²,-,0,Negatif,1,Marah,Mentan:Blunder
ahmad ahpai,aku nk ckp menteri konoha ni goblok kng..korng marah..tpi bndingkn lh gaji jepang dengan negara kau..macam langit dengan bumi..negara kau masih negara miskin..tpi kau punya pajak..kalah malaysia..cmni punya negara pon ada🤣xkn gak ada sorang wakil rakyat mu yg pedulikn rakyat..kesian lohhh..yg mereka tau gaji mereka naik 3 juta per hari,-,0,Negatif,1,Marah,Mentan:Blunder
JumJum,PAAK JEPANG NEGARA MAJU.. KITA NEGARA BER KEMBANG 😂,-,0,Positif,5,Senang,Jepang:Keren
massOIT!,Dableggg bangettt,-,0,Negatif,1,Sarkas,Beras:Mahal
WPC_636,"dngn sadar nya ni manusia bandingin sama jepang , rakyat jepang bayar pajak dan uang pajak balik lagi ke rakyat contoh nya seperti jalanan yang sudah hancur dll .. coba kalo kita bandingin juga pemerintahan jepang sama indo ,, pajak rakyat lngsng kantongi masing2 ,jalanan hancur cuek nunggu viral baru keliatan kerja",-,0,Negatif,1,Marah,Pemerintahan:Kantongi
garrr,"giliran kek gini banding""in sama negara lain, giliran rakyat minta hak dan fasilitas kayak negara lain, gaterima. apasih mau kamu orang ini?",-,0,Negatif,2,Sarkas,Mentan:Blunder
Ana Liyanasari,jepang gaji nya jauh dr kita y jelas kita ribut lah coba gaji kita kya di jepang pasti kita diem2 ae,-,0,Negatif,2,Marah,Gaji:Kecil
chairul umam,merrka itu melihat kebawah gak sih saat mulai membuat pernyataan??? ini perwakilan rakyat atau musuh rakyat??,-,0,Negatif,1,Marah,Mentan:Blunder
Aries🪐,DAPET UMR AJA SUSAH ANJ,-,0,Negatif,2,Marah,UMR:Beda
xyiconicZ,jepang gaji UMR nya gada yang 2-5 juta. UMR jepang lebih dari 10juta PAK pak wajar aja beras 100k. lu sama sama in Indonesia ama jepang? think bro,-,0,Negatif,5,Marah,Beras:Mahal
Walikota,"Kira nya umr jepang 2,8jt",-,0,Negatif,1,Marah,UMR Jepang:BedaDenganIndonesia
Ms. J,PAK KALO GAJI 15JT-20JT BERAS HARGA 100 YA RAPOPO... INI GAJI 3 JT YO MAHAL LAH KLO 100😄BAPAK SUKA BERCANDA😭,-,0,Negatif,1,Sarkas,Beras:Mahal
ѕнυσ 🇯🇵,arah nya bener karena kesejahteraan petani harus di jaga.. karena harga obat2an gak main2 harga nya.. tapi harga gabah nya jauh dari harapan... kenapa kalian tau nya harga beras malah dikit koar2..,-,0,Negatif,2,Sarkas,Harga:BerasMahal
halidmattiro,"apa bedanya mata uang jepang dan mata uang Indonesia?.... bedanya: kalo mata uangnya jepang,matanya kecil nominalnya besar NAH: kalo mata uang Indonesia,gelap matanya.nominalnya kecil 😏😏😏😏",-,0,Positif,5,Senang,Mata Uang Jepang:Kecil
Ujaaaa,kata kasar apa lgi yg cocok buat ni orang?????????????,-,0,Negatif,1,Marah,Mentan:Blunder
malinda3001,iya lah ribuutt indonesia banyak korupsi masa mau di bandingkan jepang kala jauuuu,-,0,Negatif,5,Marah,Mentan:Blunder
MR OGUT,rupiah lemah 😅,-,0,Negatif,2,Sarkas,Rupiah:Lemah
Jhon dp10,ha ha...,-,0,Negatif,2,Sarkas,Beras:Mahal
Franky kyky,Jepang 100 ribu per kg. Indonesia cari srtos ribu uda ngos ngos san pak,-,0,Negatif,1,Sarkas,Jepang:BedaHarga
أحمد زاكي فوز,komedi lawak indonesia,-,0,Negatif,1,Marah,Mentan:Blunder
Erwina Safitri,dipadakne jepang 😫😭 kosong tenan iki isine kelapaaaaa ne 😭😭😭😭😭,-,0,Negatif,1,Sarkas,Jepang:BedaDenganUMRIndonesia
nwt,hasil ijazah beliiiii,-,0,Negatif,2,Sarkas,Beras:Mahal
Hinataaa,Klo umr jpg 30 jt beras 1kg 100rb Indo umr 3 jt hrs nya beras nya cuma 1 rb dong pak,-,0,Negatif,1,Marah,"UMR:Kecil, Beras:Mahal"
nurmalia chountesa,"serah lah mau ngomong apa suka"" lu aja",-,0,Negatif,2,Sarkas,Mentan:Blunder
Joe,aduh marah banget,-,0,Negatif,1,Marah,Mentan:Blunder
Maya Calita,jepang negara sejahtera.. negara kita sejahtera hanya dprnya saja🤔😏,-,0,Negatif,5,Sarkas,Mentan:Blunder
niaaa ✨️,"mestiiii dibandingne sama yg gak sebanding, trus kalo diganti perbandingannya gaji dpr sama rakyat umr katanya gaji rakyat jelata jgn dibandingkan dg dpr piye to piyeeeeeeeeeeeee",-,0,Negatif,1,Sarkas,Perbandingan:Blunder
ﾚﾉ丂ｲﾉ🅰️刀,udahlah jangan Gerindra lagi besok🙂,-,0,Negatif,5,Sarkas,Mentan:Blunder
jarr02,bapa2 dungu gak ngotak gaji di indo dan Jepang itu beda jauh tolol,-,0,Negatif,5,Marah,Bapa2:Dungu
R,patokanya jepang pantes tunjangan beas 12 jt🤣,-,0,Positif,5,Senang,Patokan:Beras
npKSjin,yaallah dosa ga sih ngatain DPR😭gatel banget ini tangan pengen gua katain tapi takut dosa,-,0,Negatif,1,Marah,Mentan:Blunder
Azzamir shop corner,Bego banget asli anggota DPR . Gada otakkkkk,-,0,Negatif,1,Sarkas,Mentan:Blunder
wandi,dungu......!?,-,0,Negatif,1,Sarkas,Mentan:Blunder
Sevty Amanda,Jepang sama indo gaji masyarakat nya beda bapak yg terhormattttt,-,0,Negatif,5,Sarkas,Jepang:Kecil
city girl,"hh Ari nukitu na d saruakn jeng jepang,Ari pagawean pejabatna, peraturan pemimpinna,teu d saruakn gobogg pisan",-,0,Negatif,1,Sarkas,Mentan:Blunder
jojeee,anjir umr jepang beda ma indo lol,-,0,Negatif,2,Sarkas,UMR Jepang:BedaMaIndo
♑️cafemalt🥤,"Pak pak, sekolahnya dimana dulu ya allah",-,0,Negatif,2,Sarkas,Mentan:Blunder
Eka Nurhasanah,wkwk.. gaji lu kegedean maka nya bilang begitu @DPR RI,-,0,Negatif,2,Sarkas,Gaji:Beda
Luthfi Ngubaidillah,"ya udah pak yang nempur beras rakyat pejabat pemerintahan. pak , dia gaji tinggi dia yang mampu beli beras dengan harga tinggi , masyarakatasih mikir besok makan apa",-,0,Negatif,2,Marah,Pak Mentan:Blunder
Lediss,puasa aja puasa,-,0,Negatif,2,Marah,Beras:Mahal
Tina,anjimmm emang lu kira org krja ni gampang dpt duitnya,-,0,Negatif,5,Sarkas,Mentan:Blunder
desta.,disamain sama jepang. 🤣 emang negara Indonesia brp gazi UMR nya,-,0,Negatif,5,Marah,Mentan:Blunder
user325055324839,gimana nih pak Wowo ko para Mentri PD pinter tapi oon,-,0,Negatif,2,Sarkas,Mentan:Blunder
julianBudiarti🧚‍♀️,kmren kos2an 3 JT x 30 hr😂 sekarang bandingin harga beras indo jepang masyaallah tabarakallah 🥰,-,0,Positif,5,Senang,Beras:Murah
Aji,makin jadi cair 😏,-,0,Negatif,2,Sarkas,Beras:MakinMahal
Jack,Memang Botol,-,0,Negatif,1,Marah,Mentan:Blunder
Capricorn ♑,Bandingin harga beras sama jepang giliran UMR yg dibandingin bilangnya gk apple to apple,-,0,Negatif,5,Sarkas,Bandingin:HanyaAppleToApple
Dilah Mufadilah.,UMR samakan dgn jepang,-,0,Negatif,1,Marah,UMR:BedaDenganJepang
heyhooya,@gerindra mentri nya error ni pak,-,0,Negatif,2,Sarkas,Mentri:Error
",_",bapa we nu pindah ka jepang sok :((,-,0,Negatif,2,Sarkas,Mentan:BedaHarga
Joko prayitno,dukung p Arman demi kesejahteraan petani seperti kita2 ini,-,0,Positif,5,Senang,P Mentan:Dukungan
KangguruHijau14,D O N G OOOO 🔥🔥🔥,-,0,Negatif,1,Sarkas,Mentan:Blunder
~Bg^Barat~,Si anjj membandingkan jepang sama Indonesia 😂😂,-,0,Negatif,2,Sarkas,Mentan:MembandingkanJepangDenganIndonesia
sitijulaeha0578,pak Jepang UMRnya guedeeeee....,-,0,Negatif,1,Sarkas,UMR:Beda
Rezki A. Simamora,"ment*ri tolo*, DPR tol*l, muak sama negara ini",-,0,Negatif,1,Marah,Mentan:Blunder
heyhooya,"Dari gaji umr aja udah beda jauh ama jepang jir, bisa2nya dia ngebandingin dgn jepang🤣",-,0,Negatif,2,Sarkas,Gaji:BedaJauh
Rfpoh17,pindah aja pak ke jepang,-,0,Negatif,2,Sarkas,Mentan:Blunder
tyg_alit,dia banting i dgn gaji nya,-,0,Negatif,2,Sarkas,Gaji:Banting
arrox,masyarakat tidak akan nolak untuk menaikkan harga beras asalakan pemerintahan bisa menjamin perekonomian masyarakat terjaga rakyat rakyat miskin selalu di perhatikan oleh pemerintah,-,0,Positif,4,Senang,Pemerintahan:Dukungan
zeizo,"@kokozio kumaha saria w dpr ah lieur aing mah ,mun rakyat sarua dibere tunjangan beras 12 jt per kk tiap bulan mah ken bae nya nyi 😂",-,0,Positif,5,Senang,Beras:Murah
Y U D I,ini yg dinamakan sesat logika klo kata salah satu anggota dewan kita yang terhormat 😂😅🔥,-,0,Negatif,5,Sarkas,Mentan:Sesat Logika
henaytwins,gak mikir skarang pemerintahan Indonesia rasanya kita sebagai rakyat semakin d tindas,-,0,Negatif,1,Marah,Pemerintahan Indonesia:Blunder
marsmellow,Nanti minta maap trs ralat lagi ucapan nya begitu aja terus cape anj,-,0,Negatif,1,Sarkas,Mentan:Blunder
zahraMom,"Amran ijazahnya paud,masa Indonesia di bandingkan jepang yg notabene negara maju gaji gede",-,0,Negatif,1,Sarkas,Ijazah:Miskin
ParDalaN,Dull...jepang gaji buruh 700 m sebulan,-,0,Negatif,2,Sarkas,Gaji:Buruk
baja hitam,"biaya hidup sama pajak aja disamain negara maju, pas giliran minta UMR disamaim pura2 budeg",-,0,Negatif,2,Sarkas,UMR:Malah
incess1902,otaknya d dengkul nih orang,-,0,Negatif,5,Sarkas,Otaknya:DengkulNihOrang:Mentan:Blunder
kaysha,Jepang gajinya brapa pak bos beda jauh lah,-,0,Negatif,1,Sarkas,Gaji:Kecil
Main.id,😏😏😏,-,0,Negatif,2,Sarkas,Beras:Mahal
Ashifazahra Store,ku kira amran orang pinter eh ternyata sama aja,-,0,Negatif,2,Sarkas,Mentan:Blunder
Gian Khun,"coba dia jadi buruh pabrik yg umr nya di bawah 3jt ,coba dia jadi buruh pabrik yg kerja nya 12 jam di kasi upah per hari 80 ribu",-,0,Negatif,1,Marah,Mentan:Blunder
Evianii🐻,Pak jepang sesuai pendapatan mereka sama pengeluaran mereka..jngn kau samakan dgn indonesia pendapatan seitil pengeluaran sebumii,-,0,Negatif,2,Sarkas,Jepang:NotComparable
Papa_Hasna,pola pikir mentri kok begini ya? miriiiss banget bjirrr.... 😏,-,0,Negatif,1,Sarkas,Mentri:Bodoh
